/*
Navicat Oracle Data Transfer
Oracle Client Version : 10.2.0.5.0

Source Server         : 192.168.8.99_GAEA
Source Server Version : 110200
Source Host           : 192.168.8.99:1521
Source Schema         : GAEA

Target Server Type    : ORACLE
Target Server Version : 110200
File Encoding         : 65001

Date: 2017-06-14 11:29:14
*/


-- ----------------------------
-- Table structure for BATCH_DATA_SYNC_DEF
-- ----------------------------
DROP TABLE "GAEA"."BATCH_DATA_SYNC_DEF";
CREATE TABLE "GAEA"."BATCH_DATA_SYNC_DEF" (
"SYNC_ID" VARCHAR2(30 CHAR) NOT NULL ,
"SYNC_FLAG" VARCHAR2(50 CHAR) NULL ,
"SHARD_MANAGE_ID" VARCHAR2(30 CHAR) NULL ,
"TABLE_NAME" VARCHAR2(1000 CHAR) NULL ,
"WHERE_SQL" VARCHAR2(100 CHAR) NULL ,
"SELECT_NAMESPACE" VARCHAR2(50 CHAR) NULL ,
"SELECT_SQL_ID" VARCHAR2(100 CHAR) NULL ,
"FILE_PATH" VARCHAR2(100 CHAR) NULL ,
"FILE_NAME" VARCHAR2(100 CHAR) NULL ,
"FILE_WRITE_TYPE" VARCHAR2(100 CHAR) NULL ,
"FILE_FORMAT" VARCHAR2(50 CHAR) NULL ,
"INSERT_SHARD_MANAGE_ID" VARCHAR2(30 CHAR) NULL ,
"TARGET_TABLE_NAME" VARCHAR2(30 CHAR) NULL ,
"MATCH_FLAG" VARCHAR2(50 CHAR) NULL ,
"INSERT_NAMESPACE" VARCHAR2(100 CHAR) NULL ,
"INSERT_SQL_ID" VARCHAR2(50 CHAR) NULL ,
"KEY_FIELD" VARCHAR2(30 CHAR) NULL 
)
LOGGING
NOCOMPRESS
NOCACHE

;

-- ----------------------------
-- Records of BATCH_DATA_SYNC_DEF
-- ----------------------------

-- ----------------------------
-- Table structure for BATCH_DEF
-- ----------------------------
DROP TABLE "GAEA"."BATCH_DEF";
CREATE TABLE "GAEA"."BATCH_DEF" (
"BATCH_CLASS" VARCHAR2(4 CHAR) NOT NULL ,
"EOD_SOD" VARCHAR2(3 CHAR) NULL ,
"BATCH_DESC" VARCHAR2(100 CHAR) NULL 
)
LOGGING
NOCOMPRESS
NOCACHE

;

-- ----------------------------
-- Records of BATCH_DEF
-- ----------------------------
INSERT INTO "GAEA"."BATCH_DEF" VALUES ('MAIN', 'EOD', '主批处理');
INSERT INTO "GAEA"."BATCH_DEF" VALUES ('COMM', 'COM', '公共的');

-- ----------------------------
-- Table structure for BATCH_JOB_DEPENDENCY
-- ----------------------------
DROP TABLE "GAEA"."BATCH_JOB_DEPENDENCY";
CREATE TABLE "GAEA"."BATCH_JOB_DEPENDENCY" (
"DESCENDENT" VARCHAR2(30 CHAR) NOT NULL ,
"PREDECESSOR" VARCHAR2(30 CHAR) NOT NULL ,
"DEPENDENCY_TYPE" VARCHAR2(1 CHAR) DEFAULT 'S'  NOT NULL ,
"STATUS" VARCHAR2(1 CHAR) DEFAULT 'Y'  NOT NULL 
)
LOGGING
NOCOMPRESS
NOCACHE

;

-- ----------------------------
-- Records of BATCH_JOB_DEPENDENCY
-- ----------------------------
INSERT INTO "GAEA"."BATCH_JOB_DEPENDENCY" VALUES ('GAJOB3', 'GAJOB1', 'P', 'Y');
INSERT INTO "GAEA"."BATCH_JOB_DEPENDENCY" VALUES ('GAJOB3', 'GAJOB2', 'P', 'Y');
INSERT INTO "GAEA"."BATCH_JOB_DEPENDENCY" VALUES ('GAJOB5', 'GAJOB4', 'P', 'Y');
INSERT INTO "GAEA"."BATCH_JOB_DEPENDENCY" VALUES ('GAJOB4', 'GAJOB3', 'P', 'Y');

-- ----------------------------
-- Table structure for BATCH_JOB_LINE_TYPE
-- ----------------------------
DROP TABLE "GAEA"."BATCH_JOB_LINE_TYPE";
CREATE TABLE "GAEA"."BATCH_JOB_LINE_TYPE" (
"DESCENDENT" VARCHAR2(30 CHAR) NOT NULL ,
"PREDECESSOR" VARCHAR2(30 CHAR) NOT NULL ,
"LINE_TYPE" VARCHAR2(10 CHAR) DEFAULT 'sl'  NOT NULL ,
"M_VALUE" NUMBER NULL 
)
LOGGING
NOCOMPRESS
NOCACHE

;

-- ----------------------------
-- Records of BATCH_JOB_LINE_TYPE
-- ----------------------------
INSERT INTO "GAEA"."BATCH_JOB_LINE_TYPE" VALUES ('GAJOB3', 'GAJOB1', 'sl', null);
INSERT INTO "GAEA"."BATCH_JOB_LINE_TYPE" VALUES ('GAJOB3', 'GAJOB2', 'sl', null);
INSERT INTO "GAEA"."BATCH_JOB_LINE_TYPE" VALUES ('GAJOB5', 'GAJOB4', 'sl', null);
INSERT INTO "GAEA"."BATCH_JOB_LINE_TYPE" VALUES ('GAJOB4', 'GAJOB3', 'sl', null);

-- ----------------------------
-- Table structure for BATCH_JOB_POS
-- ----------------------------
DROP TABLE "GAEA"."BATCH_JOB_POS";
CREATE TABLE "GAEA"."BATCH_JOB_POS" (
"JOB_ID" VARCHAR2(30 CHAR) NOT NULL ,
"TOP_POS" NUMBER NOT NULL ,
"LEFT_POS" NUMBER NOT NULL ,
"WIDTH" NUMBER NOT NULL ,
"HEIGHT" NUMBER NOT NULL 
)
LOGGING
NOCOMPRESS
NOCACHE

;

-- ----------------------------
-- Records of BATCH_JOB_POS
-- ----------------------------
INSERT INTO "GAEA"."BATCH_JOB_POS" VALUES ('GAJOB1', '61', '311', '98', '24');
INSERT INTO "GAEA"."BATCH_JOB_POS" VALUES ('GAJOB2', '62', '429', '98', '24');
INSERT INTO "GAEA"."BATCH_JOB_POS" VALUES ('GAJOB3', '140', '363', '98', '24');
INSERT INTO "GAEA"."BATCH_JOB_POS" VALUES ('GAJOB4', '204.39999999999998', '360', '98', '24');
INSERT INTO "GAEA"."BATCH_JOB_POS" VALUES ('GAJOB5', '270', '362', '96', '21');

-- ----------------------------
-- Table structure for BATCH_JOB_SPLIT_PARAM
-- ----------------------------
DROP TABLE "GAEA"."BATCH_JOB_SPLIT_PARAM";
CREATE TABLE "GAEA"."BATCH_JOB_SPLIT_PARAM" (
"JOB_ID" VARCHAR2(30 CHAR) NOT NULL ,
"SPLIT_CLASS" VARCHAR2(1 CHAR) DEFAULT 'T'  NOT NULL ,
"SPLIT_TYPE" VARCHAR2(1 CHAR) DEFAULT 'M'  NOT NULL ,
"SPLIT_CNT" NUMBER NULL ,
"MAX_PER_SPLIT" NUMBER NULL ,
"NAMESPACE" VARCHAR2(100 CHAR) NULL ,
"SQL_ID" VARCHAR2(50 CHAR) NULL ,
"FILE_PATH" VARCHAR2(100 CHAR) NULL ,
"FILE_NAME" VARCHAR2(100 CHAR) NULL ,
"FILE_FORMAT" VARCHAR2(50 CHAR) NULL ,
"FILE_ROW_NAME" VARCHAR2(50 CHAR) NULL 
)
LOGGING
NOCOMPRESS
NOCACHE

;

-- ----------------------------
-- Records of BATCH_JOB_SPLIT_PARAM
-- ----------------------------
INSERT INTO "GAEA"."BATCH_JOB_SPLIT_PARAM" VALUES ('GAJOB4', 'T', 'K', null, '20', 'com.dcits.gaea.dao.DemoAcctDao', 'updateBatchAcctBalBatchSplit', null, null, null, null);

-- ----------------------------
-- Table structure for BATCH_MACHINE
-- ----------------------------
DROP TABLE "GAEA"."BATCH_MACHINE";
CREATE TABLE "GAEA"."BATCH_MACHINE" (
"GROUP_ID" VARCHAR2(32 CHAR) NOT NULL ,
"IP" VARCHAR2(32 CHAR) NOT NULL 
)
LOGGING
NOCOMPRESS
NOCACHE

;

-- ----------------------------
-- Records of BATCH_MACHINE
-- ----------------------------

-- ----------------------------
-- Table structure for BATCH_PARAM_TABLE_DEF
-- ----------------------------
DROP TABLE "GAEA"."BATCH_PARAM_TABLE_DEF";
CREATE TABLE "GAEA"."BATCH_PARAM_TABLE_DEF" (
"SEQ_NO" VARCHAR2(32 CHAR) NULL ,
"TABLE_NAME" VARCHAR2(30 CHAR) NULL ,
"TARGET_TABLE_NAME" VARCHAR2(30 CHAR) NULL ,
"DATA_SOURCE" VARCHAR2(20 CHAR) NULL ,
"SELECT_NAMESPACE" VARCHAR2(100 CHAR) NULL ,
"SELECT_SQL_ID" VARCHAR2(50 CHAR) NULL ,
"INSERT_NAMESPACE" VARCHAR2(100 CHAR) NULL ,
"INSERT_SQL_ID" VARCHAR2(50 CHAR) NULL ,
"WHERE_SQL" VARCHAR2(1000 CHAR) NULL ,
"BATCH_SIZE" NUMBER NULL 
)
LOGGING
NOCOMPRESS
NOCACHE

;

-- ----------------------------
-- Records of BATCH_PARAM_TABLE_DEF
-- ----------------------------

-- ----------------------------
-- Table structure for BATCH_RUN_JOB
-- ----------------------------
DROP TABLE "GAEA"."BATCH_RUN_JOB";
CREATE TABLE "GAEA"."BATCH_RUN_JOB" (
"JOB_ID" VARCHAR2(30 CHAR) NULL ,
"JOB_STATUS" VARCHAR2(1 CHAR) NULL ,
"SPLIT_CNT" NUMBER NULL ,
"FINISH_CNT" NUMBER NULL ,
"START_TIME" VARCHAR2(30 CHAR) NULL ,
"END_TIME" VARCHAR2(30 CHAR) NULL ,
"PERCENT" VARCHAR2(30 CHAR) NULL 
)
LOGGING
NOCOMPRESS
NOCACHE

;

-- ----------------------------
-- Records of BATCH_RUN_JOB
-- ----------------------------
INSERT INTO "GAEA"."BATCH_RUN_JOB" VALUES ('GAJOB1', 'S', '1', '1', '2017-05-25 09:59:31', '2017-05-25 09:59:34', null);
INSERT INTO "GAEA"."BATCH_RUN_JOB" VALUES ('GAJOB2', 'S', '1', '1', '2017-05-25 09:59:31', '2017-05-25 09:59:34', null);
INSERT INTO "GAEA"."BATCH_RUN_JOB" VALUES ('GAJOB3', 'S', '1', '1', '2017-05-25 09:59:34', '2017-05-25 09:59:38', null);
INSERT INTO "GAEA"."BATCH_RUN_JOB" VALUES ('GAJOB4', 'S', '10', '10', '2017-05-25 09:59:38', '2017-05-25 09:59:44', null);
INSERT INTO "GAEA"."BATCH_RUN_JOB" VALUES ('GAJOB5', 'S', '1', '1', '2017-05-25 09:59:44', '2017-05-25 10:00:34', '50.0%');

-- ----------------------------
-- Table structure for BATCH_RUN_JOB_HIST
-- ----------------------------
DROP TABLE "GAEA"."BATCH_RUN_JOB_HIST";
CREATE TABLE "GAEA"."BATCH_RUN_JOB_HIST" (
"JOB_ID" VARCHAR2(30 CHAR) NULL ,
"JOB_STATUS" VARCHAR2(1 CHAR) NULL ,
"SPLIT_CNT" NUMBER NULL ,
"FINISH_CNT" NUMBER NULL ,
"START_TIME" VARCHAR2(30 CHAR) NULL ,
"END_TIME" VARCHAR2(30 CHAR) NULL ,
"PERCENT" VARCHAR2(30 CHAR) NULL ,
"RUN_DATE" VARCHAR2(8 CHAR) NULL 
)
LOGGING
NOCOMPRESS
NOCACHE

;

-- ----------------------------
-- Records of BATCH_RUN_JOB_HIST
-- ----------------------------
INSERT INTO "GAEA"."BATCH_RUN_JOB_HIST" VALUES ('GAJOB2', 'S', '1', '1', '2017-05-22 17:43:20', '2017-05-22 17:43:33', null, '20170522');
INSERT INTO "GAEA"."BATCH_RUN_JOB_HIST" VALUES ('GAJOB1', 'S', '1', '1', '2017-05-22 17:43:20', '2017-05-22 17:43:33', null, '20170522');
INSERT INTO "GAEA"."BATCH_RUN_JOB_HIST" VALUES ('GAJOB2', 'S', '1', '1', '2017-05-22 17:58:00', '2017-05-22 17:58:13', null, '20170522');
INSERT INTO "GAEA"."BATCH_RUN_JOB_HIST" VALUES ('GAJOB1', 'S', '1', '1', '2017-05-22 17:58:00', '2017-05-22 17:58:13', null, '20170522');
INSERT INTO "GAEA"."BATCH_RUN_JOB_HIST" VALUES ('GAJOB2', 'S', '1', '1', '2017-05-22 17:58:40', '2017-05-22 17:58:53', null, '20170522');
INSERT INTO "GAEA"."BATCH_RUN_JOB_HIST" VALUES ('GAJOB1', 'S', '1', '1', '2017-05-22 17:58:40', '2017-05-22 17:58:53', null, '20170522');
INSERT INTO "GAEA"."BATCH_RUN_JOB_HIST" VALUES ('GAJOB1', 'S', '1', '1', '2017-05-24 13:05:43', '2017-05-24 13:05:47', null, '20170524');
INSERT INTO "GAEA"."BATCH_RUN_JOB_HIST" VALUES ('GAJOB2', 'S', '1', '1', '2017-05-24 13:05:43', '2017-05-24 13:05:47', null, '20170524');
INSERT INTO "GAEA"."BATCH_RUN_JOB_HIST" VALUES ('GAJOB3', 'S', '1', '1', '2017-05-24 13:05:47', '2017-05-24 13:05:50', null, '20170524');
INSERT INTO "GAEA"."BATCH_RUN_JOB_HIST" VALUES ('GAJOB4', 'S', '10', '10', '2017-05-24 13:05:50', '2017-05-24 13:05:56', null, '20170524');
INSERT INTO "GAEA"."BATCH_RUN_JOB_HIST" VALUES ('GAJOB1', 'S', '1', '1', '2017-05-24 18:06:13', '2017-05-24 18:06:17', null, '20170524');
INSERT INTO "GAEA"."BATCH_RUN_JOB_HIST" VALUES ('GAJOB2', 'S', '1', '1', '2017-05-24 18:06:13', '2017-05-24 18:06:17', null, '20170524');
INSERT INTO "GAEA"."BATCH_RUN_JOB_HIST" VALUES ('GAJOB3', 'S', '1', '1', '2017-05-24 18:06:17', '2017-05-24 18:06:22', null, '20170524');
INSERT INTO "GAEA"."BATCH_RUN_JOB_HIST" VALUES ('GAJOB4', 'S', '10', '10', '2017-05-24 18:06:22', '2017-05-24 18:06:29', null, '20170524');
INSERT INTO "GAEA"."BATCH_RUN_JOB_HIST" VALUES ('GAJOB5', 'S', '1', '1', '2017-05-24 18:06:29', '2017-05-24 18:07:00', '50.0%', '20170524');
INSERT INTO "GAEA"."BATCH_RUN_JOB_HIST" VALUES ('GAJOB1', 'S', '1', '1', '2017-05-19 16:40:32', '2017-05-19 16:40:46', null, '20170519');
INSERT INTO "GAEA"."BATCH_RUN_JOB_HIST" VALUES ('GAJOB2', 'S', '1', '1', '2017-05-20 11:13:00', '2017-05-20 11:13:16', null, '20170520');
INSERT INTO "GAEA"."BATCH_RUN_JOB_HIST" VALUES ('GAJOB1', 'S', '1', '1', '2017-05-20 11:13:00', '2017-05-20 11:13:16', null, '20170520');
INSERT INTO "GAEA"."BATCH_RUN_JOB_HIST" VALUES ('GAJOB2', 'S', '1', '1', '2017-05-22 17:41:40', '2017-05-22 17:41:53', null, '20170522');
INSERT INTO "GAEA"."BATCH_RUN_JOB_HIST" VALUES ('GAJOB1', 'S', '1', '1', '2017-05-22 17:41:40', '2017-05-22 17:41:53', null, '20170522');
INSERT INTO "GAEA"."BATCH_RUN_JOB_HIST" VALUES ('GAJOB2', 'S', '1', '1', '2017-05-22 17:43:40', '2017-05-22 17:43:53', null, '20170522');
INSERT INTO "GAEA"."BATCH_RUN_JOB_HIST" VALUES ('GAJOB1', 'S', '1', '1', '2017-05-22 17:43:40', '2017-05-22 17:43:53', null, '20170522');
INSERT INTO "GAEA"."BATCH_RUN_JOB_HIST" VALUES ('GAJOB2', 'S', '1', '1', '2017-05-22 17:44:00', '2017-05-22 17:45:52', null, '20170522');
INSERT INTO "GAEA"."BATCH_RUN_JOB_HIST" VALUES ('GAJOB1', 'S', '1', '1', '2017-05-22 17:44:00', '2017-05-22 17:45:10', null, '20170522');
INSERT INTO "GAEA"."BATCH_RUN_JOB_HIST" VALUES ('GAJOB2', 'S', '1', '1', '2017-05-22 17:46:40', '2017-05-22 17:46:53', null, '20170522');
INSERT INTO "GAEA"."BATCH_RUN_JOB_HIST" VALUES ('GAJOB1', 'S', '1', '1', '2017-05-22 17:46:40', '2017-05-22 17:46:53', null, '20170522');
INSERT INTO "GAEA"."BATCH_RUN_JOB_HIST" VALUES ('GAJOB2', 'S', '1', '1', '2017-05-22 17:47:00', '2017-05-22 17:47:13', null, '20170522');
INSERT INTO "GAEA"."BATCH_RUN_JOB_HIST" VALUES ('GAJOB1', 'S', '1', '1', '2017-05-22 17:47:00', '2017-05-22 17:47:13', null, '20170522');
INSERT INTO "GAEA"."BATCH_RUN_JOB_HIST" VALUES ('GAJOB2', 'S', '1', '1', '2017-05-22 17:48:40', '2017-05-22 17:48:53', null, '20170522');
INSERT INTO "GAEA"."BATCH_RUN_JOB_HIST" VALUES ('GAJOB1', 'S', '1', '1', '2017-05-22 17:48:40', '2017-05-22 17:48:53', null, '20170522');
INSERT INTO "GAEA"."BATCH_RUN_JOB_HIST" VALUES ('GAJOB2', 'S', '1', '1', '2017-05-22 17:49:40', '2017-05-22 17:49:53', null, '20170522');
INSERT INTO "GAEA"."BATCH_RUN_JOB_HIST" VALUES ('GAJOB1', 'S', '1', '1', '2017-05-22 17:49:40', '2017-05-22 17:49:53', null, '20170522');
INSERT INTO "GAEA"."BATCH_RUN_JOB_HIST" VALUES ('GAJOB2', 'S', '1', '1', '2017-05-22 17:50:20', '2017-05-22 17:50:33', null, '20170522');
INSERT INTO "GAEA"."BATCH_RUN_JOB_HIST" VALUES ('GAJOB1', 'S', '1', '1', '2017-05-22 17:50:20', '2017-05-22 17:50:33', null, '20170522');
INSERT INTO "GAEA"."BATCH_RUN_JOB_HIST" VALUES ('GAJOB2', 'S', '1', '1', '2017-05-22 17:50:40', '2017-05-22 17:50:53', null, '20170522');
INSERT INTO "GAEA"."BATCH_RUN_JOB_HIST" VALUES ('GAJOB1', 'S', '1', '1', '2017-05-22 17:50:40', '2017-05-22 17:50:53', null, '20170522');
INSERT INTO "GAEA"."BATCH_RUN_JOB_HIST" VALUES ('GAJOB2', 'S', '1', '1', '2017-05-22 17:51:00', '2017-05-22 17:51:13', null, '20170522');
INSERT INTO "GAEA"."BATCH_RUN_JOB_HIST" VALUES ('GAJOB1', 'S', '1', '1', '2017-05-22 17:51:00', '2017-05-22 17:51:13', null, '20170522');
INSERT INTO "GAEA"."BATCH_RUN_JOB_HIST" VALUES ('GAJOB2', 'S', '1', '1', '2017-05-22 17:52:00', '2017-05-22 17:52:13', null, '20170522');
INSERT INTO "GAEA"."BATCH_RUN_JOB_HIST" VALUES ('GAJOB1', 'S', '1', '1', '2017-05-22 17:52:00', '2017-05-22 17:52:13', null, '20170522');
INSERT INTO "GAEA"."BATCH_RUN_JOB_HIST" VALUES ('GAJOB2', 'S', '1', '1', '2017-05-22 17:53:20', '2017-05-22 17:53:33', null, '20170522');
INSERT INTO "GAEA"."BATCH_RUN_JOB_HIST" VALUES ('GAJOB1', 'S', '1', '1', '2017-05-22 17:53:20', '2017-05-22 17:53:33', null, '20170522');
INSERT INTO "GAEA"."BATCH_RUN_JOB_HIST" VALUES ('GAJOB2', 'S', '1', '1', '2017-05-22 17:54:20', '2017-05-22 17:54:33', null, '20170522');
INSERT INTO "GAEA"."BATCH_RUN_JOB_HIST" VALUES ('GAJOB1', 'S', '1', '1', '2017-05-22 17:54:20', '2017-05-22 17:54:33', null, '20170522');
INSERT INTO "GAEA"."BATCH_RUN_JOB_HIST" VALUES ('GAJOB2', 'S', '1', '1', '2017-05-22 17:55:20', '2017-05-22 17:55:33', null, '20170522');
INSERT INTO "GAEA"."BATCH_RUN_JOB_HIST" VALUES ('GAJOB1', 'S', '1', '1', '2017-05-22 17:55:20', '2017-05-22 17:55:33', null, '20170522');
INSERT INTO "GAEA"."BATCH_RUN_JOB_HIST" VALUES ('GAJOB2', 'S', '1', '1', '2017-05-22 17:55:40', '2017-05-22 17:55:53', null, '20170522');
INSERT INTO "GAEA"."BATCH_RUN_JOB_HIST" VALUES ('GAJOB1', 'S', '1', '1', '2017-05-22 17:55:40', '2017-05-22 17:55:53', null, '20170522');
INSERT INTO "GAEA"."BATCH_RUN_JOB_HIST" VALUES ('GAJOB2', 'S', '1', '1', '2017-05-22 17:56:20', '2017-05-22 17:56:33', null, '20170522');
INSERT INTO "GAEA"."BATCH_RUN_JOB_HIST" VALUES ('GAJOB1', 'S', '1', '1', '2017-05-22 17:56:20', '2017-05-22 17:56:33', null, '20170522');
INSERT INTO "GAEA"."BATCH_RUN_JOB_HIST" VALUES ('GAJOB2', 'S', '1', '1', '2017-05-22 17:56:40', '2017-05-22 17:56:53', null, '20170522');
INSERT INTO "GAEA"."BATCH_RUN_JOB_HIST" VALUES ('GAJOB1', 'S', '1', '1', '2017-05-22 17:56:40', '2017-05-22 17:56:53', null, '20170522');
INSERT INTO "GAEA"."BATCH_RUN_JOB_HIST" VALUES ('GAJOB2', 'S', '1', '1', '2017-05-22 17:57:20', '2017-05-22 17:57:33', null, '20170522');
INSERT INTO "GAEA"."BATCH_RUN_JOB_HIST" VALUES ('GAJOB1', 'S', '1', '1', '2017-05-22 17:57:20', '2017-05-22 17:57:33', null, '20170522');
INSERT INTO "GAEA"."BATCH_RUN_JOB_HIST" VALUES ('GAJOB2', 'S', '1', '1', '2017-05-22 17:59:00', '2017-05-22 17:59:13', null, '20170522');
INSERT INTO "GAEA"."BATCH_RUN_JOB_HIST" VALUES ('GAJOB1', 'S', '1', '1', '2017-05-22 17:59:00', '2017-05-22 17:59:13', null, '20170522');
INSERT INTO "GAEA"."BATCH_RUN_JOB_HIST" VALUES ('GAJOB1', 'S', '1', '1', '2017-05-24 11:10:48', '2017-05-24 11:10:51', null, '20170524');
INSERT INTO "GAEA"."BATCH_RUN_JOB_HIST" VALUES ('GAJOB2', 'S', '1', '1', '2017-05-24 11:10:48', '2017-05-24 11:10:51', null, '20170524');
INSERT INTO "GAEA"."BATCH_RUN_JOB_HIST" VALUES ('GAJOB3', 'S', '1', '1', '2017-05-24 11:10:52', '2017-05-24 11:10:54', null, '20170524');
INSERT INTO "GAEA"."BATCH_RUN_JOB_HIST" VALUES ('GAJOB4', 'S', '0', '0', '2017-05-24 11:10:54', '2017-05-24 11:10:58', null, '20170524');
INSERT INTO "GAEA"."BATCH_RUN_JOB_HIST" VALUES ('GAJOB1', 'S', '1', '1', '2017-05-24 11:18:04', '2017-05-24 11:18:08', null, '20170524');
INSERT INTO "GAEA"."BATCH_RUN_JOB_HIST" VALUES ('GAJOB2', 'S', '1', '1', '2017-05-24 11:18:04', '2017-05-24 11:18:08', null, '20170524');
INSERT INTO "GAEA"."BATCH_RUN_JOB_HIST" VALUES ('GAJOB3', 'S', '1', '1', '2017-05-24 11:18:08', '2017-05-24 11:18:11', null, '20170524');
INSERT INTO "GAEA"."BATCH_RUN_JOB_HIST" VALUES ('GAJOB4', 'S', '0', '0', '2017-05-24 11:18:11', '2017-05-24 11:18:14', null, '20170524');
INSERT INTO "GAEA"."BATCH_RUN_JOB_HIST" VALUES ('GAJOB1', 'S', '1', '1', '2017-05-24 16:14:29', '2017-05-24 16:14:30', null, '20170524');
INSERT INTO "GAEA"."BATCH_RUN_JOB_HIST" VALUES ('GAJOB2', 'S', '1', '1', '2017-05-24 16:14:29', '2017-05-24 16:14:33', null, '20170524');
INSERT INTO "GAEA"."BATCH_RUN_JOB_HIST" VALUES ('GAJOB3', 'S', '1', '1', '2017-05-24 16:14:33', '2017-05-24 16:14:36', null, '20170524');
INSERT INTO "GAEA"."BATCH_RUN_JOB_HIST" VALUES ('GAJOB5', 'S', '1', '0', '2017-05-24 16:14:42', null, null, '20170524');
INSERT INTO "GAEA"."BATCH_RUN_JOB_HIST" VALUES ('GAJOB4', 'S', '10', '10', '2017-05-24 16:14:36', '2017-05-24 16:14:42', null, '20170524');
INSERT INTO "GAEA"."BATCH_RUN_JOB_HIST" VALUES ('GAJOB1', 'S', '1', '1', '2017-05-19 16:34:04', '2017-05-19 16:38:50', null, '20170519');
INSERT INTO "GAEA"."BATCH_RUN_JOB_HIST" VALUES ('GAJOB2', 'S', '1', '1', '2017-05-22 17:46:00', '2017-05-22 17:46:13', null, '20170522');
INSERT INTO "GAEA"."BATCH_RUN_JOB_HIST" VALUES ('GAJOB1', 'S', '1', '1', '2017-05-22 17:46:00', '2017-05-22 17:46:13', null, '20170522');
INSERT INTO "GAEA"."BATCH_RUN_JOB_HIST" VALUES ('GAJOB2', 'S', '1', '1', '2017-05-22 17:46:20', '2017-05-22 17:46:33', null, '20170522');
INSERT INTO "GAEA"."BATCH_RUN_JOB_HIST" VALUES ('GAJOB1', 'S', '1', '1', '2017-05-22 17:46:20', '2017-05-22 17:46:33', null, '20170522');
INSERT INTO "GAEA"."BATCH_RUN_JOB_HIST" VALUES ('GAJOB2', 'S', '1', '1', '2017-05-22 17:47:20', '2017-05-22 17:47:33', null, '20170522');
INSERT INTO "GAEA"."BATCH_RUN_JOB_HIST" VALUES ('GAJOB1', 'S', '1', '1', '2017-05-22 17:47:20', '2017-05-22 17:47:33', null, '20170522');
INSERT INTO "GAEA"."BATCH_RUN_JOB_HIST" VALUES ('GAJOB2', 'S', '1', '1', '2017-05-22 17:47:40', '2017-05-22 17:47:53', null, '20170522');
INSERT INTO "GAEA"."BATCH_RUN_JOB_HIST" VALUES ('GAJOB1', 'S', '1', '1', '2017-05-22 17:47:40', '2017-05-22 17:47:53', null, '20170522');
INSERT INTO "GAEA"."BATCH_RUN_JOB_HIST" VALUES ('GAJOB2', 'S', '1', '1', '2017-05-22 17:48:00', '2017-05-22 17:48:13', null, '20170522');
INSERT INTO "GAEA"."BATCH_RUN_JOB_HIST" VALUES ('GAJOB1', 'S', '1', '1', '2017-05-22 17:48:00', '2017-05-22 17:48:13', null, '20170522');
INSERT INTO "GAEA"."BATCH_RUN_JOB_HIST" VALUES ('GAJOB2', 'S', '1', '1', '2017-05-22 17:48:20', '2017-05-22 17:48:33', null, '20170522');
INSERT INTO "GAEA"."BATCH_RUN_JOB_HIST" VALUES ('GAJOB1', 'S', '1', '1', '2017-05-22 17:48:20', '2017-05-22 17:48:33', null, '20170522');
INSERT INTO "GAEA"."BATCH_RUN_JOB_HIST" VALUES ('GAJOB2', 'S', '1', '1', '2017-05-22 17:49:00', '2017-05-22 17:49:13', null, '20170522');
INSERT INTO "GAEA"."BATCH_RUN_JOB_HIST" VALUES ('GAJOB1', 'S', '1', '1', '2017-05-22 17:49:00', '2017-05-22 17:49:13', null, '20170522');
INSERT INTO "GAEA"."BATCH_RUN_JOB_HIST" VALUES ('GAJOB2', 'S', '1', '1', '2017-05-22 17:49:20', '2017-05-22 17:49:33', null, '20170522');
INSERT INTO "GAEA"."BATCH_RUN_JOB_HIST" VALUES ('GAJOB1', 'S', '1', '1', '2017-05-22 17:49:20', '2017-05-22 17:49:33', null, '20170522');
INSERT INTO "GAEA"."BATCH_RUN_JOB_HIST" VALUES ('GAJOB2', 'S', '1', '1', '2017-05-22 17:50:00', '2017-05-22 17:50:13', null, '20170522');
INSERT INTO "GAEA"."BATCH_RUN_JOB_HIST" VALUES ('GAJOB1', 'S', '1', '1', '2017-05-22 17:50:00', '2017-05-22 17:50:13', null, '20170522');
INSERT INTO "GAEA"."BATCH_RUN_JOB_HIST" VALUES ('GAJOB2', 'S', '1', '1', '2017-05-22 17:51:20', '2017-05-22 17:51:33', null, '20170522');
INSERT INTO "GAEA"."BATCH_RUN_JOB_HIST" VALUES ('GAJOB1', 'S', '1', '1', '2017-05-22 17:51:20', '2017-05-22 17:51:33', null, '20170522');
INSERT INTO "GAEA"."BATCH_RUN_JOB_HIST" VALUES ('GAJOB2', 'S', '1', '1', '2017-05-22 17:51:40', '2017-05-22 17:51:53', null, '20170522');
INSERT INTO "GAEA"."BATCH_RUN_JOB_HIST" VALUES ('GAJOB1', 'S', '1', '1', '2017-05-22 17:51:40', '2017-05-22 17:51:53', null, '20170522');
INSERT INTO "GAEA"."BATCH_RUN_JOB_HIST" VALUES ('GAJOB2', 'S', '1', '1', '2017-05-22 17:52:20', '2017-05-22 17:52:33', null, '20170522');
INSERT INTO "GAEA"."BATCH_RUN_JOB_HIST" VALUES ('GAJOB1', 'S', '1', '1', '2017-05-22 17:52:20', '2017-05-22 17:52:33', null, '20170522');
INSERT INTO "GAEA"."BATCH_RUN_JOB_HIST" VALUES ('GAJOB2', 'S', '1', '1', '2017-05-22 17:52:40', '2017-05-22 17:52:53', null, '20170522');
INSERT INTO "GAEA"."BATCH_RUN_JOB_HIST" VALUES ('GAJOB1', 'S', '1', '1', '2017-05-22 17:52:40', '2017-05-22 17:52:53', null, '20170522');
INSERT INTO "GAEA"."BATCH_RUN_JOB_HIST" VALUES ('GAJOB2', 'S', '1', '1', '2017-05-22 17:53:00', '2017-05-22 17:53:13', null, '20170522');
INSERT INTO "GAEA"."BATCH_RUN_JOB_HIST" VALUES ('GAJOB1', 'S', '1', '1', '2017-05-22 17:53:00', '2017-05-22 17:53:13', null, '20170522');
INSERT INTO "GAEA"."BATCH_RUN_JOB_HIST" VALUES ('GAJOB2', 'S', '1', '1', '2017-05-22 17:53:40', '2017-05-22 17:53:53', null, '20170522');
INSERT INTO "GAEA"."BATCH_RUN_JOB_HIST" VALUES ('GAJOB1', 'S', '1', '1', '2017-05-22 17:53:40', '2017-05-22 17:53:53', null, '20170522');
INSERT INTO "GAEA"."BATCH_RUN_JOB_HIST" VALUES ('GAJOB2', 'S', '1', '1', '2017-05-22 17:54:00', '2017-05-22 17:54:13', null, '20170522');
INSERT INTO "GAEA"."BATCH_RUN_JOB_HIST" VALUES ('GAJOB1', 'S', '1', '1', '2017-05-22 17:54:00', '2017-05-22 17:54:13', null, '20170522');
INSERT INTO "GAEA"."BATCH_RUN_JOB_HIST" VALUES ('GAJOB2', 'S', '1', '1', '2017-05-22 17:54:40', '2017-05-22 17:54:53', null, '20170522');
INSERT INTO "GAEA"."BATCH_RUN_JOB_HIST" VALUES ('GAJOB1', 'S', '1', '1', '2017-05-22 17:54:40', '2017-05-22 17:54:53', null, '20170522');
INSERT INTO "GAEA"."BATCH_RUN_JOB_HIST" VALUES ('GAJOB2', 'S', '1', '1', '2017-05-22 17:55:00', '2017-05-22 17:55:13', null, '20170522');
INSERT INTO "GAEA"."BATCH_RUN_JOB_HIST" VALUES ('GAJOB1', 'S', '1', '1', '2017-05-22 17:55:00', '2017-05-22 17:55:13', null, '20170522');
INSERT INTO "GAEA"."BATCH_RUN_JOB_HIST" VALUES ('GAJOB2', 'S', '1', '1', '2017-05-22 17:56:00', '2017-05-22 17:56:13', null, '20170522');
INSERT INTO "GAEA"."BATCH_RUN_JOB_HIST" VALUES ('GAJOB1', 'S', '1', '1', '2017-05-22 17:56:00', '2017-05-22 17:56:13', null, '20170522');
INSERT INTO "GAEA"."BATCH_RUN_JOB_HIST" VALUES ('GAJOB2', 'S', '1', '1', '2017-05-22 17:57:00', '2017-05-22 17:57:13', null, '20170522');
INSERT INTO "GAEA"."BATCH_RUN_JOB_HIST" VALUES ('GAJOB1', 'S', '1', '1', '2017-05-22 17:57:00', '2017-05-22 17:57:13', null, '20170522');
INSERT INTO "GAEA"."BATCH_RUN_JOB_HIST" VALUES ('GAJOB2', 'S', '1', '1', '2017-05-22 17:57:40', '2017-05-22 17:57:53', null, '20170522');
INSERT INTO "GAEA"."BATCH_RUN_JOB_HIST" VALUES ('GAJOB1', 'S', '1', '1', '2017-05-22 17:57:40', '2017-05-22 17:57:53', null, '20170522');
INSERT INTO "GAEA"."BATCH_RUN_JOB_HIST" VALUES ('GAJOB2', 'S', '1', '1', '2017-05-22 17:58:20', '2017-05-22 17:58:34', null, '20170522');
INSERT INTO "GAEA"."BATCH_RUN_JOB_HIST" VALUES ('GAJOB1', 'S', '1', '1', '2017-05-22 17:58:20', '2017-05-22 17:58:34', null, '20170522');
INSERT INTO "GAEA"."BATCH_RUN_JOB_HIST" VALUES ('GAJOB1', 'S', '1', '1', '2017-05-22 17:59:20', '2017-05-22 17:59:34', null, '20170522');
INSERT INTO "GAEA"."BATCH_RUN_JOB_HIST" VALUES ('GAJOB2', 'S', '1', '1', '2017-05-22 17:59:20', '2017-05-22 17:59:34', null, '20170522');
INSERT INTO "GAEA"."BATCH_RUN_JOB_HIST" VALUES ('GAJOB1', 'S', '1', '1', '2017-05-24 09:56:35', '2017-05-24 09:56:36', null, '20170524');
INSERT INTO "GAEA"."BATCH_RUN_JOB_HIST" VALUES ('GAJOB2', 'S', '1', '1', '2017-05-24 09:56:35', '2017-05-24 09:56:39', null, '20170524');
INSERT INTO "GAEA"."BATCH_RUN_JOB_HIST" VALUES ('GAJOB3', 'S', '1', '1', '2017-05-24 09:56:39', '2017-05-24 09:57:45', null, '20170524');
INSERT INTO "GAEA"."BATCH_RUN_JOB_HIST" VALUES ('GAJOB1', 'S', '1', '1', '2017-05-24 11:26:15', '2017-05-24 11:26:19', null, '20170524');
INSERT INTO "GAEA"."BATCH_RUN_JOB_HIST" VALUES ('GAJOB2', 'S', '1', '1', '2017-05-24 11:26:15', '2017-05-24 11:26:19', null, '20170524');
INSERT INTO "GAEA"."BATCH_RUN_JOB_HIST" VALUES ('GAJOB3', 'S', '1', '1', '2017-05-24 11:26:19', '2017-05-24 11:26:21', null, '20170524');
INSERT INTO "GAEA"."BATCH_RUN_JOB_HIST" VALUES ('GAJOB4', 'S', '10', '10', '2017-05-24 11:26:21', '2017-05-24 11:28:31', null, '20170524');
INSERT INTO "GAEA"."BATCH_RUN_JOB_HIST" VALUES ('GAJOB1', 'S', '1', '1', '2017-05-24 17:49:03', '2017-05-24 17:49:04', null, '20170524');
INSERT INTO "GAEA"."BATCH_RUN_JOB_HIST" VALUES ('GAJOB2', 'S', '1', '1', '2017-05-24 17:49:03', '2017-05-24 17:49:07', null, '20170524');
INSERT INTO "GAEA"."BATCH_RUN_JOB_HIST" VALUES ('GAJOB3', 'S', '1', '1', '2017-05-24 17:49:07', '2017-05-24 17:49:10', null, '20170524');
INSERT INTO "GAEA"."BATCH_RUN_JOB_HIST" VALUES ('GAJOB5', 'S', '1', '1', '2017-05-24 17:49:18', '2017-05-24 17:51:38', null, '20170524');
INSERT INTO "GAEA"."BATCH_RUN_JOB_HIST" VALUES ('GAJOB4', 'S', '10', '10', '2017-05-24 17:49:10', '2017-05-24 17:49:18', null, '20170524');
INSERT INTO "GAEA"."BATCH_RUN_JOB_HIST" VALUES ('GAJOB2', 'S', '1', '1', '2017-05-22 17:41:20', '2017-05-22 17:41:34', null, '20170522');
INSERT INTO "GAEA"."BATCH_RUN_JOB_HIST" VALUES ('GAJOB1', 'S', '1', '1', '2017-05-22 17:41:20', '2017-05-22 17:41:34', null, '20170522');
INSERT INTO "GAEA"."BATCH_RUN_JOB_HIST" VALUES ('GAJOB2', 'S', '1', '1', '2017-05-22 17:42:40', '2017-05-22 17:42:51', null, '20170522');
INSERT INTO "GAEA"."BATCH_RUN_JOB_HIST" VALUES ('GAJOB1', 'S', '1', '1', '2017-05-22 17:42:40', '2017-05-22 17:42:54', null, '20170522');
INSERT INTO "GAEA"."BATCH_RUN_JOB_HIST" VALUES ('GAJOB2', 'S', '1', '1', '2017-05-22 17:43:00', '2017-05-22 17:43:13', null, '20170522');
INSERT INTO "GAEA"."BATCH_RUN_JOB_HIST" VALUES ('GAJOB1', 'S', '1', '1', '2017-05-22 17:43:00', '2017-05-22 17:43:13', null, '20170522');
INSERT INTO "GAEA"."BATCH_RUN_JOB_HIST" VALUES ('GAJOB1', 'S', '1', '1', '2017-05-24 11:10:00', '2017-05-24 11:10:05', null, '20170524');
INSERT INTO "GAEA"."BATCH_RUN_JOB_HIST" VALUES ('GAJOB2', 'S', '1', '1', '2017-05-24 11:10:00', '2017-05-24 11:10:05', null, '20170524');
INSERT INTO "GAEA"."BATCH_RUN_JOB_HIST" VALUES ('GAJOB3', 'S', '1', '1', '2017-05-24 11:10:05', '2017-05-24 11:10:08', null, '20170524');
INSERT INTO "GAEA"."BATCH_RUN_JOB_HIST" VALUES ('GAJOB4', 'S', '0', '0', '2017-05-24 11:10:08', '2017-05-24 11:10:11', null, '20170524');
INSERT INTO "GAEA"."BATCH_RUN_JOB_HIST" VALUES ('GAJOB1', 'S', '1', '1', '2017-05-24 11:14:28', '2017-05-24 11:14:33', null, '20170524');
INSERT INTO "GAEA"."BATCH_RUN_JOB_HIST" VALUES ('GAJOB2', 'S', '1', '1', '2017-05-24 11:14:28', '2017-05-24 11:14:33', null, '20170524');
INSERT INTO "GAEA"."BATCH_RUN_JOB_HIST" VALUES ('GAJOB3', 'S', '1', '1', '2017-05-24 11:14:33', '2017-05-24 11:14:35', null, '20170524');
INSERT INTO "GAEA"."BATCH_RUN_JOB_HIST" VALUES ('GAJOB4', 'S', '0', '0', '2017-05-24 11:14:35', '2017-05-24 11:14:38', null, '20170524');
INSERT INTO "GAEA"."BATCH_RUN_JOB_HIST" VALUES ('GAJOB1', 'S', '1', '1', '2017-05-24 16:16:13', '2017-05-24 16:16:16', null, '20170524');
INSERT INTO "GAEA"."BATCH_RUN_JOB_HIST" VALUES ('GAJOB2', 'S', '1', '1', '2017-05-24 16:16:13', '2017-05-24 16:16:16', null, '20170524');
INSERT INTO "GAEA"."BATCH_RUN_JOB_HIST" VALUES ('GAJOB3', 'S', '1', '1', '2017-05-24 16:16:16', '2017-05-24 16:16:19', null, '20170524');
INSERT INTO "GAEA"."BATCH_RUN_JOB_HIST" VALUES ('GAJOB5', 'S', '1', '1', '2017-05-24 16:16:26', '2017-05-24 17:02:55', null, '20170524');
INSERT INTO "GAEA"."BATCH_RUN_JOB_HIST" VALUES ('GAJOB4', 'S', '10', '10', '2017-05-24 16:16:19', '2017-05-24 16:16:26', null, '20170524');
INSERT INTO "GAEA"."BATCH_RUN_JOB_HIST" VALUES ('GAJOB1', 'S', '1', '1', '2017-05-24 17:03:15', '2017-05-24 17:03:19', null, '20170524');
INSERT INTO "GAEA"."BATCH_RUN_JOB_HIST" VALUES ('GAJOB2', 'S', '1', '1', '2017-05-24 17:03:15', '2017-05-24 17:03:19', null, '20170524');
INSERT INTO "GAEA"."BATCH_RUN_JOB_HIST" VALUES ('GAJOB3', 'S', '1', '1', '2017-05-24 17:03:19', '2017-05-24 17:03:22', null, '20170524');
INSERT INTO "GAEA"."BATCH_RUN_JOB_HIST" VALUES ('GAJOB5', 'S', '1', '1', '2017-05-24 17:03:29', '2017-05-24 17:05:40', null, '20170524');
INSERT INTO "GAEA"."BATCH_RUN_JOB_HIST" VALUES ('GAJOB4', 'S', '10', '10', '2017-05-24 17:03:22', '2017-05-24 17:03:29', null, '20170524');
INSERT INTO "GAEA"."BATCH_RUN_JOB_HIST" VALUES ('GAJOB1', 'S', '1', '1', '2017-05-24 17:25:26', '2017-05-24 17:25:30', null, '20170524');
INSERT INTO "GAEA"."BATCH_RUN_JOB_HIST" VALUES ('GAJOB2', 'S', '1', '1', '2017-05-24 17:25:26', '2017-05-24 17:25:30', null, '20170524');
INSERT INTO "GAEA"."BATCH_RUN_JOB_HIST" VALUES ('GAJOB3', 'S', '1', '1', '2017-05-24 17:25:30', '2017-05-24 17:25:32', null, '20170524');
INSERT INTO "GAEA"."BATCH_RUN_JOB_HIST" VALUES ('GAJOB5', 'S', '1', '1', '2017-05-24 17:25:41', '2017-05-24 17:49:01', null, '20170524');
INSERT INTO "GAEA"."BATCH_RUN_JOB_HIST" VALUES ('GAJOB4', 'S', '10', '10', '2017-05-24 17:25:32', '2017-05-24 17:25:41', null, '20170524');
INSERT INTO "GAEA"."BATCH_RUN_JOB_HIST" VALUES ('GAJOB1', 'S', '1', '1', '2017-05-24 17:51:43', '2017-05-24 17:51:46', null, '20170524');
INSERT INTO "GAEA"."BATCH_RUN_JOB_HIST" VALUES ('GAJOB2', 'S', '1', '1', '2017-05-24 17:51:43', '2017-05-24 17:51:46', null, '20170524');
INSERT INTO "GAEA"."BATCH_RUN_JOB_HIST" VALUES ('GAJOB3', 'S', '1', '1', '2017-05-24 17:51:46', '2017-05-24 17:51:49', null, '20170524');
INSERT INTO "GAEA"."BATCH_RUN_JOB_HIST" VALUES ('GAJOB5', 'S', '1', '1', '2017-05-24 17:51:56', '2017-05-24 18:06:09', null, '20170524');
INSERT INTO "GAEA"."BATCH_RUN_JOB_HIST" VALUES ('GAJOB4', 'S', '10', '10', '2017-05-24 17:51:49', '2017-05-24 17:51:56', null, '20170524');

-- ----------------------------
-- Table structure for BATCH_RUN_TASK
-- ----------------------------
DROP TABLE "GAEA"."BATCH_RUN_TASK";
CREATE TABLE "GAEA"."BATCH_RUN_TASK" (
"TASK_ID" VARCHAR2(50 CHAR) NOT NULL ,
"JOB_ID" VARCHAR2(30 CHAR) NOT NULL ,
"TASK_STATUS" VARCHAR2(1 CHAR) DEFAULT 'N'  NOT NULL ,
"SEQ_NO" NUMBER NULL ,
"START_ROW" NUMBER NULL ,
"END_ROW" NUMBER NULL ,
"FILE_OFFSET" NUMBER NULL ,
"FILE_LIMIT" NUMBER NULL ,
"SCHEMA_ID" VARCHAR2(30 CHAR) NULL ,
"NODE_IP" VARCHAR2(30 CHAR) NULL ,
"ERROR_DESC" VARCHAR2(4000 CHAR) NULL ,
"START_TIME" VARCHAR2(30 CHAR) NULL ,
"END_TIME" VARCHAR2(30 CHAR) NULL ,
"SPLIT_JOB_ID" VARCHAR2(30 CHAR) NULL ,
"SYSTEM_ID" VARCHAR2(30 CHAR) NULL ,
"APP_ID" VARCHAR2(50 CHAR) NULL ,
"RUN_MSG" VARCHAR2(200 CHAR) NULL ,
"TASK_IND" VARCHAR2(50 CHAR) NULL ,
"START_KEY" VARCHAR2(100 BYTE) NULL ,
"END_KEY" VARCHAR2(100 BYTE) NULL ,
"ERROR_MSG" VARCHAR2(500 CHAR) NULL ,
"TIME_ELAPSED" NUMBER NULL ,
"ROW_COUNT" NUMBER NULL 
)
LOGGING
NOCOMPRESS
NOCACHE

;

-- ----------------------------
-- Records of BATCH_RUN_TASK
-- ----------------------------
INSERT INTO "GAEA"."BATCH_RUN_TASK" VALUES ('GAJOB3_20170525_000000_25095934', 'GAJOB3', 'S', '1', null, null, null, null, null, '192.168.8.99', null, '2017-05-25 09:59:37', '2017-05-25 09:59:37', null, 'gaea', null, null, null, null, null, null, '22', null);
INSERT INTO "GAEA"."BATCH_RUN_TASK" VALUES ('GAJOB4_20170525_000000_25095938', 'SPLIT_JOB', 'S', null, null, null, null, null, null, '192.168.8.99', null, '2017-05-25 09:59:40', '2017-05-25 09:59:40', 'GAJOB4', 'gaea', null, null, null, null, null, null, '98', null);
INSERT INTO "GAEA"."BATCH_RUN_TASK" VALUES ('GAJOB4_20170525_000001_25095940', 'GAJOB4', 'S', '1', null, null, null, null, 'partition2', '192.168.8.99', null, '2017-05-25 09:59:43', '2017-05-25 09:59:43', null, 'gaea', null, null, null, '25', 'testUUID113', null, '49', null);
INSERT INTO "GAEA"."BATCH_RUN_TASK" VALUES ('GAJOB4_20170525_000002_25095940', 'GAJOB4', 'S', '2', null, null, null, null, 'partition2', '192.168.8.99', null, '2017-05-25 09:59:43', '2017-05-25 09:59:43', null, 'gaea', null, null, null, 'testUUID115', 'testUUID15', null, '99', null);
INSERT INTO "GAEA"."BATCH_RUN_TASK" VALUES ('GAJOB4_20170525_000003_25095940', 'GAJOB4', 'S', '3', null, null, null, null, 'partition2', '192.168.247.1', null, '2017-05-25 09:59:44', '2017-05-25 09:59:44', null, 'gaea', null, null, null, 'testUUID151', 'testUUID187', null, '161', null);
INSERT INTO "GAEA"."BATCH_RUN_TASK" VALUES ('GAJOB4_20170525_000004_25095940', 'GAJOB4', 'S', '4', null, null, null, null, 'partition2', '192.168.8.99', null, '2017-05-25 09:59:44', '2017-05-25 09:59:44', null, 'gaea', null, null, null, 'testUUID189', 'testUUID223', null, '16', null);
INSERT INTO "GAEA"."BATCH_RUN_TASK" VALUES ('GAJOB4_20170525_000005_25095940', 'GAJOB4', 'S', '5', null, null, null, null, 'partition2', '192.168.8.99', null, '2017-05-25 09:59:44', '2017-05-25 09:59:44', null, 'gaea', null, null, null, 'testUUID225', 'testUUID259', null, '30', null);
INSERT INTO "GAEA"."BATCH_RUN_TASK" VALUES ('GAJOB4_20170525_000006_25095940', 'GAJOB4', 'S', '1', null, null, null, null, 'partition1', '192.168.8.99', null, '2017-05-25 09:59:43', '2017-05-25 09:59:43', null, 'gaea', null, null, null, '44', 'testUUID12', null, '91', null);
INSERT INTO "GAEA"."BATCH_RUN_TASK" VALUES ('GAJOB4_20170525_000007_25095940', 'GAJOB4', 'S', '2', null, null, null, null, 'partition1', '192.168.8.99', null, '2017-05-25 09:59:43', '2017-05-25 09:59:43', null, 'gaea', null, null, null, 'testUUID120', 'testUUID156', null, '131', null);
INSERT INTO "GAEA"."BATCH_RUN_TASK" VALUES ('GAJOB4_20170525_000008_25095940', 'GAJOB4', 'S', '3', null, null, null, null, 'partition1', '192.168.8.99', null, '2017-05-25 09:59:43', '2017-05-25 09:59:43', null, 'gaea', null, null, null, 'testUUID158', 'testUUID192', null, '51', null);
INSERT INTO "GAEA"."BATCH_RUN_TASK" VALUES ('GAJOB4_20170525_000009_25095940', 'GAJOB4', 'S', '4', null, null, null, null, 'partition1', '192.168.8.99', null, '2017-05-25 09:59:43', '2017-05-25 09:59:44', null, 'gaea', null, null, null, 'testUUID194', 'testUUID226', null, '109', null);
INSERT INTO "GAEA"."BATCH_RUN_TASK" VALUES ('GAJOB1_20170525_000000_25095931', 'GAJOB1', 'S', '1', null, null, null, null, null, '192.168.8.99', null, '2017-05-25 09:59:34', '2017-05-25 09:59:34', null, 'gaea', null, null, null, null, null, null, '24', null);
INSERT INTO "GAEA"."BATCH_RUN_TASK" VALUES ('GAJOB2_20170525_000000_25095931', 'GAJOB2', 'S', '1', null, null, null, null, null, '192.168.8.99', null, '2017-05-25 09:59:34', '2017-05-25 09:59:34', null, 'gaea', null, null, null, null, null, null, '18', null);
INSERT INTO "GAEA"."BATCH_RUN_TASK" VALUES ('GAJOB4_20170525_000010_25095940', 'GAJOB4', 'S', '5', null, null, null, null, 'partition1', '192.168.8.99', null, '2017-05-25 09:59:44', '2017-05-25 09:59:44', null, 'gaea', null, null, null, 'testUUID228', 'testUUID262', null, '34', null);
INSERT INTO "GAEA"."BATCH_RUN_TASK" VALUES ('GAJOB5_20170525_000000_25095944', 'GAJOB5', 'S', '1', null, null, null, null, null, '192.168.8.99', null, '2017-05-25 09:59:47', '2017-05-25 10:00:34', null, 'gaea', 'job_1495609839348_0009', null, null, null, null, null, '476', null);

-- ----------------------------
-- Table structure for BATCH_RUN_TASK_HIST
-- ----------------------------
DROP TABLE "GAEA"."BATCH_RUN_TASK_HIST";
CREATE TABLE "GAEA"."BATCH_RUN_TASK_HIST" (
"TASK_ID" VARCHAR2(50 CHAR) NOT NULL ,
"JOB_ID" VARCHAR2(30 CHAR) NOT NULL ,
"TASK_STATUS" VARCHAR2(1 CHAR) DEFAULT 'N'  NOT NULL ,
"SEQ_NO" NUMBER NULL ,
"START_ROW" NUMBER NULL ,
"END_ROW" NUMBER NULL ,
"FILE_OFFSET" NUMBER NULL ,
"FILE_LIMIT" NUMBER NULL ,
"SCHEMA_ID" VARCHAR2(30 CHAR) NULL ,
"NODE_IP" VARCHAR2(30 CHAR) NULL ,
"ERROR_DESC" VARCHAR2(4000 CHAR) NULL ,
"START_TIME" VARCHAR2(30 CHAR) NULL ,
"END_TIME" VARCHAR2(30 CHAR) NULL ,
"SPLIT_JOB_ID" VARCHAR2(30 CHAR) NULL ,
"SYSTEM_ID" VARCHAR2(30 CHAR) NULL ,
"APP_ID" VARCHAR2(50 CHAR) NULL ,
"RUN_MSG" VARCHAR2(200 CHAR) NULL ,
"TASK_IND" VARCHAR2(50 CHAR) NULL ,
"START_KEY" VARCHAR2(100 BYTE) NULL ,
"END_KEY" VARCHAR2(100 BYTE) NULL ,
"ERROR_MSG" VARCHAR2(500 CHAR) NULL ,
"TIME_ELAPSED" NUMBER NULL ,
"RUN_DATE" VARCHAR2(8 CHAR) NULL ,
"ROW_COUNT" NUMBER NULL 
)
LOGGING
NOCOMPRESS
NOCACHE

;

-- ----------------------------
-- Records of BATCH_RUN_TASK_HIST
-- ----------------------------
INSERT INTO "GAEA"."BATCH_RUN_TASK_HIST" VALUES ('GAJOB2_20170522_000000_22174320', 'GAJOB2', 'S', '1', null, null, null, null, null, '192.168.247.1', null, '2017-05-22 17:43:23', '2017-05-22 17:43:33', null, 'gaea', null, null, null, null, null, null, '10011', '20170522', null);
INSERT INTO "GAEA"."BATCH_RUN_TASK_HIST" VALUES ('GAJOB1_20170522_000000_22174320', 'GAJOB1', 'S', '1', null, null, null, null, null, '192.168.8.99', null, '2017-05-22 17:43:23', '2017-05-22 17:43:33', null, 'gaea', null, null, null, null, null, null, '10027', '20170522', null);
INSERT INTO "GAEA"."BATCH_RUN_TASK_HIST" VALUES ('GAJOB2_20170522_000000_22175800', 'GAJOB2', 'S', '1', null, null, null, null, null, '192.168.247.1', null, '2017-05-22 17:58:03', '2017-05-22 17:58:13', null, 'gaea', null, null, null, null, null, null, '10012', '20170522', null);
INSERT INTO "GAEA"."BATCH_RUN_TASK_HIST" VALUES ('GAJOB1_20170522_000000_22175800', 'GAJOB1', 'S', '1', null, null, null, null, null, '192.168.8.99', null, '2017-05-22 17:58:03', '2017-05-22 17:58:13', null, 'gaea', null, null, null, null, null, null, '10031', '20170522', null);
INSERT INTO "GAEA"."BATCH_RUN_TASK_HIST" VALUES ('GAJOB2_20170522_000000_22175840', 'GAJOB2', 'S', '1', null, null, null, null, null, '192.168.247.1', null, '2017-05-22 17:58:43', '2017-05-22 17:58:53', null, 'gaea', null, null, null, null, null, null, '10009', '20170522', null);
INSERT INTO "GAEA"."BATCH_RUN_TASK_HIST" VALUES ('GAJOB1_20170522_000000_22175840', 'GAJOB1', 'S', '1', null, null, null, null, null, '192.168.8.99', null, '2017-05-22 17:58:43', '2017-05-22 17:58:53', null, 'gaea', null, null, null, null, null, null, '10021', '20170522', null);
INSERT INTO "GAEA"."BATCH_RUN_TASK_HIST" VALUES ('GAJOB3_20170524_000000_24111005', 'GAJOB3', 'S', '1', null, null, null, null, null, '192.168.247.1', null, '2017-05-24 11:10:08', '2017-05-24 11:10:08', null, 'gaea', null, null, null, null, null, null, '153', '20170524', null);
INSERT INTO "GAEA"."BATCH_RUN_TASK_HIST" VALUES ('GAJOB2_20170524_000000_24111000', 'GAJOB2', 'S', '1', null, null, null, null, null, '192.168.247.1', null, '2017-05-24 11:10:04', '2017-05-24 11:10:04', null, 'gaea', null, null, null, null, null, null, '41', '20170524', null);
INSERT INTO "GAEA"."BATCH_RUN_TASK_HIST" VALUES ('GAJOB3_20170524_000000_24111433', 'GAJOB3', 'S', '1', null, null, null, null, null, '192.168.247.1', null, '2017-05-24 11:14:35', '2017-05-24 11:14:35', null, 'gaea', null, null, null, null, null, null, '124', '20170524', null);
INSERT INTO "GAEA"."BATCH_RUN_TASK_HIST" VALUES ('GAJOB1_20170524_000000_24111428', 'GAJOB1', 'S', '1', null, null, null, null, null, '192.168.247.1', null, '2017-05-24 11:14:32', '2017-05-24 11:14:32', null, 'gaea', null, null, null, null, null, null, '77', '20170524', null);
INSERT INTO "GAEA"."BATCH_RUN_TASK_HIST" VALUES ('GAJOB2_20170524_000000_24111428', 'GAJOB2', 'S', '1', null, null, null, null, null, '192.168.247.1', null, '2017-05-24 11:14:32', '2017-05-24 11:14:32', null, 'gaea', null, null, null, null, null, null, '11', '20170524', null);
INSERT INTO "GAEA"."BATCH_RUN_TASK_HIST" VALUES ('GAJOB4_20170524_000000_24111435', 'SPLIT_JOB', 'S', null, null, null, null, null, null, '192.168.247.1', null, '2017-05-24 11:14:38', '2017-05-24 11:14:38', 'GAJOB4', 'gaea', null, null, null, null, null, null, '94', '20170524', null);
INSERT INTO "GAEA"."BATCH_RUN_TASK_HIST" VALUES ('GAJOB4_20170524_000001_24112624', 'GAJOB4', 'S', '1', null, null, null, null, 'partition2', '192.168.247.1', null, '2017-05-24 11:26:28', '2017-05-24 11:26:28', null, 'gaea', null, null, null, '25', 'testUUID113', null, '31', '20170524', null);
INSERT INTO "GAEA"."BATCH_RUN_TASK_HIST" VALUES ('GAJOB4_20170524_000002_24112624', 'GAJOB4', 'S', '2', null, null, null, null, 'partition2', '192.168.247.1', null, '2017-05-24 11:26:28', '2017-05-24 11:26:28', null, 'gaea', null, null, null, 'testUUID115', 'testUUID15', null, '49', '20170524', null);
INSERT INTO "GAEA"."BATCH_RUN_TASK_HIST" VALUES ('GAJOB4_20170524_000003_24112624', 'GAJOB4', 'S', '3', null, null, null, null, 'partition2', '192.168.247.1', null, '2017-05-24 11:26:27', '2017-05-24 11:26:28', null, 'gaea', null, null, null, 'testUUID151', 'testUUID187', null, '409', '20170524', null);
INSERT INTO "GAEA"."BATCH_RUN_TASK_HIST" VALUES ('GAJOB4_20170524_000004_24112624', 'GAJOB4', 'S', '4', null, null, null, null, 'partition2', '192.168.247.1', null, '2017-05-24 11:26:27', '2017-05-24 11:26:28', null, 'gaea', null, null, null, 'testUUID189', 'testUUID223', null, '253', '20170524', null);
INSERT INTO "GAEA"."BATCH_RUN_TASK_HIST" VALUES ('GAJOB4_20170524_000005_24112624', 'GAJOB4', 'S', '5', null, null, null, null, 'partition2', '192.168.247.1', null, '2017-05-24 11:26:27', '2017-05-24 11:26:28', null, 'gaea', null, null, null, 'testUUID225', 'testUUID259', null, '453', '20170524', null);
INSERT INTO "GAEA"."BATCH_RUN_TASK_HIST" VALUES ('GAJOB4_20170524_000006_24112624', 'GAJOB4', 'S', '1', null, null, null, null, 'partition1', '192.168.247.1', null, '2017-05-24 11:26:28', '2017-05-24 11:28:31', null, 'gaea', null, null, null, '44', 'testUUID12', null, '123492', '20170524', null);
INSERT INTO "GAEA"."BATCH_RUN_TASK_HIST" VALUES ('GAJOB4_20170524_000007_24112624', 'GAJOB4', 'S', '2', null, null, null, null, 'partition1', '192.168.247.1', null, '2017-05-24 11:26:28', '2017-05-24 11:26:28', null, 'gaea', null, null, null, 'testUUID120', 'testUUID156', null, '38', '20170524', null);
INSERT INTO "GAEA"."BATCH_RUN_TASK_HIST" VALUES ('GAJOB4_20170524_000008_24112624', 'GAJOB4', 'S', '3', null, null, null, null, 'partition1', '192.168.247.1', null, '2017-05-24 11:26:27', '2017-05-24 11:26:28', null, 'gaea', null, null, null, 'testUUID158', 'testUUID192', null, '491', '20170524', null);
INSERT INTO "GAEA"."BATCH_RUN_TASK_HIST" VALUES ('GAJOB4_20170524_000009_24112624', 'GAJOB4', 'S', '4', null, null, null, null, 'partition1', '192.168.247.1', null, '2017-05-24 11:26:27', '2017-05-24 11:26:28', null, 'gaea', null, null, null, 'testUUID194', 'testUUID226', null, '340', '20170524', null);
INSERT INTO "GAEA"."BATCH_RUN_TASK_HIST" VALUES ('GAJOB4_20170524_000010_24112624', 'GAJOB4', 'S', '5', null, null, null, null, 'partition1', '192.168.247.1', null, '2017-05-24 11:26:28', '2017-05-24 11:26:28', null, 'gaea', null, null, null, 'testUUID228', 'testUUID262', null, '17', '20170524', null);
INSERT INTO "GAEA"."BATCH_RUN_TASK_HIST" VALUES ('GAJOB3_20170524_000000_24112619', 'GAJOB3', 'S', '1', null, null, null, null, null, '192.168.247.1', null, '2017-05-24 11:26:21', '2017-05-24 11:26:21', null, 'gaea', null, null, null, null, null, null, '100', '20170524', null);
INSERT INTO "GAEA"."BATCH_RUN_TASK_HIST" VALUES ('GAJOB4_20170524_000000_24112621', 'SPLIT_JOB', 'S', null, null, null, null, null, null, '192.168.247.1', null, '2017-05-24 11:26:24', '2017-05-24 11:26:24', 'GAJOB4', 'gaea', null, null, null, null, null, null, '174', '20170524', null);
INSERT INTO "GAEA"."BATCH_RUN_TASK_HIST" VALUES ('GAJOB1_20170524_000000_24112615', 'GAJOB1', 'S', '1', null, null, null, null, null, '192.168.247.1', null, '2017-05-24 11:26:18', '2017-05-24 11:26:18', null, 'gaea', null, null, null, null, null, null, '40', '20170524', null);
INSERT INTO "GAEA"."BATCH_RUN_TASK_HIST" VALUES ('GAJOB2_20170524_000000_24112615', 'GAJOB2', 'S', '1', null, null, null, null, null, '192.168.247.1', null, '2017-05-24 11:26:18', '2017-05-24 11:26:18', null, 'gaea', null, null, null, null, null, null, '10', '20170524', null);
INSERT INTO "GAEA"."BATCH_RUN_TASK_HIST" VALUES ('GAJOB3_20170524_000000_24130547', 'GAJOB3', 'S', '1', null, null, null, null, null, '192.168.247.1', null, '2017-05-24 13:05:50', '2017-05-24 13:05:50', null, 'gaea', null, null, null, null, null, null, '49', '20170524', null);
INSERT INTO "GAEA"."BATCH_RUN_TASK_HIST" VALUES ('GAJOB4_20170524_000000_24130550', 'SPLIT_JOB', 'S', null, null, null, null, null, null, '192.168.247.1', null, '2017-05-24 13:05:52', '2017-05-24 13:05:52', 'GAJOB4', 'gaea', null, null, null, null, null, null, '177', '20170524', null);
INSERT INTO "GAEA"."BATCH_RUN_TASK_HIST" VALUES ('GAJOB4_20170524_000001_24130552', 'GAJOB4', 'S', '1', null, null, null, null, 'partition2', '192.168.247.1', null, '2017-05-24 13:05:55', '2017-05-24 13:05:55', null, 'gaea', null, null, null, '25', 'testUUID113', null, '476', '20170524', null);
INSERT INTO "GAEA"."BATCH_RUN_TASK_HIST" VALUES ('GAJOB4_20170524_000002_24130552', 'GAJOB4', 'S', '2', null, null, null, null, 'partition2', '192.168.247.1', null, '2017-05-24 13:05:55', '2017-05-24 13:05:56', null, 'gaea', null, null, null, 'testUUID115', 'testUUID15', null, '22', '20170524', null);
INSERT INTO "GAEA"."BATCH_RUN_TASK_HIST" VALUES ('GAJOB4_20170524_000003_24130552', 'GAJOB4', 'S', '3', null, null, null, null, 'partition2', '192.168.247.1', null, '2017-05-24 13:05:55', '2017-05-24 13:05:55', null, 'gaea', null, null, null, 'testUUID151', 'testUUID187', null, '414', '20170524', null);
INSERT INTO "GAEA"."BATCH_RUN_TASK_HIST" VALUES ('GAJOB1_20170524_000000_24130543', 'GAJOB1', 'S', '1', null, null, null, null, null, '192.168.247.1', null, '2017-05-24 13:05:46', '2017-05-24 13:05:46', null, 'gaea', null, null, null, null, null, null, '56', '20170524', null);
INSERT INTO "GAEA"."BATCH_RUN_TASK_HIST" VALUES ('GAJOB2_20170524_000000_24130543', 'GAJOB2', 'S', '1', null, null, null, null, null, '192.168.247.1', null, '2017-05-24 13:05:46', '2017-05-24 13:05:46', null, 'gaea', null, null, null, null, null, null, '21', '20170524', null);
INSERT INTO "GAEA"."BATCH_RUN_TASK_HIST" VALUES ('GAJOB4_20170524_000004_24130552', 'GAJOB4', 'S', '4', null, null, null, null, 'partition2', '192.168.247.1', null, '2017-05-24 13:05:55', '2017-05-24 13:05:55', null, 'gaea', null, null, null, 'testUUID189', 'testUUID223', null, '94', '20170524', null);
INSERT INTO "GAEA"."BATCH_RUN_TASK_HIST" VALUES ('GAJOB4_20170524_000005_24130552', 'GAJOB4', 'S', '5', null, null, null, null, 'partition2', '192.168.247.1', null, '2017-05-24 13:05:55', '2017-05-24 13:05:55', null, 'gaea', null, null, null, 'testUUID225', 'testUUID259', null, '269', '20170524', null);
INSERT INTO "GAEA"."BATCH_RUN_TASK_HIST" VALUES ('GAJOB4_20170524_000006_24130552', 'GAJOB4', 'S', '1', null, null, null, null, 'partition1', '192.168.247.1', null, '2017-05-24 13:05:55', '2017-05-24 13:05:55', null, 'gaea', null, null, null, '44', 'testUUID12', null, '391', '20170524', null);
INSERT INTO "GAEA"."BATCH_RUN_TASK_HIST" VALUES ('GAJOB4_20170524_000007_24130552', 'GAJOB4', 'S', '2', null, null, null, null, 'partition1', '192.168.247.1', null, '2017-05-24 13:05:55', '2017-05-24 13:05:55', null, 'gaea', null, null, null, 'testUUID120', 'testUUID156', null, '266', '20170524', null);
INSERT INTO "GAEA"."BATCH_RUN_TASK_HIST" VALUES ('GAJOB4_20170524_000008_24130552', 'GAJOB4', 'S', '3', null, null, null, null, 'partition1', '192.168.247.1', null, '2017-05-24 13:05:55', '2017-05-24 13:05:55', null, 'gaea', null, null, null, 'testUUID158', 'testUUID192', null, '254', '20170524', null);
INSERT INTO "GAEA"."BATCH_RUN_TASK_HIST" VALUES ('GAJOB4_20170524_000009_24130552', 'GAJOB4', 'S', '4', null, null, null, null, 'partition1', '192.168.247.1', null, '2017-05-24 13:05:55', '2017-05-24 13:05:55', null, 'gaea', null, null, null, 'testUUID194', 'testUUID226', null, '419', '20170524', null);
INSERT INTO "GAEA"."BATCH_RUN_TASK_HIST" VALUES ('GAJOB4_20170524_000010_24130552', 'GAJOB4', 'S', '5', null, null, null, null, 'partition1', '192.168.247.1', null, '2017-05-24 13:05:55', '2017-05-24 13:05:55', null, 'gaea', null, null, null, 'testUUID228', 'testUUID262', null, '23', '20170524', null);
INSERT INTO "GAEA"."BATCH_RUN_TASK_HIST" VALUES ('GAJOB5_20170524_000000_24161626', 'GAJOB5', 'S', '1', null, null, null, null, null, '192.168.8.99', 'null
java.lang.NullPointerException
	at com.dcits.orion.batch.task.service.AbstractTask.init(AbstractTask.java:56)
	at com.dcits.orion.batch.task.service.MrTask.runTask(MrTask.java:16)
	at sun.reflect.NativeMethodAccessorImpl.invoke0(Native Method)
	at sun.reflect.NativeMethodAccessorImpl.invoke(NativeMethodAccessorImpl.java:57)
	at sun.reflect.DelegatingMethodAccessorImpl.invoke(DelegatingMethodAccessorImpl.java:43)
	at java.lang.reflect.Method.invoke(Method.java:606)
	at com.dcits.orion.batch.task.common.TaskProcess.invoke(TaskProcess.java:181)
	at com.dcits.orion.batch.task.common.TaskProcess.processTask(TaskProcess.java:112)
	at com.dcits.orion.batch.task.common.TaskThread.run(TaskThread.java:35)
	at com.dcits.galaxy.core.loggerx.Slf4jRunnableWrapper.run(Slf4jRunnableWrapper.java:22)
	at java.util.concurrent.ThreadPoolExecutor.runWorker(ThreadPoolExecutor.java:1145)
	at java.util.concurrent.ThreadPoolExecutor$Worker.run(ThreadPoolExecutor.java:615)
	at java.lang.Thread.run(Thread.java:745)
', '2017-05-24 16:58:08', '2017-05-24 16:58:11', null, 'gaea', null, null, null, null, null, null, '3940', '20170524', null);
INSERT INTO "GAEA"."BATCH_RUN_TASK_HIST" VALUES ('GAJOB3_20170524_000000_24161616', 'GAJOB3', 'S', '1', null, null, null, null, null, '192.168.8.99', null, '2017-05-24 16:16:19', '2017-05-24 16:16:19', null, 'gaea', null, null, null, null, null, null, '12', '20170524', null);
INSERT INTO "GAEA"."BATCH_RUN_TASK_HIST" VALUES ('GAJOB1_20170519_000000_19164032', 'GAJOB1', 'S', '1', null, null, null, null, null, '192.168.8.99', null, '2017-05-19 16:40:35', '2017-05-19 16:40:45', null, 'gaea', null, null, null, null, null, null, '10011', '20170519', null);
INSERT INTO "GAEA"."BATCH_RUN_TASK_HIST" VALUES ('GAJOB2_20170520_000000_20111300', 'GAJOB2', 'S', '1', null, null, null, null, null, '192.168.8.99', null, '2017-05-20 11:13:04', '2017-05-20 11:13:16', null, 'gaea', null, null, null, null, null, null, '11209', '20170520', null);
INSERT INTO "GAEA"."BATCH_RUN_TASK_HIST" VALUES ('GAJOB1_20170520_000000_20111300', 'GAJOB1', 'S', '1', null, null, null, null, null, '192.168.8.99', null, '2017-05-20 11:13:04', '2017-05-20 11:13:16', null, 'gaea', null, null, null, null, null, null, '11247', '20170520', null);
INSERT INTO "GAEA"."BATCH_RUN_TASK_HIST" VALUES ('GAJOB2_20170522_000000_22174140', 'GAJOB2', 'S', '1', null, null, null, null, null, '192.168.8.99', null, '2017-05-22 17:41:43', '2017-05-22 17:41:53', null, 'gaea', null, null, null, null, null, null, '10021', '20170522', null);
INSERT INTO "GAEA"."BATCH_RUN_TASK_HIST" VALUES ('GAJOB1_20170522_000000_22174140', 'GAJOB1', 'S', '1', null, null, null, null, null, '192.168.8.99', null, '2017-05-22 17:41:43', '2017-05-22 17:41:53', null, 'gaea', null, null, null, null, null, null, '10027', '20170522', null);
INSERT INTO "GAEA"."BATCH_RUN_TASK_HIST" VALUES ('GAJOB2_20170522_000000_22174340', 'GAJOB2', 'S', '1', null, null, null, null, null, '192.168.8.99', null, '2017-05-22 17:43:43', '2017-05-22 17:43:53', null, 'gaea', null, null, null, null, null, null, '10022', '20170522', null);
INSERT INTO "GAEA"."BATCH_RUN_TASK_HIST" VALUES ('GAJOB1_20170522_000000_22174340', 'GAJOB1', 'S', '1', null, null, null, null, null, '192.168.8.99', null, '2017-05-22 17:43:43', '2017-05-22 17:43:53', null, 'gaea', null, null, null, null, null, null, '10018', '20170522', null);
INSERT INTO "GAEA"."BATCH_RUN_TASK_HIST" VALUES ('GAJOB2_20170522_000000_22174400', 'GAJOB2', 'S', '1', null, null, null, null, null, '192.168.247.1', null, '2017-05-22 17:45:42', '2017-05-22 17:45:52', null, 'gaea', null, null, null, null, null, null, '10036', '20170522', null);
INSERT INTO "GAEA"."BATCH_RUN_TASK_HIST" VALUES ('GAJOB1_20170522_000000_22174400', 'GAJOB1', 'S', '1', null, null, null, null, null, '192.168.8.99', null, '2017-05-22 17:44:03', '2017-05-22 17:44:13', null, 'gaea', null, null, null, null, null, null, '10026', '20170522', null);
INSERT INTO "GAEA"."BATCH_RUN_TASK_HIST" VALUES ('GAJOB2_20170522_000000_22174640', 'GAJOB2', 'S', '1', null, null, null, null, null, '192.168.247.1', null, '2017-05-22 17:46:43', '2017-05-22 17:46:53', null, 'gaea', null, null, null, null, null, null, '10014', '20170522', null);
INSERT INTO "GAEA"."BATCH_RUN_TASK_HIST" VALUES ('GAJOB1_20170522_000000_22174640', 'GAJOB1', 'S', '1', null, null, null, null, null, '192.168.247.1', null, '2017-05-22 17:46:43', '2017-05-22 17:46:53', null, 'gaea', null, null, null, null, null, null, '10011', '20170522', null);
INSERT INTO "GAEA"."BATCH_RUN_TASK_HIST" VALUES ('GAJOB2_20170522_000000_22174700', 'GAJOB2', 'S', '1', null, null, null, null, null, '192.168.247.1', null, '2017-05-22 17:47:03', '2017-05-22 17:47:13', null, 'gaea', null, null, null, null, null, null, '10014', '20170522', null);
INSERT INTO "GAEA"."BATCH_RUN_TASK_HIST" VALUES ('GAJOB1_20170522_000000_22174700', 'GAJOB1', 'S', '1', null, null, null, null, null, '192.168.247.1', null, '2017-05-22 17:47:03', '2017-05-22 17:47:13', null, 'gaea', null, null, null, null, null, null, '10010', '20170522', null);
INSERT INTO "GAEA"."BATCH_RUN_TASK_HIST" VALUES ('GAJOB2_20170522_000000_22174840', 'GAJOB2', 'S', '1', null, null, null, null, null, '192.168.247.1', null, '2017-05-22 17:48:43', '2017-05-22 17:48:53', null, 'gaea', null, null, null, null, null, null, '10011', '20170522', null);
INSERT INTO "GAEA"."BATCH_RUN_TASK_HIST" VALUES ('GAJOB1_20170522_000000_22174840', 'GAJOB1', 'S', '1', null, null, null, null, null, '192.168.247.1', null, '2017-05-22 17:48:43', '2017-05-22 17:48:53', null, 'gaea', null, null, null, null, null, null, '10007', '20170522', null);
INSERT INTO "GAEA"."BATCH_RUN_TASK_HIST" VALUES ('GAJOB2_20170522_000000_22174940', 'GAJOB2', 'S', '1', null, null, null, null, null, '192.168.247.1', null, '2017-05-22 17:49:43', '2017-05-22 17:49:53', null, 'gaea', null, null, null, null, null, null, '10010', '20170522', null);
INSERT INTO "GAEA"."BATCH_RUN_TASK_HIST" VALUES ('GAJOB1_20170522_000000_22174940', 'GAJOB1', 'S', '1', null, null, null, null, null, '192.168.247.1', null, '2017-05-22 17:49:43', '2017-05-22 17:49:53', null, 'gaea', null, null, null, null, null, null, '10012', '20170522', null);
INSERT INTO "GAEA"."BATCH_RUN_TASK_HIST" VALUES ('GAJOB2_20170522_000000_22175020', 'GAJOB2', 'S', '1', null, null, null, null, null, '192.168.247.1', null, '2017-05-22 17:50:23', '2017-05-22 17:50:33', null, 'gaea', null, null, null, null, null, null, '10013', '20170522', null);
INSERT INTO "GAEA"."BATCH_RUN_TASK_HIST" VALUES ('GAJOB1_20170522_000000_22175020', 'GAJOB1', 'S', '1', null, null, null, null, null, '192.168.247.1', null, '2017-05-22 17:50:23', '2017-05-22 17:50:33', null, 'gaea', null, null, null, null, null, null, '10012', '20170522', null);
INSERT INTO "GAEA"."BATCH_RUN_TASK_HIST" VALUES ('GAJOB2_20170522_000000_22175040', 'GAJOB2', 'S', '1', null, null, null, null, null, '192.168.247.1', null, '2017-05-22 17:50:43', '2017-05-22 17:50:53', null, 'gaea', null, null, null, null, null, null, '10008', '20170522', null);
INSERT INTO "GAEA"."BATCH_RUN_TASK_HIST" VALUES ('GAJOB1_20170522_000000_22175040', 'GAJOB1', 'S', '1', null, null, null, null, null, '192.168.247.1', null, '2017-05-22 17:50:43', '2017-05-22 17:50:53', null, 'gaea', null, null, null, null, null, null, '10008', '20170522', null);
INSERT INTO "GAEA"."BATCH_RUN_TASK_HIST" VALUES ('GAJOB2_20170522_000000_22175100', 'GAJOB2', 'S', '1', null, null, null, null, null, '192.168.247.1', null, '2017-05-22 17:51:03', '2017-05-22 17:51:13', null, 'gaea', null, null, null, null, null, null, '10012', '20170522', null);
INSERT INTO "GAEA"."BATCH_RUN_TASK_HIST" VALUES ('GAJOB1_20170522_000000_22175100', 'GAJOB1', 'S', '1', null, null, null, null, null, '192.168.247.1', null, '2017-05-22 17:51:03', '2017-05-22 17:51:13', null, 'gaea', null, null, null, null, null, null, '10010', '20170522', null);
INSERT INTO "GAEA"."BATCH_RUN_TASK_HIST" VALUES ('GAJOB2_20170522_000000_22175200', 'GAJOB2', 'S', '1', null, null, null, null, null, '192.168.247.1', null, '2017-05-22 17:52:03', '2017-05-22 17:52:13', null, 'gaea', null, null, null, null, null, null, '10012', '20170522', null);
INSERT INTO "GAEA"."BATCH_RUN_TASK_HIST" VALUES ('GAJOB1_20170522_000000_22175200', 'GAJOB1', 'S', '1', null, null, null, null, null, '192.168.247.1', null, '2017-05-22 17:52:03', '2017-05-22 17:52:13', null, 'gaea', null, null, null, null, null, null, '10011', '20170522', null);
INSERT INTO "GAEA"."BATCH_RUN_TASK_HIST" VALUES ('GAJOB2_20170522_000000_22175320', 'GAJOB2', 'S', '1', null, null, null, null, null, '192.168.247.1', null, '2017-05-22 17:53:23', '2017-05-22 17:53:33', null, 'gaea', null, null, null, null, null, null, '10012', '20170522', null);
INSERT INTO "GAEA"."BATCH_RUN_TASK_HIST" VALUES ('GAJOB1_20170522_000000_22175320', 'GAJOB1', 'S', '1', null, null, null, null, null, '192.168.247.1', null, '2017-05-22 17:53:23', '2017-05-22 17:53:33', null, 'gaea', null, null, null, null, null, null, '10010', '20170522', null);
INSERT INTO "GAEA"."BATCH_RUN_TASK_HIST" VALUES ('GAJOB2_20170522_000000_22175420', 'GAJOB2', 'S', '1', null, null, null, null, null, '192.168.247.1', null, '2017-05-22 17:54:23', '2017-05-22 17:54:33', null, 'gaea', null, null, null, null, null, null, '10010', '20170522', null);
INSERT INTO "GAEA"."BATCH_RUN_TASK_HIST" VALUES ('GAJOB1_20170522_000000_22175420', 'GAJOB1', 'S', '1', null, null, null, null, null, '192.168.247.1', null, '2017-05-22 17:54:23', '2017-05-22 17:54:33', null, 'gaea', null, null, null, null, null, null, '10008', '20170522', null);
INSERT INTO "GAEA"."BATCH_RUN_TASK_HIST" VALUES ('GAJOB2_20170522_000000_22175520', 'GAJOB2', 'S', '1', null, null, null, null, null, '192.168.247.1', null, '2017-05-22 17:55:23', '2017-05-22 17:55:33', null, 'gaea', null, null, null, null, null, null, '10009', '20170522', null);
INSERT INTO "GAEA"."BATCH_RUN_TASK_HIST" VALUES ('GAJOB1_20170522_000000_22175520', 'GAJOB1', 'S', '1', null, null, null, null, null, '192.168.247.1', null, '2017-05-22 17:55:23', '2017-05-22 17:55:33', null, 'gaea', null, null, null, null, null, null, '10009', '20170522', null);
INSERT INTO "GAEA"."BATCH_RUN_TASK_HIST" VALUES ('GAJOB2_20170522_000000_22175540', 'GAJOB2', 'S', '1', null, null, null, null, null, '192.168.247.1', null, '2017-05-22 17:55:43', '2017-05-22 17:55:53', null, 'gaea', null, null, null, null, null, null, '10009', '20170522', null);
INSERT INTO "GAEA"."BATCH_RUN_TASK_HIST" VALUES ('GAJOB1_20170522_000000_22175540', 'GAJOB1', 'S', '1', null, null, null, null, null, '192.168.247.1', null, '2017-05-22 17:55:43', '2017-05-22 17:55:53', null, 'gaea', null, null, null, null, null, null, '10008', '20170522', null);
INSERT INTO "GAEA"."BATCH_RUN_TASK_HIST" VALUES ('GAJOB2_20170522_000000_22175620', 'GAJOB2', 'S', '1', null, null, null, null, null, '192.168.247.1', null, '2017-05-22 17:56:23', '2017-05-22 17:56:33', null, 'gaea', null, null, null, null, null, null, '10006', '20170522', null);
INSERT INTO "GAEA"."BATCH_RUN_TASK_HIST" VALUES ('GAJOB1_20170522_000000_22175620', 'GAJOB1', 'S', '1', null, null, null, null, null, '192.168.247.1', null, '2017-05-22 17:56:23', '2017-05-22 17:56:33', null, 'gaea', null, null, null, null, null, null, '10006', '20170522', null);
INSERT INTO "GAEA"."BATCH_RUN_TASK_HIST" VALUES ('GAJOB2_20170522_000000_22175640', 'GAJOB2', 'S', '1', null, null, null, null, null, '192.168.247.1', null, '2017-05-22 17:56:43', '2017-05-22 17:56:53', null, 'gaea', null, null, null, null, null, null, '10013', '20170522', null);
INSERT INTO "GAEA"."BATCH_RUN_TASK_HIST" VALUES ('GAJOB1_20170522_000000_22175640', 'GAJOB1', 'S', '1', null, null, null, null, null, '192.168.8.99', null, '2017-05-22 17:56:43', '2017-05-22 17:56:53', null, 'gaea', null, null, null, null, null, null, '10053', '20170522', null);
INSERT INTO "GAEA"."BATCH_RUN_TASK_HIST" VALUES ('GAJOB2_20170522_000000_22175720', 'GAJOB2', 'S', '1', null, null, null, null, null, '192.168.247.1', null, '2017-05-22 17:57:23', '2017-05-22 17:57:33', null, 'gaea', null, null, null, null, null, null, '10009', '20170522', null);
INSERT INTO "GAEA"."BATCH_RUN_TASK_HIST" VALUES ('GAJOB1_20170522_000000_22175720', 'GAJOB1', 'S', '1', null, null, null, null, null, '192.168.8.99', null, '2017-05-22 17:57:23', '2017-05-22 17:57:33', null, 'gaea', null, null, null, null, null, null, '10022', '20170522', null);
INSERT INTO "GAEA"."BATCH_RUN_TASK_HIST" VALUES ('GAJOB2_20170522_000000_22175900', 'GAJOB2', 'S', '1', null, null, null, null, null, '192.168.8.99', null, '2017-05-22 17:59:03', '2017-05-22 17:59:13', null, 'gaea', null, null, null, null, null, null, '10023', '20170522', null);
INSERT INTO "GAEA"."BATCH_RUN_TASK_HIST" VALUES ('GAJOB1_20170522_000000_22175900', 'GAJOB1', 'S', '1', null, null, null, null, null, '192.168.8.99', null, '2017-05-22 17:59:03', '2017-05-22 17:59:13', null, 'gaea', null, null, null, null, null, null, '10022', '20170522', null);
INSERT INTO "GAEA"."BATCH_RUN_TASK_HIST" VALUES ('GAJOB1_20170524_000000_24111048', 'GAJOB1', 'S', '1', null, null, null, null, null, '192.168.247.1', null, '2017-05-24 11:10:51', '2017-05-24 11:10:51', null, 'gaea', null, null, null, null, null, null, '30', '20170524', null);
INSERT INTO "GAEA"."BATCH_RUN_TASK_HIST" VALUES ('GAJOB2_20170524_000000_24111048', 'GAJOB2', 'S', '1', null, null, null, null, null, '192.168.247.1', null, '2017-05-24 11:10:51', '2017-05-24 11:10:51', null, 'gaea', null, null, null, null, null, null, '16', '20170524', null);
INSERT INTO "GAEA"."BATCH_RUN_TASK_HIST" VALUES ('GAJOB4_20170524_000000_24111054', 'SPLIT_JOB', 'S', null, null, null, null, null, null, '192.168.247.1', null, '2017-05-24 11:10:57', '2017-05-24 11:10:58', 'GAJOB4', 'gaea', null, null, null, null, null, null, '156', '20170524', null);
INSERT INTO "GAEA"."BATCH_RUN_TASK_HIST" VALUES ('GAJOB3_20170524_000000_24111052', 'GAJOB3', 'S', '1', null, null, null, null, null, '192.168.247.1', null, '2017-05-24 11:10:54', '2017-05-24 11:10:54', null, 'gaea', null, null, null, null, null, null, '26', '20170524', null);
INSERT INTO "GAEA"."BATCH_RUN_TASK_HIST" VALUES ('GAJOB1_20170524_000000_24111804', 'GAJOB1', 'S', '1', null, null, null, null, null, '192.168.247.1', null, '2017-05-24 11:18:08', '2017-05-24 11:18:08', null, 'gaea', null, null, null, null, null, null, '11', '20170524', null);
INSERT INTO "GAEA"."BATCH_RUN_TASK_HIST" VALUES ('GAJOB2_20170524_000000_24111804', 'GAJOB2', 'S', '1', null, null, null, null, null, '192.168.247.1', null, '2017-05-24 11:18:08', '2017-05-24 11:18:08', null, 'gaea', null, null, null, null, null, null, '20', '20170524', null);
INSERT INTO "GAEA"."BATCH_RUN_TASK_HIST" VALUES ('GAJOB4_20170524_000000_24111811', 'SPLIT_JOB', 'S', null, null, null, null, null, null, '192.168.247.1', null, '2017-05-24 11:18:14', '2017-05-24 11:18:14', 'GAJOB4', 'gaea', null, null, null, null, null, null, '73', '20170524', null);
INSERT INTO "GAEA"."BATCH_RUN_TASK_HIST" VALUES ('GAJOB3_20170524_000000_24111808', 'GAJOB3', 'S', '1', null, null, null, null, null, '192.168.247.1', null, '2017-05-24 11:18:11', '2017-05-24 11:18:11', null, 'gaea', null, null, null, null, null, null, '29', '20170524', null);
INSERT INTO "GAEA"."BATCH_RUN_TASK_HIST" VALUES ('GAJOB4_20170524_000000_24161436', 'SPLIT_JOB', 'S', null, null, null, null, null, null, '192.168.8.99', null, '2017-05-24 16:14:39', '2017-05-24 16:14:39', 'GAJOB4', 'gaea', null, null, null, null, null, null, '71', '20170524', null);
INSERT INTO "GAEA"."BATCH_RUN_TASK_HIST" VALUES ('GAJOB4_20170524_000001_24161439', 'GAJOB4', 'S', '1', null, null, null, null, 'partition2', '192.168.8.99', null, '2017-05-24 16:14:42', '2017-05-24 16:14:42', null, 'gaea', null, null, null, '25', 'testUUID113', null, '519', '20170524', null);
INSERT INTO "GAEA"."BATCH_RUN_TASK_HIST" VALUES ('GAJOB3_20170524_000000_24161433', 'GAJOB3', 'S', '1', null, null, null, null, null, '192.168.8.99', null, '2017-05-24 16:14:36', '2017-05-24 16:14:36', null, 'gaea', null, null, null, null, null, null, '60', '20170524', null);
INSERT INTO "GAEA"."BATCH_RUN_TASK_HIST" VALUES ('GAJOB4_20170524_000002_24161439', 'GAJOB4', 'S', '2', null, null, null, null, 'partition2', '192.168.8.99', null, '2017-05-24 16:14:42', '2017-05-24 16:14:42', null, 'gaea', null, null, null, 'testUUID115', 'testUUID15', null, '481', '20170524', null);
INSERT INTO "GAEA"."BATCH_RUN_TASK_HIST" VALUES ('GAJOB4_20170524_000003_24161439', 'GAJOB4', 'S', '3', null, null, null, null, 'partition2', '192.168.247.1', null, '2017-05-24 16:14:42', '2017-05-24 16:14:42', null, 'gaea', null, null, null, 'testUUID151', 'testUUID187', null, '44', '20170524', null);
INSERT INTO "GAEA"."BATCH_RUN_TASK_HIST" VALUES ('GAJOB4_20170524_000004_24161439', 'GAJOB4', 'S', '4', null, null, null, null, 'partition2', '192.168.247.1', null, '2017-05-24 16:14:42', '2017-05-24 16:14:42', null, 'gaea', null, null, null, 'testUUID189', 'testUUID223', null, '46', '20170524', null);
INSERT INTO "GAEA"."BATCH_RUN_TASK_HIST" VALUES ('GAJOB4_20170524_000005_24161439', 'GAJOB4', 'S', '5', null, null, null, null, 'partition2', '192.168.247.1', null, '2017-05-24 16:14:42', '2017-05-24 16:14:42', null, 'gaea', null, null, null, 'testUUID225', 'testUUID259', null, '39', '20170524', null);
INSERT INTO "GAEA"."BATCH_RUN_TASK_HIST" VALUES ('GAJOB4_20170524_000006_24161439', 'GAJOB4', 'S', '1', null, null, null, null, 'partition1', '192.168.8.99', null, '2017-05-24 16:14:42', '2017-05-24 16:14:42', null, 'gaea', null, null, null, '44', 'testUUID12', null, '491', '20170524', null);
INSERT INTO "GAEA"."BATCH_RUN_TASK_HIST" VALUES ('GAJOB4_20170524_000007_24161439', 'GAJOB4', 'S', '2', null, null, null, null, 'partition1', '192.168.8.99', null, '2017-05-24 16:14:42', '2017-05-24 16:14:42', null, 'gaea', null, null, null, 'testUUID120', 'testUUID156', null, '432', '20170524', null);
INSERT INTO "GAEA"."BATCH_RUN_TASK_HIST" VALUES ('GAJOB4_20170524_000008_24161439', 'GAJOB4', 'S', '3', null, null, null, null, 'partition1', '192.168.247.1', null, '2017-05-24 16:14:42', '2017-05-24 16:14:42', null, 'gaea', null, null, null, 'testUUID158', 'testUUID192', null, '43', '20170524', null);
INSERT INTO "GAEA"."BATCH_RUN_TASK_HIST" VALUES ('GAJOB4_20170524_000009_24161439', 'GAJOB4', 'S', '4', null, null, null, null, 'partition1', '192.168.247.1', null, '2017-05-24 16:14:42', '2017-05-24 16:14:42', null, 'gaea', null, null, null, 'testUUID194', 'testUUID226', null, '26', '20170524', null);
INSERT INTO "GAEA"."BATCH_RUN_TASK_HIST" VALUES ('GAJOB4_20170524_000010_24161439', 'GAJOB4', 'S', '5', null, null, null, null, 'partition1', '192.168.247.1', null, '2017-05-24 16:14:42', '2017-05-24 16:14:42', null, 'gaea', null, null, null, 'testUUID228', 'testUUID262', null, '28', '20170524', null);
INSERT INTO "GAEA"."BATCH_RUN_TASK_HIST" VALUES ('GAJOB1_20170524_000000_24161429', 'GAJOB1', 'S', '1', null, null, null, null, null, '192.168.8.99', null, '2017-05-24 16:14:30', '2017-05-24 16:14:30', null, 'gaea', null, null, null, null, null, null, '44', '20170524', null);
INSERT INTO "GAEA"."BATCH_RUN_TASK_HIST" VALUES ('GAJOB5_20170524_000000_24161442', 'GAJOB5', 'S', '1', null, null, null, null, null, '192.168.8.99', 'com.dcits.orion.batch.task.service
java.lang.ClassNotFoundException: com.dcits.orion.batch.task.service
	at java.net.URLClassLoader$1.run(URLClassLoader.java:366)
	at java.net.URLClassLoader$1.run(URLClassLoader.java:355)
	at java.security.AccessController.doPrivileged(Native Method)
	at java.net.URLClassLoader.findClass(URLClassLoader.java:354)
	at java.lang.ClassLoader.loadClass(ClassLoader.java:425)
	at sun.misc.Launcher$AppClassLoader.loadClass(Launcher.java:308)
	at java.lang.ClassLoader.loadClass(ClassLoader.java:358)
	at java.lang.Class.forName0(Native Method)
	at java.lang.Class.forName(Class.java:191)
	at com.dcits.orion.batch.task.common.TaskProcess.processTask(TaskProcess.java:92)
	at com.dcits.orion.batch.task.common.TaskThread.run(TaskThread.java:35)
	at com.dcits.galaxy.core.loggerx.Slf4jRunnableWrapper.run(Slf4jRunnableWrapper.java:22)
	at java.util.concurrent.ThreadPoolExecutor.runWorker(ThreadPoolExecutor.java:1145)
	at java.util.concurrent.ThreadPoolExecutor$Worker.run(ThreadPoolExecutor.java:615)
	at java.lang.Thread.run(Thread.java:745)
', '2017-05-24 16:14:45', '2017-05-24 16:14:45', null, 'gaea', null, null, null, null, null, null, '5', '20170524', null);
INSERT INTO "GAEA"."BATCH_RUN_TASK_HIST" VALUES ('GAJOB2_20170524_000000_24161429', 'GAJOB2', 'S', '1', null, null, null, null, null, '192.168.8.99', null, '2017-05-24 16:14:33', '2017-05-24 16:14:33', null, 'gaea', null, null, null, null, null, null, '9', '20170524', null);
INSERT INTO "GAEA"."BATCH_RUN_TASK_HIST" VALUES ('GAJOB4_20170524_000000_24161619', 'SPLIT_JOB', 'S', null, null, null, null, null, null, '192.168.8.99', null, '2017-05-24 16:16:22', '2017-05-24 16:16:22', 'GAJOB4', 'gaea', null, null, null, null, null, null, '78', '20170524', null);
INSERT INTO "GAEA"."BATCH_RUN_TASK_HIST" VALUES ('GAJOB1_20170524_000000_24161613', 'GAJOB1', 'S', '1', null, null, null, null, null, '192.168.8.99', null, '2017-05-24 16:16:16', '2017-05-24 16:16:16', null, 'gaea', null, null, null, null, null, null, '9', '20170524', null);
INSERT INTO "GAEA"."BATCH_RUN_TASK_HIST" VALUES ('GAJOB4_20170524_000001_24161622', 'GAJOB4', 'S', '1', null, null, null, null, 'partition2', '192.168.8.99', null, '2017-05-24 16:16:25', '2017-05-24 16:16:25', null, 'gaea', null, null, null, '25', 'testUUID113', null, '23', '20170524', null);
INSERT INTO "GAEA"."BATCH_RUN_TASK_HIST" VALUES ('GAJOB2_20170524_000000_24161613', 'GAJOB2', 'S', '1', null, null, null, null, null, '192.168.8.99', null, '2017-05-24 16:16:16', '2017-05-24 16:16:16', null, 'gaea', null, null, null, null, null, null, '6', '20170524', null);
INSERT INTO "GAEA"."BATCH_RUN_TASK_HIST" VALUES ('GAJOB4_20170524_000002_24161622', 'GAJOB4', 'S', '2', null, null, null, null, 'partition2', '192.168.8.99', null, '2017-05-24 16:16:25', '2017-05-24 16:16:25', null, 'gaea', null, null, null, 'testUUID115', 'testUUID15', null, '20', '20170524', null);
INSERT INTO "GAEA"."BATCH_RUN_TASK_HIST" VALUES ('GAJOB4_20170524_000003_24161622', 'GAJOB4', 'S', '3', null, null, null, null, 'partition2', '192.168.247.1', null, '2017-05-24 16:16:25', '2017-05-24 16:16:25', null, 'gaea', null, null, null, 'testUUID151', 'testUUID187', null, '27', '20170524', null);
INSERT INTO "GAEA"."BATCH_RUN_TASK_HIST" VALUES ('GAJOB4_20170524_000004_24161622', 'GAJOB4', 'S', '4', null, null, null, null, 'partition2', '192.168.8.99', null, '2017-05-24 16:16:25', '2017-05-24 16:16:25', null, 'gaea', null, null, null, 'testUUID189', 'testUUID223', null, '15', '20170524', null);
INSERT INTO "GAEA"."BATCH_RUN_TASK_HIST" VALUES ('GAJOB4_20170524_000005_24161622', 'GAJOB4', 'S', '5', null, null, null, null, 'partition2', '192.168.8.99', null, '2017-05-24 16:16:25', '2017-05-24 16:16:25', null, 'gaea', null, null, null, 'testUUID225', 'testUUID259', null, '65', '20170524', null);
INSERT INTO "GAEA"."BATCH_RUN_TASK_HIST" VALUES ('GAJOB4_20170524_000006_24161622', 'GAJOB4', 'S', '1', null, null, null, null, 'partition1', '192.168.8.99', null, '2017-05-24 16:16:25', '2017-05-24 16:16:25', null, 'gaea', null, null, null, '44', 'testUUID12', null, '23', '20170524', null);
INSERT INTO "GAEA"."BATCH_RUN_TASK_HIST" VALUES ('GAJOB4_20170524_000007_24161622', 'GAJOB4', 'S', '2', null, null, null, null, 'partition1', '192.168.8.99', null, '2017-05-24 16:16:25', '2017-05-24 16:16:25', null, 'gaea', null, null, null, 'testUUID120', 'testUUID156', null, '18', '20170524', null);
INSERT INTO "GAEA"."BATCH_RUN_TASK_HIST" VALUES ('GAJOB4_20170524_000008_24161622', 'GAJOB4', 'S', '3', null, null, null, null, 'partition1', '192.168.8.99', null, '2017-05-24 16:16:25', '2017-05-24 16:16:25', null, 'gaea', null, null, null, 'testUUID158', 'testUUID192', null, '54', '20170524', null);
INSERT INTO "GAEA"."BATCH_RUN_TASK_HIST" VALUES ('GAJOB4_20170524_000009_24161622', 'GAJOB4', 'S', '4', null, null, null, null, 'partition1', '192.168.8.99', null, '2017-05-24 16:16:25', '2017-05-24 16:16:25', null, 'gaea', null, null, null, 'testUUID194', 'testUUID226', null, '69', '20170524', null);
INSERT INTO "GAEA"."BATCH_RUN_TASK_HIST" VALUES ('GAJOB4_20170524_000010_24161622', 'GAJOB4', 'S', '5', null, null, null, null, 'partition1', '192.168.8.99', null, '2017-05-24 16:16:25', '2017-05-24 16:16:25', null, 'gaea', null, null, null, 'testUUID228', 'testUUID262', null, '45', '20170524', null);
INSERT INTO "GAEA"."BATCH_RUN_TASK_HIST" VALUES ('GAJOB1_20170524_000000_24170315', 'GAJOB1', 'S', '1', null, null, null, null, null, '192.168.8.99', null, '2017-05-24 17:03:19', '2017-05-24 17:03:19', null, 'gaea', null, null, null, null, null, null, '9', '20170524', null);
INSERT INTO "GAEA"."BATCH_RUN_TASK_HIST" VALUES ('GAJOB2_20170524_000000_24170315', 'GAJOB2', 'S', '1', null, null, null, null, null, '192.168.8.99', null, '2017-05-24 17:03:19', '2017-05-24 17:03:19', null, 'gaea', null, null, null, null, null, null, '14', '20170524', null);
INSERT INTO "GAEA"."BATCH_RUN_TASK_HIST" VALUES ('GAJOB4_20170524_000000_24170322', 'SPLIT_JOB', 'S', null, null, null, null, null, null, '192.168.8.99', null, '2017-05-24 17:03:25', '2017-05-24 17:03:25', 'GAJOB4', 'gaea', null, null, null, null, null, null, '80', '20170524', null);
INSERT INTO "GAEA"."BATCH_RUN_TASK_HIST" VALUES ('GAJOB4_20170524_000001_24170325', 'GAJOB4', 'S', '1', null, null, null, null, 'partition2', '192.168.8.99', null, '2017-05-24 17:03:28', '2017-05-24 17:03:29', null, 'gaea', null, null, null, '25', 'testUUID113', null, '456', '20170524', null);
INSERT INTO "GAEA"."BATCH_RUN_TASK_HIST" VALUES ('GAJOB4_20170524_000002_24170325', 'GAJOB4', 'S', '2', null, null, null, null, 'partition2', '192.168.8.99', null, '2017-05-24 17:03:29', '2017-05-24 17:03:29', null, 'gaea', null, null, null, 'testUUID115', 'testUUID15', null, '103', '20170524', null);
INSERT INTO "GAEA"."BATCH_RUN_TASK_HIST" VALUES ('GAJOB4_20170524_000003_24170325', 'GAJOB4', 'S', '3', null, null, null, null, 'partition2', '192.168.8.99', null, '2017-05-24 17:03:29', '2017-05-24 17:03:29', null, 'gaea', null, null, null, 'testUUID151', 'testUUID187', null, '108', '20170524', null);
INSERT INTO "GAEA"."BATCH_RUN_TASK_HIST" VALUES ('GAJOB4_20170524_000004_24170325', 'GAJOB4', 'S', '4', null, null, null, null, 'partition2', '192.168.8.99', null, '2017-05-24 17:03:29', '2017-05-24 17:03:29', null, 'gaea', null, null, null, 'testUUID189', 'testUUID223', null, '68', '20170524', null);
INSERT INTO "GAEA"."BATCH_RUN_TASK_HIST" VALUES ('GAJOB4_20170524_000005_24170325', 'GAJOB4', 'S', '5', null, null, null, null, 'partition2', '192.168.8.99', null, '2017-05-24 17:03:29', '2017-05-24 17:03:29', null, 'gaea', null, null, null, 'testUUID225', 'testUUID259', null, '23', '20170524', null);
INSERT INTO "GAEA"."BATCH_RUN_TASK_HIST" VALUES ('GAJOB4_20170524_000006_24170325', 'GAJOB4', 'S', '1', null, null, null, null, 'partition1', '192.168.8.99', null, '2017-05-24 17:03:28', '2017-05-24 17:03:29', null, 'gaea', null, null, null, '44', 'testUUID12', null, '64', '20170524', null);
INSERT INTO "GAEA"."BATCH_RUN_TASK_HIST" VALUES ('GAJOB4_20170524_000007_24170325', 'GAJOB4', 'S', '2', null, null, null, null, 'partition1', '192.168.8.99', null, '2017-05-24 17:03:29', '2017-05-24 17:03:29', null, 'gaea', null, null, null, 'testUUID120', 'testUUID156', null, '45', '20170524', null);
INSERT INTO "GAEA"."BATCH_RUN_TASK_HIST" VALUES ('GAJOB4_20170524_000008_24170325', 'GAJOB4', 'S', '3', null, null, null, null, 'partition1', '192.168.247.1', null, '2017-05-24 17:03:29', '2017-05-24 17:03:29', null, 'gaea', null, null, null, 'testUUID158', 'testUUID192', null, '27', '20170524', null);
INSERT INTO "GAEA"."BATCH_RUN_TASK_HIST" VALUES ('GAJOB4_20170524_000009_24170325', 'GAJOB4', 'S', '4', null, null, null, null, 'partition1', '192.168.247.1', null, '2017-05-24 17:03:29', '2017-05-24 17:03:29', null, 'gaea', null, null, null, 'testUUID194', 'testUUID226', null, '21', '20170524', null);
INSERT INTO "GAEA"."BATCH_RUN_TASK_HIST" VALUES ('GAJOB4_20170524_000010_24170325', 'GAJOB4', 'S', '5', null, null, null, null, 'partition1', '192.168.8.99', null, '2017-05-24 17:03:29', '2017-05-24 17:03:29', null, 'gaea', null, null, null, 'testUUID228', 'testUUID262', null, '51', '20170524', null);
INSERT INTO "GAEA"."BATCH_RUN_TASK_HIST" VALUES ('GAJOB5_20170524_000000_24170329', 'GAJOB5', 'S', '1', null, null, null, null, null, '192.168.8.99', null, '2017-05-24 17:03:32', '2017-05-24 17:03:32', null, 'gaea', null, null, null, null, null, null, '261', '20170524', null);
INSERT INTO "GAEA"."BATCH_RUN_TASK_HIST" VALUES ('GAJOB3_20170524_000000_24170319', 'GAJOB3', 'S', '1', null, null, null, null, null, '192.168.8.99', null, '2017-05-24 17:03:22', '2017-05-24 17:03:22', null, 'gaea', null, null, null, null, null, null, '49', '20170524', null);
INSERT INTO "GAEA"."BATCH_RUN_TASK_HIST" VALUES ('GAJOB3_20170524_000000_24172530', 'GAJOB3', 'S', '1', null, null, null, null, null, '192.168.8.99', null, '2017-05-24 17:25:32', '2017-05-24 17:25:32', null, 'gaea', null, null, null, null, null, null, '67', '20170524', null);
INSERT INTO "GAEA"."BATCH_RUN_TASK_HIST" VALUES ('GAJOB1_20170519_000000_19163404', 'GAJOB1', 'S', '1', null, null, null, null, null, '192.168.8.99', 'something goes wrong in processing; nested exception is java.util.concurrent.ExecutionException: org.apache.ibatis.exceptions.PersistenceException: 
### Error querying database.  Cause: java.sql.SQLSyntaxErrorException: ORA-00942: table or view does not exist

### The error may exist in URL [jar:file:/home/dcits/app/gaea-integration/lib/orion-batch-task-2.0.0.jar!/META-INF/mapper/BatchTask.xml]
### The error may involve com.dcits.orion.batch.service.BatchTableLoad.getIdempoent-Inline
### The error occurred while setting parameters
### SQL: select * from stateinfo where ID = ?
### Cause: java.sql.SQLSyntaxErrorException: ORA-00942: table or view does not exist

org.springframework.dao.ConcurrencyFailureException: something goes wrong in processing; nested exception is java.util.concurrent.ExecutionException: org.apache.ibatis.exceptions.PersistenceException: 
### Error querying database.  Cause: java.sql.SQLSyntaxErrorException: ORA-00942: table or view does not exist

### The error may exist in URL [jar:file:/home/dcits/app/gaea-integration/lib/orion-batch-task-2.0.0.jar!/META-INF/mapper/BatchTask.xml]
### The error may involve com.dcits.orion.batch.service.BatchTableLoad.getIdempoent-Inline
### The error occurred while setting parameters
### SQL: select * from stateinfo where ID = ?
### Cause: java.sql.SQLSyntaxErrorException: ORA-00942: table or view does not exist

	at com.dcits.galaxy.dal.mybatis.shard.DefaultShardStatementProcessor.fillResultListWithFutureResults(DefaultShardStatementProcessor.java:143)
	at com.dcits.galaxy.dal.mybatis.shard.DefaultShardStatementProcessor.process(DefaultShardStatementProcessor.java:116)
	at com.dcits.galaxy.dal.mybatis.ShardSqlSessionTemplate.execute(ShardSqlSessionTemplate.java:1138)
	at com.dcits.galaxy.dal.mybatis.ShardSqlSessionTemplate.execute(ShardSqlSessionTemplate.java:1128)
	at com.dcits.galaxy.dal.mybatis.ShardSqlSessionTemplate.selectList(ShardSqlSessionTemplate.java:1031)
	at com.dcits.galaxy.dal.mybatis.ShardSqlSessionTemplate.selectList(ShardSqlSessionTemplate.java:1012)
	at com.dcits.orion.batch.task.service.CheckJob.checkIdempoent(CheckJob.java:116)
	at com.dcits.orion.batch.task.service.CheckJob$$FastClassBySpringCGLIB$$d3e7fae8.invoke(<generated>)
	at org.springframework.cglib.proxy.MethodProxy.invoke(MethodProxy.java:204)
	at org.springframework.aop.framework.CglibAopProxy$DynamicAdvisedInterceptor.intercept(CglibAopProxy.java:629)
	at com.dcits.orion.batch.task.service.CheckJob$$EnhancerBySpringCGLIB$$35434365.checkIdempoent(<generated>)
	at com.dcits.orion.batch.task.common.TaskProcess.processTask(TaskProcess.java:110)
	at com.dcits.orion.batch.task.common.TaskThread.run(TaskThread.java:35)
	at com.dcits.galaxy.core.loggerx.Slf4jRunnableWrapper.run(Slf4jRunnableWrapper.java:22)
	at java.util.concurrent.ThreadPoolExecutor.runWorker(ThreadPoolExecutor.java:1145)
	at java.util.concurrent.ThreadPoolExecutor$Worker.run(ThreadPoolExecutor.java:615)
	at java.lang.Thread.run(Thread.java:745)
Caused by: java.util.concurrent.ExecutionException: org.apache.ibatis.exceptions.PersistenceException: 
### Error querying database.  Cause: java.sql.SQLSyntaxErrorException: ORA-00942: table or view does not exist

### The error may exist in URL [jar:file:/home/dcits/app/gaea-integration/lib/orion-batch-task-2.0.0.jar!/META-INF/mapper/BatchTask.xml]
### The error may involve com.dcits.orion.batch.service.BatchTableLoad.getIdempoent-Inline
### The error occurred while setting parameters
### SQL: select * from stateinfo where ID = ?
### Cause: java.sql.SQLSyntaxErrorException: ORA-00942: table or view does not exist

	at java.util.concurrent.FutureTask.report(FutureTask.java:122)
	at java.util.concurrent.FutureTask.get(FutureTask.java:188)
	at com.dcits.galaxy.dal.mybatis.shard.DefaultShardStatementProcessor.fillResultListWithFutureResults(DefaultShardStatementProcessor.java:138)
	... 16 more
Caused by: org.apache.ibatis.exceptions.PersistenceException: 
### Error querying database.  Caus', '2017-05-19 16:38:39', '2017-05-19 16:38:49', null, 'gaea', null, null, null, null, null, null, '10171', '20170519', null);
INSERT INTO "GAEA"."BATCH_RUN_TASK_HIST" VALUES ('GAJOB2_20170522_000000_22174600', 'GAJOB2', 'S', '1', null, null, null, null, null, '192.168.247.1', null, '2017-05-22 17:46:03', '2017-05-22 17:46:13', null, 'gaea', null, null, null, null, null, null, '10012', '20170522', null);
INSERT INTO "GAEA"."BATCH_RUN_TASK_HIST" VALUES ('GAJOB1_20170522_000000_22174600', 'GAJOB1', 'S', '1', null, null, null, null, null, '192.168.247.1', null, '2017-05-22 17:46:03', '2017-05-22 17:46:13', null, 'gaea', null, null, null, null, null, null, '10010', '20170522', null);
INSERT INTO "GAEA"."BATCH_RUN_TASK_HIST" VALUES ('GAJOB2_20170522_000000_22174620', 'GAJOB2', 'S', '1', null, null, null, null, null, '192.168.247.1', null, '2017-05-22 17:46:23', '2017-05-22 17:46:33', null, 'gaea', null, null, null, null, null, null, '10013', '20170522', null);
INSERT INTO "GAEA"."BATCH_RUN_TASK_HIST" VALUES ('GAJOB1_20170522_000000_22174620', 'GAJOB1', 'S', '1', null, null, null, null, null, '192.168.247.1', null, '2017-05-22 17:46:23', '2017-05-22 17:46:33', null, 'gaea', null, null, null, null, null, null, '10021', '20170522', null);
INSERT INTO "GAEA"."BATCH_RUN_TASK_HIST" VALUES ('GAJOB2_20170522_000000_22174720', 'GAJOB2', 'S', '1', null, null, null, null, null, '192.168.247.1', null, '2017-05-22 17:47:23', '2017-05-22 17:47:33', null, 'gaea', null, null, null, null, null, null, '10010', '20170522', null);
INSERT INTO "GAEA"."BATCH_RUN_TASK_HIST" VALUES ('GAJOB1_20170522_000000_22174720', 'GAJOB1', 'S', '1', null, null, null, null, null, '192.168.247.1', null, '2017-05-22 17:47:23', '2017-05-22 17:47:33', null, 'gaea', null, null, null, null, null, null, '10010', '20170522', null);
INSERT INTO "GAEA"."BATCH_RUN_TASK_HIST" VALUES ('GAJOB2_20170522_000000_22174740', 'GAJOB2', 'S', '1', null, null, null, null, null, '192.168.247.1', null, '2017-05-22 17:47:43', '2017-05-22 17:47:53', null, 'gaea', null, null, null, null, null, null, '10011', '20170522', null);
INSERT INTO "GAEA"."BATCH_RUN_TASK_HIST" VALUES ('GAJOB1_20170522_000000_22174740', 'GAJOB1', 'S', '1', null, null, null, null, null, '192.168.247.1', null, '2017-05-22 17:47:43', '2017-05-22 17:47:53', null, 'gaea', null, null, null, null, null, null, '10010', '20170522', null);
INSERT INTO "GAEA"."BATCH_RUN_TASK_HIST" VALUES ('GAJOB2_20170522_000000_22174800', 'GAJOB2', 'S', '1', null, null, null, null, null, '192.168.247.1', null, '2017-05-22 17:48:03', '2017-05-22 17:48:13', null, 'gaea', null, null, null, null, null, null, '10009', '20170522', null);
INSERT INTO "GAEA"."BATCH_RUN_TASK_HIST" VALUES ('GAJOB1_20170522_000000_22174800', 'GAJOB1', 'S', '1', null, null, null, null, null, '192.168.247.1', null, '2017-05-22 17:48:03', '2017-05-22 17:48:13', null, 'gaea', null, null, null, null, null, null, '10010', '20170522', null);
INSERT INTO "GAEA"."BATCH_RUN_TASK_HIST" VALUES ('GAJOB2_20170522_000000_22174820', 'GAJOB2', 'S', '1', null, null, null, null, null, '192.168.247.1', null, '2017-05-22 17:48:23', '2017-05-22 17:48:33', null, 'gaea', null, null, null, null, null, null, '10009', '20170522', null);
INSERT INTO "GAEA"."BATCH_RUN_TASK_HIST" VALUES ('GAJOB1_20170522_000000_22174820', 'GAJOB1', 'S', '1', null, null, null, null, null, '192.168.247.1', null, '2017-05-22 17:48:23', '2017-05-22 17:48:33', null, 'gaea', null, null, null, null, null, null, '10010', '20170522', null);
INSERT INTO "GAEA"."BATCH_RUN_TASK_HIST" VALUES ('GAJOB2_20170522_000000_22174900', 'GAJOB2', 'S', '1', null, null, null, null, null, '192.168.247.1', null, '2017-05-22 17:49:03', '2017-05-22 17:49:13', null, 'gaea', null, null, null, null, null, null, '10014', '20170522', null);
INSERT INTO "GAEA"."BATCH_RUN_TASK_HIST" VALUES ('GAJOB1_20170522_000000_22174900', 'GAJOB1', 'S', '1', null, null, null, null, null, '192.168.247.1', null, '2017-05-22 17:49:03', '2017-05-22 17:49:13', null, 'gaea', null, null, null, null, null, null, '10008', '20170522', null);
INSERT INTO "GAEA"."BATCH_RUN_TASK_HIST" VALUES ('GAJOB2_20170522_000000_22174920', 'GAJOB2', 'S', '1', null, null, null, null, null, '192.168.247.1', null, '2017-05-22 17:49:23', '2017-05-22 17:49:33', null, 'gaea', null, null, null, null, null, null, '10010', '20170522', null);
INSERT INTO "GAEA"."BATCH_RUN_TASK_HIST" VALUES ('GAJOB1_20170522_000000_22174920', 'GAJOB1', 'S', '1', null, null, null, null, null, '192.168.247.1', null, '2017-05-22 17:49:23', '2017-05-22 17:49:33', null, 'gaea', null, null, null, null, null, null, '10008', '20170522', null);
INSERT INTO "GAEA"."BATCH_RUN_TASK_HIST" VALUES ('GAJOB2_20170522_000000_22175000', 'GAJOB2', 'S', '1', null, null, null, null, null, '192.168.247.1', null, '2017-05-22 17:50:03', '2017-05-22 17:50:13', null, 'gaea', null, null, null, null, null, null, '10011', '20170522', null);
INSERT INTO "GAEA"."BATCH_RUN_TASK_HIST" VALUES ('GAJOB1_20170522_000000_22175000', 'GAJOB1', 'S', '1', null, null, null, null, null, '192.168.247.1', null, '2017-05-22 17:50:03', '2017-05-22 17:50:13', null, 'gaea', null, null, null, null, null, null, '10010', '20170522', null);
INSERT INTO "GAEA"."BATCH_RUN_TASK_HIST" VALUES ('GAJOB2_20170522_000000_22175120', 'GAJOB2', 'S', '1', null, null, null, null, null, '192.168.247.1', null, '2017-05-22 17:51:23', '2017-05-22 17:51:33', null, 'gaea', null, null, null, null, null, null, '10008', '20170522', null);
INSERT INTO "GAEA"."BATCH_RUN_TASK_HIST" VALUES ('GAJOB1_20170522_000000_22175120', 'GAJOB1', 'S', '1', null, null, null, null, null, '192.168.247.1', null, '2017-05-22 17:51:23', '2017-05-22 17:51:33', null, 'gaea', null, null, null, null, null, null, '10008', '20170522', null);
INSERT INTO "GAEA"."BATCH_RUN_TASK_HIST" VALUES ('GAJOB2_20170522_000000_22175140', 'GAJOB2', 'S', '1', null, null, null, null, null, '192.168.247.1', null, '2017-05-22 17:51:43', '2017-05-22 17:51:53', null, 'gaea', null, null, null, null, null, null, '10011', '20170522', null);
INSERT INTO "GAEA"."BATCH_RUN_TASK_HIST" VALUES ('GAJOB1_20170522_000000_22175140', 'GAJOB1', 'S', '1', null, null, null, null, null, '192.168.247.1', null, '2017-05-22 17:51:43', '2017-05-22 17:51:53', null, 'gaea', null, null, null, null, null, null, '10011', '20170522', null);
INSERT INTO "GAEA"."BATCH_RUN_TASK_HIST" VALUES ('GAJOB2_20170522_000000_22175220', 'GAJOB2', 'S', '1', null, null, null, null, null, '192.168.247.1', null, '2017-05-22 17:52:23', '2017-05-22 17:52:33', null, 'gaea', null, null, null, null, null, null, '10012', '20170522', null);
INSERT INTO "GAEA"."BATCH_RUN_TASK_HIST" VALUES ('GAJOB2_20170522_000000_22174120', 'GAJOB2', 'S', '1', null, null, null, null, null, '192.168.247.1', null, '2017-05-22 17:41:24', '2017-05-22 17:41:34', null, 'gaea', null, null, null, null, null, null, '10054', '20170522', null);
INSERT INTO "GAEA"."BATCH_RUN_TASK_HIST" VALUES ('GAJOB1_20170522_000000_22174120', 'GAJOB1', 'S', '1', null, null, null, null, null, '192.168.8.99', null, '2017-05-22 17:41:24', '2017-05-22 17:41:34', null, 'gaea', null, null, null, null, null, null, '10066', '20170522', null);
INSERT INTO "GAEA"."BATCH_RUN_TASK_HIST" VALUES ('GAJOB2_20170522_000000_22174240', 'GAJOB2', 'S', '1', null, null, null, null, null, '192.168.247.1', null, '2017-05-22 17:42:41', '2017-05-22 17:42:51', null, 'gaea', null, null, null, null, null, null, '10040', '20170522', null);
INSERT INTO "GAEA"."BATCH_RUN_TASK_HIST" VALUES ('GAJOB1_20170522_000000_22174240', 'GAJOB1', 'S', '1', null, null, null, null, null, '192.168.8.99', null, '2017-05-22 17:42:43', '2017-05-22 17:42:53', null, 'gaea', null, null, null, null, null, null, '10024', '20170522', null);
INSERT INTO "GAEA"."BATCH_RUN_TASK_HIST" VALUES ('GAJOB2_20170522_000000_22174300', 'GAJOB2', 'S', '1', null, null, null, null, null, '192.168.8.99', null, '2017-05-22 17:43:03', '2017-05-22 17:43:13', null, 'gaea', null, null, null, null, null, null, '10029', '20170522', null);
INSERT INTO "GAEA"."BATCH_RUN_TASK_HIST" VALUES ('GAJOB1_20170522_000000_22174300', 'GAJOB1', 'S', '1', null, null, null, null, null, '192.168.8.99', null, '2017-05-22 17:43:03', '2017-05-22 17:43:13', null, 'gaea', null, null, null, null, null, null, '10023', '20170522', null);
INSERT INTO "GAEA"."BATCH_RUN_TASK_HIST" VALUES ('GAJOB1_20170522_000000_22175220', 'GAJOB1', 'S', '1', null, null, null, null, null, '192.168.247.1', null, '2017-05-22 17:52:23', '2017-05-22 17:52:33', null, 'gaea', null, null, null, null, null, null, '10011', '20170522', null);
INSERT INTO "GAEA"."BATCH_RUN_TASK_HIST" VALUES ('GAJOB2_20170522_000000_22175240', 'GAJOB2', 'S', '1', null, null, null, null, null, '192.168.247.1', null, '2017-05-22 17:52:43', '2017-05-22 17:52:53', null, 'gaea', null, null, null, null, null, null, '10014', '20170522', null);
INSERT INTO "GAEA"."BATCH_RUN_TASK_HIST" VALUES ('GAJOB1_20170522_000000_22175240', 'GAJOB1', 'S', '1', null, null, null, null, null, '192.168.247.1', null, '2017-05-22 17:52:43', '2017-05-22 17:52:53', null, 'gaea', null, null, null, null, null, null, '10009', '20170522', null);
INSERT INTO "GAEA"."BATCH_RUN_TASK_HIST" VALUES ('GAJOB2_20170522_000000_22175300', 'GAJOB2', 'S', '1', null, null, null, null, null, '192.168.247.1', null, '2017-05-22 17:53:03', '2017-05-22 17:53:13', null, 'gaea', null, null, null, null, null, null, '10015', '20170522', null);
INSERT INTO "GAEA"."BATCH_RUN_TASK_HIST" VALUES ('GAJOB1_20170522_000000_22175300', 'GAJOB1', 'S', '1', null, null, null, null, null, '192.168.247.1', null, '2017-05-22 17:53:03', '2017-05-22 17:53:13', null, 'gaea', null, null, null, null, null, null, '10012', '20170522', null);
INSERT INTO "GAEA"."BATCH_RUN_TASK_HIST" VALUES ('GAJOB2_20170522_000000_22175340', 'GAJOB2', 'S', '1', null, null, null, null, null, '192.168.247.1', null, '2017-05-22 17:53:43', '2017-05-22 17:53:53', null, 'gaea', null, null, null, null, null, null, '10010', '20170522', null);
INSERT INTO "GAEA"."BATCH_RUN_TASK_HIST" VALUES ('GAJOB1_20170522_000000_22175340', 'GAJOB1', 'S', '1', null, null, null, null, null, '192.168.247.1', null, '2017-05-22 17:53:43', '2017-05-22 17:53:53', null, 'gaea', null, null, null, null, null, null, '10007', '20170522', null);
INSERT INTO "GAEA"."BATCH_RUN_TASK_HIST" VALUES ('GAJOB2_20170522_000000_22175400', 'GAJOB2', 'S', '1', null, null, null, null, null, '192.168.247.1', null, '2017-05-22 17:54:03', '2017-05-22 17:54:13', null, 'gaea', null, null, null, null, null, null, '10011', '20170522', null);
INSERT INTO "GAEA"."BATCH_RUN_TASK_HIST" VALUES ('GAJOB1_20170522_000000_22175400', 'GAJOB1', 'S', '1', null, null, null, null, null, '192.168.247.1', null, '2017-05-22 17:54:03', '2017-05-22 17:54:13', null, 'gaea', null, null, null, null, null, null, '10010', '20170522', null);
INSERT INTO "GAEA"."BATCH_RUN_TASK_HIST" VALUES ('GAJOB2_20170522_000000_22175440', 'GAJOB2', 'S', '1', null, null, null, null, null, '192.168.247.1', null, '2017-05-22 17:54:43', '2017-05-22 17:54:53', null, 'gaea', null, null, null, null, null, null, '10011', '20170522', null);
INSERT INTO "GAEA"."BATCH_RUN_TASK_HIST" VALUES ('GAJOB1_20170522_000000_22175440', 'GAJOB1', 'S', '1', null, null, null, null, null, '192.168.247.1', null, '2017-05-22 17:54:43', '2017-05-22 17:54:53', null, 'gaea', null, null, null, null, null, null, '10009', '20170522', null);
INSERT INTO "GAEA"."BATCH_RUN_TASK_HIST" VALUES ('GAJOB2_20170522_000000_22175500', 'GAJOB2', 'S', '1', null, null, null, null, null, '192.168.247.1', null, '2017-05-22 17:55:03', '2017-05-22 17:55:13', null, 'gaea', null, null, null, null, null, null, '10013', '20170522', null);
INSERT INTO "GAEA"."BATCH_RUN_TASK_HIST" VALUES ('GAJOB1_20170522_000000_22175500', 'GAJOB1', 'S', '1', null, null, null, null, null, '192.168.247.1', null, '2017-05-22 17:55:03', '2017-05-22 17:55:13', null, 'gaea', null, null, null, null, null, null, '10010', '20170522', null);
INSERT INTO "GAEA"."BATCH_RUN_TASK_HIST" VALUES ('GAJOB2_20170522_000000_22175600', 'GAJOB2', 'S', '1', null, null, null, null, null, '192.168.247.1', null, '2017-05-22 17:56:03', '2017-05-22 17:56:13', null, 'gaea', null, null, null, null, null, null, '10010', '20170522', null);
INSERT INTO "GAEA"."BATCH_RUN_TASK_HIST" VALUES ('GAJOB1_20170522_000000_22175600', 'GAJOB1', 'S', '1', null, null, null, null, null, '192.168.247.1', null, '2017-05-22 17:56:03', '2017-05-22 17:56:13', null, 'gaea', null, null, null, null, null, null, '10009', '20170522', null);
INSERT INTO "GAEA"."BATCH_RUN_TASK_HIST" VALUES ('GAJOB2_20170522_000000_22175700', 'GAJOB2', 'S', '1', null, null, null, null, null, '192.168.8.99', null, '2017-05-22 17:57:03', '2017-05-22 17:57:13', null, 'gaea', null, null, null, null, null, null, '10033', '20170522', null);
INSERT INTO "GAEA"."BATCH_RUN_TASK_HIST" VALUES ('GAJOB1_20170522_000000_22175700', 'GAJOB1', 'S', '1', null, null, null, null, null, '192.168.8.99', null, '2017-05-22 17:57:03', '2017-05-22 17:57:13', null, 'gaea', null, null, null, null, null, null, '10032', '20170522', null);
INSERT INTO "GAEA"."BATCH_RUN_TASK_HIST" VALUES ('GAJOB2_20170522_000000_22175740', 'GAJOB2', 'S', '1', null, null, null, null, null, '192.168.8.99', null, '2017-05-22 17:57:43', '2017-05-22 17:57:53', null, 'gaea', null, null, null, null, null, null, '10019', '20170522', null);
INSERT INTO "GAEA"."BATCH_RUN_TASK_HIST" VALUES ('GAJOB1_20170522_000000_22175740', 'GAJOB1', 'S', '1', null, null, null, null, null, '192.168.8.99', null, '2017-05-22 17:57:43', '2017-05-22 17:57:53', null, 'gaea', null, null, null, null, null, null, '10019', '20170522', null);
INSERT INTO "GAEA"."BATCH_RUN_TASK_HIST" VALUES ('GAJOB2_20170522_000000_22175820', 'GAJOB2', 'S', '1', null, null, null, null, null, '192.168.8.99', null, '2017-05-22 17:58:23', '2017-05-22 17:58:33', null, 'gaea', null, null, null, null, null, null, '10034', '20170522', null);
INSERT INTO "GAEA"."BATCH_RUN_TASK_HIST" VALUES ('GAJOB1_20170522_000000_22175820', 'GAJOB1', 'S', '1', null, null, null, null, null, '192.168.8.99', null, '2017-05-22 17:58:23', '2017-05-22 17:58:33', null, 'gaea', null, null, null, null, null, null, '10021', '20170522', null);
INSERT INTO "GAEA"."BATCH_RUN_TASK_HIST" VALUES ('GAJOB2_20170522_000000_22175920', 'GAJOB2', 'S', '1', null, null, null, null, null, '192.168.247.1', null, '2017-05-22 17:59:23', '2017-05-22 17:59:33', null, 'gaea', null, null, null, null, null, null, '10008', '20170522', null);
INSERT INTO "GAEA"."BATCH_RUN_TASK_HIST" VALUES ('GAJOB1_20170522_000000_22175920', 'GAJOB1', 'S', '1', null, null, null, null, null, '192.168.8.99', null, '2017-05-22 17:59:23', '2017-05-22 17:59:33', null, 'gaea', null, null, null, null, null, null, '10019', '20170522', null);
INSERT INTO "GAEA"."BATCH_RUN_TASK_HIST" VALUES ('GAJOB1_20170524_000000_24095635', 'GAJOB1', 'S', '1', null, null, null, null, null, '10.127.4.193', null, '2017-05-24 09:56:35', '2017-05-24 09:56:36', null, 'gaea', null, null, null, null, null, null, '101', '20170524', null);
INSERT INTO "GAEA"."BATCH_RUN_TASK_HIST" VALUES ('GAJOB2_20170524_000000_24095635', 'GAJOB2', 'S', '1', null, null, null, null, null, '10.127.4.193', null, '2017-05-24 09:56:38', '2017-05-24 09:56:38', null, 'gaea', null, null, null, null, null, null, '19', '20170524', null);
INSERT INTO "GAEA"."BATCH_RUN_TASK_HIST" VALUES ('GAJOB3_20170524_000000_24095639', 'GAJOB3', 'S', '1', null, null, null, null, null, '10.127.4.193', 'No route found for "com.dcits.gaea.dao.DemoAcctDao.selectCountAcct" with "java.lang.Object@620ee70b"
com.dcits.galaxy.dal.mybatis.exception.NoShardFoundException: No route found for "com.dcits.gaea.dao.DemoAcctDao.selectCountAcct" with "java.lang.Object@620ee70b"
	at com.dcits.galaxy.dal.mybatis.ShardSqlSessionTemplate.lookupDataSourcesByRouter(ShardSqlSessionTemplate.java:1163)
	at com.dcits.galaxy.dal.mybatis.ShardSqlSessionTemplate.selectList(ShardSqlSessionTemplate.java:940)
	at com.dcits.galaxy.dal.mybatis.ShardSqlSessionTemplate.selectOne(ShardSqlSessionTemplate.java:906)
	at com.dcits.galaxy.dal.mybatis.ShardSqlSessionTemplate.selectOne(ShardSqlSessionTemplate.java:902)
	at com.dcits.galaxy.dal.mybatis.ShardSqlSessionTemplate.selectOne(ShardSqlSessionTemplate.java:898)
	at com.dcits.orion.core.dao.DataAccessor.selectOne(DataAccessor.java:605)
	at com.dcits.orion.core.dao.DataAccessor$$FastClassBySpringCGLIB$$443ab7c1.invoke(<generated>)
	at org.springframework.cglib.proxy.MethodProxy.invoke(MethodProxy.java:204)
	at org.springframework.aop.framework.CglibAopProxy$CglibMethodInvocation.invokeJoinpoint(CglibAopProxy.java:700)
	at org.springframework.aop.framework.ReflectiveMethodInvocation.proceed(ReflectiveMethodInvocation.java:150)
	at org.springframework.aop.framework.CglibAopProxy$DynamicAdvisedInterceptor.intercept(CglibAopProxy.java:633)
	at com.dcits.orion.core.dao.DataAccessor$$EnhancerBySpringCGLIB$$71c4d78c.selectOne(<generated>)
	at com.dcits.orion.core.dao.BaseDao.selectOne(BaseDao.java:364)
	at com.dcits.orion.core.dao.BaseDao.selectOne(BaseDao.java:360)
	at com.dcits.gaea.dao.DemoAcctDao.getCountAcct(DemoAcctDao.java:43)
	at com.dcits.gaea.job.JOB2.jobRun(JOB2.java:34)
	at sun.reflect.NativeMethodAccessorImpl.invoke0(Native Method)
	at sun.reflect.NativeMethodAccessorImpl.invoke(NativeMethodAccessorImpl.java:57)
	at sun.reflect.DelegatingMethodAccessorImpl.invoke(DelegatingMethodAccessorImpl.java:43)
	at java.lang.reflect.Method.invoke(Method.java:606)
	at com.dcits.orion.batch.task.common.TaskProcess.invoke(TaskProcess.java:181)
	at com.dcits.orion.batch.task.common.TaskProcess.processTask(TaskProcess.java:112)
	at com.dcits.orion.batch.task.common.TaskThread.run(TaskThread.java:35)
	at com.dcits.galaxy.core.loggerx.Slf4jRunnableWrapper.run(Slf4jRunnableWrapper.java:22)
	at java.util.concurrent.ThreadPoolExecutor.runWorker(ThreadPoolExecutor.java:1145)
	at java.util.concurrent.ThreadPoolExecutor$Worker.run(ThreadPoolExecutor.java:615)
	at java.lang.Thread.run(Thread.java:745)
', '2017-05-24 09:57:45', '2017-05-24 09:57:45', null, 'gaea', null, null, null, null, null, 'No route found for "com.dcits.gaea.dao.DemoAcctDao.selectCountAcct" with "java.lang.Object@620ee70b"', '124', '20170524', null);
INSERT INTO "GAEA"."BATCH_RUN_TASK_HIST" VALUES ('GAJOB4_20170524_000000_24111008', 'SPLIT_JOB', 'S', null, null, null, null, null, null, '192.168.247.1', null, '2017-05-24 11:10:11', '2017-05-24 11:10:11', 'GAJOB4', 'gaea', null, null, null, null, null, null, '97', '20170524', null);
INSERT INTO "GAEA"."BATCH_RUN_TASK_HIST" VALUES ('GAJOB1_20170524_000000_24111000', 'GAJOB1', 'S', '1', null, null, null, null, null, '192.168.247.1', null, '2017-05-24 11:10:04', '2017-05-24 11:10:04', null, 'gaea', null, null, null, null, null, null, '75', '20170524', null);
INSERT INTO "GAEA"."BATCH_RUN_TASK_HIST" VALUES ('GAJOB1_20170524_000000_24175143', 'GAJOB1', 'S', '1', null, null, null, null, null, '192.168.8.99', null, '2017-05-24 17:51:46', '2017-05-24 17:51:46', null, 'gaea', null, null, null, null, null, null, '9', '20170524', null);
INSERT INTO "GAEA"."BATCH_RUN_TASK_HIST" VALUES ('GAJOB2_20170524_000000_24175143', 'GAJOB2', 'S', '1', null, null, null, null, null, '192.168.8.99', null, '2017-05-24 17:51:46', '2017-05-24 17:51:46', null, 'gaea', null, null, null, null, null, null, '7', '20170524', null);
INSERT INTO "GAEA"."BATCH_RUN_TASK_HIST" VALUES ('GAJOB3_20170524_000000_24175146', 'GAJOB3', 'S', '1', null, null, null, null, null, '192.168.8.99', null, '2017-05-24 17:51:49', '2017-05-24 17:51:49', null, 'gaea', null, null, null, null, null, null, '14', '20170524', null);
INSERT INTO "GAEA"."BATCH_RUN_TASK_HIST" VALUES ('GAJOB4_20170524_000000_24175149', 'SPLIT_JOB', 'S', null, null, null, null, null, null, '192.168.8.99', null, '2017-05-24 17:51:52', '2017-05-24 17:51:54', 'GAJOB4', 'gaea', null, null, null, null, null, null, '1529', '20170524', null);
INSERT INTO "GAEA"."BATCH_RUN_TASK_HIST" VALUES ('GAJOB4_20170524_000001_24175152', 'GAJOB4', 'S', '1', null, null, null, null, 'partition2', '192.168.8.99', null, '2017-05-24 17:51:56', '2017-05-24 17:51:56', null, 'gaea', null, null, null, '25', 'testUUID113', null, '80', '20170524', null);
INSERT INTO "GAEA"."BATCH_RUN_TASK_HIST" VALUES ('GAJOB4_20170524_000002_24175152', 'GAJOB4', 'S', '2', null, null, null, null, 'partition2', '192.168.8.99', null, '2017-05-24 17:51:56', '2017-05-24 17:51:56', null, 'gaea', null, null, null, 'testUUID115', 'testUUID15', null, '75', '20170524', null);
INSERT INTO "GAEA"."BATCH_RUN_TASK_HIST" VALUES ('GAJOB4_20170524_000003_24175152', 'GAJOB4', 'S', '3', null, null, null, null, 'partition2', '192.168.8.99', null, '2017-05-24 17:51:56', '2017-05-24 17:51:56', null, 'gaea', null, null, null, 'testUUID151', 'testUUID187', null, '23', '20170524', null);
INSERT INTO "GAEA"."BATCH_RUN_TASK_HIST" VALUES ('GAJOB4_20170524_000004_24175152', 'GAJOB4', 'S', '4', null, null, null, null, 'partition2', '192.168.8.99', null, '2017-05-24 17:51:56', '2017-05-24 17:51:56', null, 'gaea', null, null, null, 'testUUID189', 'testUUID223', null, '24', '20170524', null);
INSERT INTO "GAEA"."BATCH_RUN_TASK_HIST" VALUES ('GAJOB4_20170524_000005_24175152', 'GAJOB4', 'S', '5', null, null, null, null, 'partition2', '192.168.8.99', null, '2017-05-24 17:51:56', '2017-05-24 17:51:56', null, 'gaea', null, null, null, 'testUUID225', 'testUUID259', null, '31', '20170524', null);
INSERT INTO "GAEA"."BATCH_RUN_TASK_HIST" VALUES ('GAJOB4_20170524_000006_24175152', 'GAJOB4', 'S', '1', null, null, null, null, 'partition1', '192.168.8.99', null, '2017-05-24 17:51:56', '2017-05-24 17:51:56', null, 'gaea', null, null, null, '44', 'testUUID12', null, '65', '20170524', null);
INSERT INTO "GAEA"."BATCH_RUN_TASK_HIST" VALUES ('GAJOB4_20170524_000007_24175152', 'GAJOB4', 'S', '2', null, null, null, null, 'partition1', '192.168.8.99', null, '2017-05-24 17:51:56', '2017-05-24 17:51:56', null, 'gaea', null, null, null, 'testUUID120', 'testUUID156', null, '61', '20170524', null);
INSERT INTO "GAEA"."BATCH_RUN_TASK_HIST" VALUES ('GAJOB4_20170524_000008_24175152', 'GAJOB4', 'S', '3', null, null, null, null, 'partition1', '192.168.8.99', null, '2017-05-24 17:51:56', '2017-05-24 17:51:56', null, 'gaea', null, null, null, 'testUUID158', 'testUUID192', null, '55', '20170524', null);
INSERT INTO "GAEA"."BATCH_RUN_TASK_HIST" VALUES ('GAJOB4_20170524_000009_24175152', 'GAJOB4', 'S', '4', null, null, null, null, 'partition1', '192.168.8.99', null, '2017-05-24 17:51:56', '2017-05-24 17:51:56', null, 'gaea', null, null, null, 'testUUID194', 'testUUID226', null, '25', '20170524', null);
INSERT INTO "GAEA"."BATCH_RUN_TASK_HIST" VALUES ('GAJOB4_20170524_000010_24175152', 'GAJOB4', 'S', '5', null, null, null, null, 'partition1', '192.168.8.99', null, '2017-05-24 17:51:56', '2017-05-24 17:51:56', null, 'gaea', null, null, null, 'testUUID228', 'testUUID262', null, '18', '20170524', null);
INSERT INTO "GAEA"."BATCH_RUN_TASK_HIST" VALUES ('GAJOB5_20170524_000000_24175156', 'GAJOB5', 'S', '1', null, null, null, null, null, '192.168.8.99', null, '2017-05-24 17:53:24', '2017-05-24 17:55:19', null, 'gaea', null, null, null, null, null, null, '115345', '20170524', null);
INSERT INTO "GAEA"."BATCH_RUN_TASK_HIST" VALUES ('GAJOB4_20170524_000000_24180622', 'SPLIT_JOB', 'S', null, null, null, null, null, null, '192.168.8.99', null, '2017-05-24 18:06:25', '2017-05-24 18:06:25', 'GAJOB4', 'gaea', null, null, null, null, null, null, '88', '20170524', null);
INSERT INTO "GAEA"."BATCH_RUN_TASK_HIST" VALUES ('GAJOB1_20170524_000000_24180613', 'GAJOB1', 'S', '1', null, null, null, null, null, '192.168.8.99', null, '2017-05-24 18:06:17', '2017-05-24 18:06:17', null, 'gaea', null, null, null, null, null, null, '30', '20170524', null);
INSERT INTO "GAEA"."BATCH_RUN_TASK_HIST" VALUES ('GAJOB2_20170524_000000_24180613', 'GAJOB2', 'S', '1', null, null, null, null, null, '192.168.8.99', null, '2017-05-24 18:06:17', '2017-05-24 18:06:17', null, 'gaea', null, null, null, null, null, null, '33', '20170524', null);
INSERT INTO "GAEA"."BATCH_RUN_TASK_HIST" VALUES ('GAJOB4_20170524_000001_24180625', 'GAJOB4', 'S', '1', null, null, null, null, 'partition2', '192.168.8.99', null, '2017-05-24 18:06:28', '2017-05-24 18:06:28', null, 'gaea', null, null, null, '25', 'testUUID113', null, '297', '20170524', null);
INSERT INTO "GAEA"."BATCH_RUN_TASK_HIST" VALUES ('GAJOB4_20170524_000002_24180625', 'GAJOB4', 'S', '2', null, null, null, null, 'partition2', '192.168.8.99', null, '2017-05-24 18:06:28', '2017-05-24 18:06:28', null, 'gaea', null, null, null, 'testUUID115', 'testUUID15', null, '291', '20170524', null);
INSERT INTO "GAEA"."BATCH_RUN_TASK_HIST" VALUES ('GAJOB4_20170524_000003_24180625', 'GAJOB4', 'S', '3', null, null, null, null, 'partition2', '192.168.8.99', null, '2017-05-24 18:06:29', '2017-05-24 18:06:29', null, 'gaea', null, null, null, 'testUUID151', 'testUUID187', null, '49', '20170524', null);
INSERT INTO "GAEA"."BATCH_RUN_TASK_HIST" VALUES ('GAJOB4_20170524_000004_24180625', 'GAJOB4', 'S', '4', null, null, null, null, 'partition2', '192.168.8.99', null, '2017-05-24 18:06:29', '2017-05-24 18:06:29', null, 'gaea', null, null, null, 'testUUID189', 'testUUID223', null, '15', '20170524', null);
INSERT INTO "GAEA"."BATCH_RUN_TASK_HIST" VALUES ('GAJOB4_20170524_000005_24180625', 'GAJOB4', 'S', '5', null, null, null, null, 'partition2', '192.168.8.99', null, '2017-05-24 18:06:28', '2017-05-24 18:06:28', null, 'gaea', null, null, null, 'testUUID225', 'testUUID259', null, '31', '20170524', null);
INSERT INTO "GAEA"."BATCH_RUN_TASK_HIST" VALUES ('GAJOB4_20170524_000006_24180625', 'GAJOB4', 'S', '1', null, null, null, null, 'partition1', '192.168.8.99', null, '2017-05-24 18:06:28', '2017-05-24 18:06:28', null, 'gaea', null, null, null, '44', 'testUUID12', null, '277', '20170524', null);
INSERT INTO "GAEA"."BATCH_RUN_TASK_HIST" VALUES ('GAJOB4_20170524_000007_24180625', 'GAJOB4', 'S', '2', null, null, null, null, 'partition1', '192.168.8.99', null, '2017-05-24 18:06:28', '2017-05-24 18:06:28', null, 'gaea', null, null, null, 'testUUID120', 'testUUID156', null, '272', '20170524', null);
INSERT INTO "GAEA"."BATCH_RUN_TASK_HIST" VALUES ('GAJOB4_20170524_000008_24180625', 'GAJOB4', 'S', '3', null, null, null, null, 'partition1', '192.168.8.99', null, '2017-05-24 18:06:28', '2017-05-24 18:06:29', null, 'gaea', null, null, null, 'testUUID158', 'testUUID192', null, '93', '20170524', null);
INSERT INTO "GAEA"."BATCH_RUN_TASK_HIST" VALUES ('GAJOB4_20170524_000009_24180625', 'GAJOB4', 'S', '4', null, null, null, null, 'partition1', '192.168.8.99', null, '2017-05-24 18:06:28', '2017-05-24 18:06:28', null, 'gaea', null, null, null, 'testUUID194', 'testUUID226', null, '27', '20170524', null);
INSERT INTO "GAEA"."BATCH_RUN_TASK_HIST" VALUES ('GAJOB4_20170524_000010_24180625', 'GAJOB4', 'S', '5', null, null, null, null, 'partition1', '192.168.8.99', null, '2017-05-24 18:06:28', '2017-05-24 18:06:29', null, 'gaea', null, null, null, 'testUUID228', 'testUUID262', null, '50', '20170524', null);
INSERT INTO "GAEA"."BATCH_RUN_TASK_HIST" VALUES ('GAJOB5_20170524_000000_24180629', 'GAJOB5', 'S', '1', null, null, null, null, null, '192.168.8.99', null, '2017-05-24 18:06:31', '2017-05-24 18:06:59', null, 'gaea', 'job_1495609839348_0008', null, null, null, null, null, '5405', '20170524', null);
INSERT INTO "GAEA"."BATCH_RUN_TASK_HIST" VALUES ('GAJOB3_20170524_000000_24180617', 'GAJOB3', 'S', '1', null, null, null, null, null, '192.168.8.99', null, '2017-05-24 18:06:21', '2017-05-24 18:06:22', null, 'gaea', null, null, null, null, null, null, '44', '20170524', null);
INSERT INTO "GAEA"."BATCH_RUN_TASK_HIST" VALUES ('GAJOB1_20170524_000000_24172526', 'GAJOB1', 'S', '1', null, null, null, null, null, '192.168.8.99', null, '2017-05-24 17:25:29', '2017-05-24 17:25:29', null, 'gaea', null, null, null, null, null, null, '36', '20170524', null);
INSERT INTO "GAEA"."BATCH_RUN_TASK_HIST" VALUES ('GAJOB2_20170524_000000_24172526', 'GAJOB2', 'S', '1', null, null, null, null, null, '192.168.8.99', null, '2017-05-24 17:25:29', '2017-05-24 17:25:29', null, 'gaea', null, null, null, null, null, null, '40', '20170524', null);
INSERT INTO "GAEA"."BATCH_RUN_TASK_HIST" VALUES ('GAJOB4_20170524_000000_24172532', 'SPLIT_JOB', 'S', null, null, null, null, null, null, '192.168.8.99', null, '2017-05-24 17:25:35', '2017-05-24 17:25:35', 'GAJOB4', 'gaea', null, null, null, null, null, null, '152', '20170524', null);
INSERT INTO "GAEA"."BATCH_RUN_TASK_HIST" VALUES ('GAJOB4_20170524_000001_24172535', 'GAJOB4', 'S', '1', null, null, null, null, 'partition2', '192.168.8.99', null, '2017-05-24 17:25:38', '2017-05-24 17:25:40', null, 'gaea', null, null, null, '25', 'testUUID113', null, '1584', '20170524', null);
INSERT INTO "GAEA"."BATCH_RUN_TASK_HIST" VALUES ('GAJOB4_20170524_000002_24172535', 'GAJOB4', 'S', '2', null, null, null, null, 'partition2', '192.168.8.99', null, '2017-05-24 17:25:39', '2017-05-24 17:25:40', null, 'gaea', null, null, null, 'testUUID115', 'testUUID15', null, '1365', '20170524', null);
INSERT INTO "GAEA"."BATCH_RUN_TASK_HIST" VALUES ('GAJOB4_20170524_000003_24172535', 'GAJOB4', 'S', '3', null, null, null, null, 'partition2', '192.168.247.1', null, '2017-05-24 17:25:39', '2017-05-24 17:25:40', null, 'gaea', null, null, null, 'testUUID151', 'testUUID187', null, '290', '20170524', null);
INSERT INTO "GAEA"."BATCH_RUN_TASK_HIST" VALUES ('GAJOB4_20170524_000004_24172535', 'GAJOB4', 'S', '4', null, null, null, null, 'partition2', '192.168.247.1', null, '2017-05-24 17:25:39', '2017-05-24 17:25:40', null, 'gaea', null, null, null, 'testUUID189', 'testUUID223', null, '320', '20170524', null);
INSERT INTO "GAEA"."BATCH_RUN_TASK_HIST" VALUES ('GAJOB4_20170524_000005_24172535', 'GAJOB4', 'S', '5', null, null, null, null, 'partition2', '192.168.247.1', null, '2017-05-24 17:25:40', '2017-05-24 17:25:40', null, 'gaea', null, null, null, 'testUUID225', 'testUUID259', null, '82', '20170524', null);
INSERT INTO "GAEA"."BATCH_RUN_TASK_HIST" VALUES ('GAJOB4_20170524_000006_24172535', 'GAJOB4', 'S', '1', null, null, null, null, 'partition1', '192.168.8.99', null, '2017-05-24 17:25:39', '2017-05-24 17:25:40', null, 'gaea', null, null, null, '44', 'testUUID12', null, '1501', '20170524', null);
INSERT INTO "GAEA"."BATCH_RUN_TASK_HIST" VALUES ('GAJOB4_20170524_000007_24172535', 'GAJOB4', 'S', '2', null, null, null, null, 'partition1', '192.168.8.99', null, '2017-05-24 17:25:39', '2017-05-24 17:25:40', null, 'gaea', null, null, null, 'testUUID120', 'testUUID156', null, '1373', '20170524', null);
INSERT INTO "GAEA"."BATCH_RUN_TASK_HIST" VALUES ('GAJOB4_20170524_000008_24172535', 'GAJOB4', 'S', '3', null, null, null, null, 'partition1', '192.168.247.1', null, '2017-05-24 17:25:40', '2017-05-24 17:25:40', null, 'gaea', null, null, null, 'testUUID158', 'testUUID192', null, '126', '20170524', null);
INSERT INTO "GAEA"."BATCH_RUN_TASK_HIST" VALUES ('GAJOB4_20170524_000009_24172535', 'GAJOB4', 'S', '4', null, null, null, null, 'partition1', '192.168.247.1', null, '2017-05-24 17:25:39', '2017-05-24 17:25:40', null, 'gaea', null, null, null, 'testUUID194', 'testUUID226', null, '226', '20170524', null);
INSERT INTO "GAEA"."BATCH_RUN_TASK_HIST" VALUES ('GAJOB4_20170524_000010_24172535', 'GAJOB4', 'S', '5', null, null, null, null, 'partition1', '192.168.247.1', null, '2017-05-24 17:25:39', '2017-05-24 17:25:40', null, 'gaea', null, null, null, 'testUUID228', 'testUUID262', null, '397', '20170524', null);
INSERT INTO "GAEA"."BATCH_RUN_TASK_HIST" VALUES ('GAJOB5_20170524_000000_24172541', 'GAJOB5', 'S', '1', null, null, null, null, null, '192.168.8.99', null, '2017-05-24 17:25:42', '2017-05-24 17:25:52', null, 'gaea', null, null, null, null, null, null, '9892', '20170524', null);
INSERT INTO "GAEA"."BATCH_RUN_TASK_HIST" VALUES ('GAJOB3_20170524_000000_24174907', 'GAJOB3', 'S', '1', null, null, null, null, null, '192.168.8.99', null, '2017-05-24 17:49:10', '2017-05-24 17:49:10', null, 'gaea', null, null, null, null, null, null, '51', '20170524', null);
INSERT INTO "GAEA"."BATCH_RUN_TASK_HIST" VALUES ('GAJOB4_20170524_000000_24174910', 'SPLIT_JOB', 'S', null, null, null, null, null, null, '192.168.8.99', null, '2017-05-24 17:49:13', '2017-05-24 17:49:13', 'GAJOB4', 'gaea', null, null, null, null, null, null, '84', '20170524', null);
INSERT INTO "GAEA"."BATCH_RUN_TASK_HIST" VALUES ('GAJOB4_20170524_000001_24174913', 'GAJOB4', 'S', '1', null, null, null, null, 'partition2', '192.168.8.99', null, '2017-05-24 17:49:16', '2017-05-24 17:49:17', null, 'gaea', null, null, null, '25', 'testUUID113', null, '1418', '20170524', null);
INSERT INTO "GAEA"."BATCH_RUN_TASK_HIST" VALUES ('GAJOB4_20170524_000002_24174913', 'GAJOB4', 'S', '2', null, null, null, null, 'partition2', '192.168.8.99', null, '2017-05-24 17:49:16', '2017-05-24 17:49:17', null, 'gaea', null, null, null, 'testUUID115', 'testUUID15', null, '1333', '20170524', null);
INSERT INTO "GAEA"."BATCH_RUN_TASK_HIST" VALUES ('GAJOB4_20170524_000003_24174913', 'GAJOB4', 'S', '3', null, null, null, null, 'partition2', '192.168.247.1', null, '2017-05-24 17:49:18', '2017-05-24 17:49:18', null, 'gaea', null, null, null, 'testUUID151', 'testUUID187', null, '30', '20170524', null);
INSERT INTO "GAEA"."BATCH_RUN_TASK_HIST" VALUES ('GAJOB4_20170524_000004_24174913', 'GAJOB4', 'S', '4', null, null, null, null, 'partition2', '192.168.247.1', null, '2017-05-24 17:49:18', '2017-05-24 17:49:18', null, 'gaea', null, null, null, 'testUUID189', 'testUUID223', null, '18', '20170524', null);
INSERT INTO "GAEA"."BATCH_RUN_TASK_HIST" VALUES ('GAJOB4_20170524_000005_24174913', 'GAJOB4', 'S', '5', null, null, null, null, 'partition2', '192.168.8.99', null, '2017-05-24 17:49:18', '2017-05-24 17:49:18', null, 'gaea', null, null, null, 'testUUID225', 'testUUID259', null, '29', '20170524', null);
INSERT INTO "GAEA"."BATCH_RUN_TASK_HIST" VALUES ('GAJOB4_20170524_000006_24174913', 'GAJOB4', 'S', '1', null, null, null, null, 'partition1', '192.168.8.99', null, '2017-05-24 17:49:16', '2017-05-24 17:49:17', null, 'gaea', null, null, null, '44', 'testUUID12', null, '1395', '20170524', null);
INSERT INTO "GAEA"."BATCH_RUN_TASK_HIST" VALUES ('GAJOB4_20170524_000007_24174913', 'GAJOB4', 'S', '2', null, null, null, null, 'partition1', '192.168.8.99', null, '2017-05-24 17:49:16', '2017-05-24 17:49:17', null, 'gaea', null, null, null, 'testUUID120', 'testUUID156', null, '1291', '20170524', null);
INSERT INTO "GAEA"."BATCH_RUN_TASK_HIST" VALUES ('GAJOB4_20170524_000008_24174913', 'GAJOB4', 'S', '3', null, null, null, null, 'partition1', '192.168.8.99', null, '2017-05-24 17:49:18', '2017-05-24 17:49:18', null, 'gaea', null, null, null, 'testUUID158', 'testUUID192', null, '27', '20170524', null);
INSERT INTO "GAEA"."BATCH_RUN_TASK_HIST" VALUES ('GAJOB4_20170524_000009_24174913', 'GAJOB4', 'S', '4', null, null, null, null, 'partition1', '192.168.8.99', null, '2017-05-24 17:49:17', '2017-05-24 17:49:18', null, 'gaea', null, null, null, 'testUUID194', 'testUUID226', null, '43', '20170524', null);
INSERT INTO "GAEA"."BATCH_RUN_TASK_HIST" VALUES ('GAJOB4_20170524_000010_24174913', 'GAJOB4', 'S', '5', null, null, null, null, 'partition1', '192.168.8.99', null, '2017-05-24 17:49:18', '2017-05-24 17:49:18', null, 'gaea', null, null, null, 'testUUID228', 'testUUID262', null, '26', '20170524', null);
INSERT INTO "GAEA"."BATCH_RUN_TASK_HIST" VALUES ('GAJOB5_20170524_000000_24174918', 'GAJOB5', 'S', '1', null, null, null, null, null, '192.168.8.99', null, '2017-05-24 17:49:21', '2017-05-24 17:51:04', null, 'gaea', null, null, null, null, null, null, '102811', '20170524', null);
INSERT INTO "GAEA"."BATCH_RUN_TASK_HIST" VALUES ('GAJOB1_20170524_000000_24174903', 'GAJOB1', 'S', '1', null, null, null, null, null, '192.168.8.99', null, '2017-05-24 17:49:04', '2017-05-24 17:49:04', null, 'gaea', null, null, null, null, null, null, '35', '20170524', null);
INSERT INTO "GAEA"."BATCH_RUN_TASK_HIST" VALUES ('GAJOB2_20170524_000000_24174903', 'GAJOB2', 'S', '1', null, null, null, null, null, '192.168.8.99', null, '2017-05-24 17:49:07', '2017-05-24 17:49:07', null, 'gaea', null, null, null, null, null, null, '10', '20170524', null);

-- ----------------------------
-- Table structure for BATCH_STATUS
-- ----------------------------
DROP TABLE "GAEA"."BATCH_STATUS";
CREATE TABLE "GAEA"."BATCH_STATUS" (
"RUN_DATE" VARCHAR2(8 CHAR) NULL ,
"BATCH_CLASS" VARCHAR2(4 CHAR) NULL ,
"BATCH_STATUS" VARCHAR2(3 CHAR) NULL ,
"STOP_BATCH" VARCHAR2(1 CHAR) NULL ,
"START_TIME" VARCHAR2(30 CHAR) NULL ,
"END_TIME" VARCHAR2(30 CHAR) NULL ,
"BATCH_IND" VARCHAR2(50 CHAR) NULL 
)
LOGGING
NOCOMPRESS
NOCACHE

;

-- ----------------------------
-- Records of BATCH_STATUS
-- ----------------------------
INSERT INTO "GAEA"."BATCH_STATUS" VALUES ('20170525', 'MAIN', 'C', 'N', '2017-05-25 09:59:31', '2017-05-25 10:00:34', 'BATCH_192.168.8.99_1495677571388');

-- ----------------------------
-- Table structure for BATCH_STATUS_HIST
-- ----------------------------
DROP TABLE "GAEA"."BATCH_STATUS_HIST";
CREATE TABLE "GAEA"."BATCH_STATUS_HIST" (
"RUN_DATE" VARCHAR2(8 CHAR) NULL ,
"BATCH_CLASS" VARCHAR2(4 CHAR) NULL ,
"BATCH_STATUS" VARCHAR2(3 CHAR) NULL ,
"STOP_BATCH" VARCHAR2(1 CHAR) NULL ,
"START_TIME" VARCHAR2(30 CHAR) NULL ,
"END_TIME" VARCHAR2(30 CHAR) NULL ,
"BATCH_IND" VARCHAR2(50 CHAR) NULL 
)
LOGGING
NOCOMPRESS
NOCACHE

;

-- ----------------------------
-- Records of BATCH_STATUS_HIST
-- ----------------------------
INSERT INTO "GAEA"."BATCH_STATUS_HIST" VALUES ('20170522', 'MAIN', 'C', 'N', '2017-05-22 17:43:20', '2017-05-22 17:43:33', 'BATCH_192.168.247.1_1495446200131');
INSERT INTO "GAEA"."BATCH_STATUS_HIST" VALUES ('20170522', 'MAIN', 'C', 'N', '2017-05-22 17:58:00', '2017-05-22 17:58:13', 'BATCH_192.168.247.1_1495447080074');
INSERT INTO "GAEA"."BATCH_STATUS_HIST" VALUES ('20170522', 'MAIN', 'C', 'N', '2017-05-22 17:58:40', '2017-05-22 17:58:53', 'BATCH_192.168.247.1_1495447120099');
INSERT INTO "GAEA"."BATCH_STATUS_HIST" VALUES ('20170524', 'MAIN', 'C', 'N', '2017-05-24 13:05:42', '2017-05-24 13:05:56', 'BATCH_192.168.8.99_1495602343046');
INSERT INTO "GAEA"."BATCH_STATUS_HIST" VALUES ('20170524', 'MAIN', 'C', 'N', '2017-05-24 18:06:13', '2017-05-24 18:07:00', 'BATCH_192.168.8.99_1495620373259');
INSERT INTO "GAEA"."BATCH_STATUS_HIST" VALUES ('20170519', 'MAIN', 'C', 'N', '2017-05-19 16:40:32', '2017-05-19 16:40:46', 'BATCH_192.168.8.99_1495183232794');
INSERT INTO "GAEA"."BATCH_STATUS_HIST" VALUES ('20170520', 'MAIN', 'C', 'N', '2017-05-20 11:12:59', '2017-05-20 11:13:16', 'BATCH_192.168.8.99_1495249980298');
INSERT INTO "GAEA"."BATCH_STATUS_HIST" VALUES ('20170522', 'MAIN', 'C', 'N', '2017-05-22 17:41:40', '2017-05-22 17:41:53', 'BATCH_192.168.8.99_1495446100334');
INSERT INTO "GAEA"."BATCH_STATUS_HIST" VALUES ('20170522', 'MAIN', 'C', 'N', '2017-05-22 17:43:40', '2017-05-22 17:43:53', 'BATCH_192.168.8.99_1495446220162');
INSERT INTO "GAEA"."BATCH_STATUS_HIST" VALUES ('20170522', 'MAIN', 'C', 'N', '2017-05-22 17:44:00', '2017-05-22 17:45:52', 'BATCH_192.168.247.1_1495446342061');
INSERT INTO "GAEA"."BATCH_STATUS_HIST" VALUES ('20170522', 'MAIN', 'C', 'N', '2017-05-22 17:46:40', '2017-05-22 17:46:53', 'BATCH_192.168.247.1_1495446400095');
INSERT INTO "GAEA"."BATCH_STATUS_HIST" VALUES ('20170522', 'MAIN', 'C', 'N', '2017-05-22 17:47:00', '2017-05-22 17:47:13', 'BATCH_192.168.247.1_1495446420091');
INSERT INTO "GAEA"."BATCH_STATUS_HIST" VALUES ('20170522', 'MAIN', 'C', 'N', '2017-05-22 17:48:40', '2017-05-22 17:48:53', 'BATCH_192.168.247.1_1495446520112');
INSERT INTO "GAEA"."BATCH_STATUS_HIST" VALUES ('20170522', 'MAIN', 'C', 'N', '2017-05-22 17:49:40', '2017-05-22 17:49:53', 'BATCH_192.168.247.1_1495446580070');
INSERT INTO "GAEA"."BATCH_STATUS_HIST" VALUES ('20170522', 'MAIN', 'C', 'N', '2017-05-22 17:50:20', '2017-05-22 17:50:33', 'BATCH_192.168.247.1_1495446620131');
INSERT INTO "GAEA"."BATCH_STATUS_HIST" VALUES ('20170522', 'MAIN', 'C', 'N', '2017-05-22 17:50:40', '2017-05-22 17:50:53', 'BATCH_192.168.247.1_1495446640074');
INSERT INTO "GAEA"."BATCH_STATUS_HIST" VALUES ('20170522', 'MAIN', 'C', 'N', '2017-05-22 17:51:00', '2017-05-22 17:51:13', 'BATCH_192.168.247.1_1495446660063');
INSERT INTO "GAEA"."BATCH_STATUS_HIST" VALUES ('20170522', 'MAIN', 'C', 'N', '2017-05-22 17:52:00', '2017-05-22 17:52:13', 'BATCH_192.168.247.1_1495446720112');
INSERT INTO "GAEA"."BATCH_STATUS_HIST" VALUES ('20170522', 'MAIN', 'C', 'N', '2017-05-22 17:53:20', '2017-05-22 17:53:33', 'BATCH_192.168.247.1_1495446800105');
INSERT INTO "GAEA"."BATCH_STATUS_HIST" VALUES ('20170522', 'MAIN', 'C', 'N', '2017-05-22 17:54:20', '2017-05-22 17:54:33', 'BATCH_192.168.247.1_1495446860093');
INSERT INTO "GAEA"."BATCH_STATUS_HIST" VALUES ('20170522', 'MAIN', 'C', 'N', '2017-05-22 17:55:20', '2017-05-22 17:55:33', 'BATCH_192.168.247.1_1495446920092');
INSERT INTO "GAEA"."BATCH_STATUS_HIST" VALUES ('20170522', 'MAIN', 'C', 'N', '2017-05-22 17:55:40', '2017-05-22 17:55:53', 'BATCH_192.168.247.1_1495446940065');
INSERT INTO "GAEA"."BATCH_STATUS_HIST" VALUES ('20170522', 'MAIN', 'C', 'N', '2017-05-22 17:56:20', '2017-05-22 17:56:33', 'BATCH_192.168.247.1_1495446980107');
INSERT INTO "GAEA"."BATCH_STATUS_HIST" VALUES ('20170522', 'MAIN', 'C', 'N', '2017-05-22 17:56:40', '2017-05-22 17:56:53', 'BATCH_192.168.247.1_1495447000090');
INSERT INTO "GAEA"."BATCH_STATUS_HIST" VALUES ('20170522', 'MAIN', 'C', 'N', '2017-05-22 17:57:20', '2017-05-22 17:57:33', 'BATCH_192.168.247.1_1495447040108');
INSERT INTO "GAEA"."BATCH_STATUS_HIST" VALUES ('20170522', 'MAIN', 'C', 'N', '2017-05-22 17:59:00', '2017-05-22 17:59:13', 'BATCH_192.168.8.99_1495447140165');
INSERT INTO "GAEA"."BATCH_STATUS_HIST" VALUES ('20170524', 'MAIN', 'C', 'N', '2017-05-24 11:10:48', '2017-05-24 11:10:58', 'BATCH_192.168.8.99_1495595448364');
INSERT INTO "GAEA"."BATCH_STATUS_HIST" VALUES ('20170524', 'MAIN', 'C', 'N', '2017-05-24 11:18:04', '2017-05-24 11:18:14', 'BATCH_192.168.8.99_1495595884918');
INSERT INTO "GAEA"."BATCH_STATUS_HIST" VALUES ('20170524', 'MAIN', 'C', 'N', '2017-05-24 16:14:29', null, 'BATCH_192.168.8.99_1495613669536');
INSERT INTO "GAEA"."BATCH_STATUS_HIST" VALUES ('20170519', 'MAIN', 'C', 'N', '2017-05-19 16:34:03', '2017-05-19 16:38:50', 'BATCH_192.168.8.99_1495182843886');
INSERT INTO "GAEA"."BATCH_STATUS_HIST" VALUES ('20170522', 'MAIN', 'C', 'N', '2017-05-22 17:46:00', '2017-05-22 17:46:13', 'BATCH_192.168.247.1_1495446360259');
INSERT INTO "GAEA"."BATCH_STATUS_HIST" VALUES ('20170522', 'MAIN', 'C', 'N', '2017-05-22 17:46:20', '2017-05-22 17:46:33', 'BATCH_192.168.247.1_1495446380115');
INSERT INTO "GAEA"."BATCH_STATUS_HIST" VALUES ('20170522', 'MAIN', 'C', 'N', '2017-05-22 17:47:20', '2017-05-22 17:47:33', 'BATCH_192.168.247.1_1495446440087');
INSERT INTO "GAEA"."BATCH_STATUS_HIST" VALUES ('20170522', 'MAIN', 'C', 'N', '2017-05-22 17:47:40', '2017-05-22 17:47:53', 'BATCH_192.168.247.1_1495446460075');
INSERT INTO "GAEA"."BATCH_STATUS_HIST" VALUES ('20170522', 'MAIN', 'C', 'N', '2017-05-22 17:48:00', '2017-05-22 17:48:13', 'BATCH_192.168.247.1_1495446480099');
INSERT INTO "GAEA"."BATCH_STATUS_HIST" VALUES ('20170522', 'MAIN', 'C', 'N', '2017-05-22 17:48:20', '2017-05-22 17:48:33', 'BATCH_192.168.247.1_1495446500106');
INSERT INTO "GAEA"."BATCH_STATUS_HIST" VALUES ('20170522', 'MAIN', 'C', 'N', '2017-05-22 17:49:00', '2017-05-22 17:49:13', 'BATCH_192.168.247.1_1495446540103');
INSERT INTO "GAEA"."BATCH_STATUS_HIST" VALUES ('20170522', 'MAIN', 'C', 'N', '2017-05-22 17:49:20', '2017-05-22 17:49:33', 'BATCH_192.168.247.1_1495446560097');
INSERT INTO "GAEA"."BATCH_STATUS_HIST" VALUES ('20170522', 'MAIN', 'C', 'N', '2017-05-22 17:50:00', '2017-05-22 17:50:13', 'BATCH_192.168.247.1_1495446600103');
INSERT INTO "GAEA"."BATCH_STATUS_HIST" VALUES ('20170522', 'MAIN', 'C', 'N', '2017-05-22 17:51:20', '2017-05-22 17:51:33', 'BATCH_192.168.247.1_1495446680117');
INSERT INTO "GAEA"."BATCH_STATUS_HIST" VALUES ('20170522', 'MAIN', 'C', 'N', '2017-05-22 17:51:40', '2017-05-22 17:51:53', 'BATCH_192.168.247.1_1495446700092');
INSERT INTO "GAEA"."BATCH_STATUS_HIST" VALUES ('20170522', 'MAIN', 'C', 'N', '2017-05-22 17:52:20', '2017-05-22 17:52:33', 'BATCH_192.168.247.1_1495446740114');
INSERT INTO "GAEA"."BATCH_STATUS_HIST" VALUES ('20170522', 'MAIN', 'C', 'N', '2017-05-22 17:52:40', '2017-05-22 17:52:53', 'BATCH_192.168.247.1_1495446760077');
INSERT INTO "GAEA"."BATCH_STATUS_HIST" VALUES ('20170522', 'MAIN', 'C', 'N', '2017-05-22 17:53:00', '2017-05-22 17:53:13', 'BATCH_192.168.247.1_1495446780089');
INSERT INTO "GAEA"."BATCH_STATUS_HIST" VALUES ('20170522', 'MAIN', 'C', 'N', '2017-05-22 17:53:40', '2017-05-22 17:53:53', 'BATCH_192.168.247.1_1495446820111');
INSERT INTO "GAEA"."BATCH_STATUS_HIST" VALUES ('20170522', 'MAIN', 'C', 'N', '2017-05-22 17:54:00', '2017-05-22 17:54:13', 'BATCH_192.168.247.1_1495446840089');
INSERT INTO "GAEA"."BATCH_STATUS_HIST" VALUES ('20170522', 'MAIN', 'C', 'N', '2017-05-22 17:54:40', '2017-05-22 17:54:53', 'BATCH_192.168.247.1_1495446880137');
INSERT INTO "GAEA"."BATCH_STATUS_HIST" VALUES ('20170522', 'MAIN', 'C', 'N', '2017-05-22 17:55:00', '2017-05-22 17:55:13', 'BATCH_192.168.247.1_1495446900105');
INSERT INTO "GAEA"."BATCH_STATUS_HIST" VALUES ('20170522', 'MAIN', 'C', 'N', '2017-05-22 17:56:00', '2017-05-22 17:56:13', 'BATCH_192.168.247.1_1495446960083');
INSERT INTO "GAEA"."BATCH_STATUS_HIST" VALUES ('20170522', 'MAIN', 'C', 'N', '2017-05-22 17:57:00', '2017-05-22 17:57:13', 'BATCH_192.168.8.99_1495447020283');
INSERT INTO "GAEA"."BATCH_STATUS_HIST" VALUES ('20170522', 'MAIN', 'C', 'N', '2017-05-22 17:57:40', '2017-05-22 17:57:53', 'BATCH_192.168.8.99_1495447060195');
INSERT INTO "GAEA"."BATCH_STATUS_HIST" VALUES ('20170522', 'MAIN', 'C', 'N', '2017-05-22 17:58:20', '2017-05-22 17:58:34', 'BATCH_192.168.8.99_1495447100238');
INSERT INTO "GAEA"."BATCH_STATUS_HIST" VALUES ('20170522', 'MAIN', 'C', 'N', '2017-05-22 17:59:20', '2017-05-22 17:59:34', 'BATCH_192.168.247.1_1495447160588');
INSERT INTO "GAEA"."BATCH_STATUS_HIST" VALUES ('20170524', 'MAIN', 'C', 'N', '2017-05-24 09:56:34', '2017-05-24 09:57:45', 'BATCH_192.168.8.99_1495590994941');
INSERT INTO "GAEA"."BATCH_STATUS_HIST" VALUES ('20170524', 'MAIN', 'C', 'N', '2017-05-24 11:26:15', '2017-05-24 11:28:31', 'BATCH_192.168.8.99_1495596375034');
INSERT INTO "GAEA"."BATCH_STATUS_HIST" VALUES ('20170524', 'MAIN', 'C', 'N', '2017-05-24 17:49:03', '2017-05-24 17:51:38', 'BATCH_192.168.8.99_1495619464037');
INSERT INTO "GAEA"."BATCH_STATUS_HIST" VALUES ('20170522', 'MAIN', 'C', 'N', '2017-05-22 17:41:20', '2017-05-22 17:41:34', 'BATCH_192.168.247.1_1495446080801');
INSERT INTO "GAEA"."BATCH_STATUS_HIST" VALUES ('20170522', 'MAIN', 'C', 'N', '2017-05-22 17:42:40', '2017-05-22 17:42:54', 'BATCH_192.168.247.1_1495446160617');
INSERT INTO "GAEA"."BATCH_STATUS_HIST" VALUES ('20170522', 'MAIN', 'C', 'N', '2017-05-22 17:43:00', '2017-05-22 17:43:13', 'BATCH_192.168.8.99_1495446180166');
INSERT INTO "GAEA"."BATCH_STATUS_HIST" VALUES ('20170524', 'MAIN', 'C', 'N', '2017-05-24 11:10:00', '2017-05-24 11:10:11', 'BATCH_192.168.8.99_1495595400772');
INSERT INTO "GAEA"."BATCH_STATUS_HIST" VALUES ('20170524', 'MAIN', 'C', 'N', '2017-05-24 11:14:28', '2017-05-24 11:14:38', 'BATCH_192.168.8.99_1495595668798');
INSERT INTO "GAEA"."BATCH_STATUS_HIST" VALUES ('20170524', 'MAIN', 'C', 'N', '2017-05-24 16:16:13', '2017-05-24 17:02:55', 'BATCH_192.168.247.1_1495615176019');
INSERT INTO "GAEA"."BATCH_STATUS_HIST" VALUES ('20170524', 'MAIN', 'C', 'N', '2017-05-24 17:03:15', '2017-05-24 17:05:40', 'BATCH_192.168.8.99_1495616595735');
INSERT INTO "GAEA"."BATCH_STATUS_HIST" VALUES ('20170524', 'MAIN', 'C', 'N', '2017-05-24 17:25:25', '2017-05-24 17:49:01', 'BATCH_192.168.247.1_1495619146032');
INSERT INTO "GAEA"."BATCH_STATUS_HIST" VALUES ('20170524', 'MAIN', 'C', 'N', '2017-05-24 17:51:42', '2017-05-24 18:06:09', 'BATCH_192.168.8.99_1495620319232');

-- ----------------------------
-- Table structure for BATCH_STD_JOB
-- ----------------------------
DROP TABLE "GAEA"."BATCH_STD_JOB";
CREATE TABLE "GAEA"."BATCH_STD_JOB" (
"JOB_ID" VARCHAR2(30 CHAR) NOT NULL ,
"JOB_NAME" VARCHAR2(100 CHAR) NOT NULL ,
"BATCH_CLASS" VARCHAR2(4 CHAR) NOT NULL ,
"JOB_TYPE" VARCHAR2(4 CHAR) NOT NULL ,
"JOB_DESC" VARCHAR2(100 CHAR) NULL ,
"MODULE_ID" VARCHAR2(4 CHAR) NOT NULL ,
"SYSTEM_ID" VARCHAR2(30 CHAR) NOT NULL ,
"DAY_END" VARCHAR2(1 CHAR) DEFAULT 'Y'  NOT NULL ,
"WEEK_END" VARCHAR2(1 CHAR) DEFAULT 'N'  NOT NULL ,
"MTH_END" VARCHAR2(1 CHAR) DEFAULT 'N'  NOT NULL ,
"YR_END" VARCHAR2(1 CHAR) DEFAULT 'N'  NOT NULL ,
"IS_SKIP" VARCHAR2(1 CHAR) DEFAULT 'N'  NOT NULL ,
"GX_CLASS_NAME" VARCHAR2(100 CHAR) NULL ,
"GX_METHOD" VARCHAR2(30 CHAR) NULL ,
"STATIC_PARAM" VARCHAR2(100 CHAR) NULL ,
"BY_SCHEMA" VARCHAR2(1 CHAR) DEFAULT 'N'  NOT NULL ,
"IS_SPLIT" VARCHAR2(1 CHAR) DEFAULT 'N'  NOT NULL ,
"STATUS" VARCHAR2(1 CHAR) DEFAULT 'Y'  NOT NULL ,
"SHARD_MANAGER_ID" VARCHAR2(30 CHAR) NULL ,
"BATCH_SIZE" NUMBER NULL ,
"DTP_FLAG" VARCHAR2(1 CHAR) NULL ,
"JOB_GROUP_ID" VARCHAR2(30 CHAR) NULL 
)
LOGGING
NOCOMPRESS
NOCACHE

;

-- ----------------------------
-- Records of BATCH_STD_JOB
-- ----------------------------
INSERT INTO "GAEA"."BATCH_STD_JOB" VALUES ('SPLIT_JOB', 'SPLIT_JOB', 'COMM', 'GX', '公共的分段JOB', 'FM', 'COMM', 'Y', 'N', 'N', 'N', 'N', 'com.dcits.orion.batch.task.service.SplitJob', 'split', null, 'N', 'N', 'Y', null, null, null, null);
INSERT INTO "GAEA"."BATCH_STD_JOB" VALUES ('GAJOB1', '批处理demo1', 'MAIN', 'GX', '批处理demo1', 'GA', 'gaea', 'Y', 'Y', 'Y', 'Y', 'N', 'com.dcits.gaea.job.JOB1', 'jobRun', null, 'N', 'N', 'Y', null, null, 'N', null);
INSERT INTO "GAEA"."BATCH_STD_JOB" VALUES ('GAJOB2', '批处理测试job2', 'MAIN', 'GX', '批处理测试job2', 'GA', 'gaea', 'Y', 'Y', 'Y', 'Y', 'N', 'com.dcits.gaea.job.JOB1', 'jobRun', null, 'N', 'N', 'Y', null, null, 'N', null);
INSERT INTO "GAEA"."BATCH_STD_JOB" VALUES ('GAJOB3', '账户统计', 'MAIN', 'GX', '账户统计', 'GA', 'gaea', 'Y', 'Y', 'Y', 'Y', 'N', 'com.dcits.gaea.job.JOB2', 'jobRun', null, 'N', 'N', 'Y', null, null, 'N', null);
INSERT INTO "GAEA"."BATCH_STD_JOB" VALUES ('GAJOB4', '批量更新账户余额', 'MAIN', 'GX', '批量更新账户余额', 'GA', 'gaea', 'Y', 'Y', 'Y', 'Y', 'N', 'com.dcits.gaea.job.JOB3', 'jobRun', '10001', 'Y', 'Y', 'Y', null, null, 'N', null);
INSERT INTO "GAEA"."BATCH_STD_JOB" VALUES ('GAJOB5', 'wordCount', 'MAIN', 'MR', 'HADOOP JOB读取单词数', 'GA', 'gaea', 'Y', 'Y', 'Y', 'Y', 'N', 'com.dcits.orion.batch.task.service.MrTask', 'runTask', null, 'N', 'N', 'Y', null, null, 'N', null);

-- ----------------------------
-- Table structure for BATCH_TABLE_DEF
-- ----------------------------
DROP TABLE "GAEA"."BATCH_TABLE_DEF";
CREATE TABLE "GAEA"."BATCH_TABLE_DEF" (
"BATCH_TABLE_ID" VARCHAR2(20 CHAR) NULL ,
"TABLE_NAME" VARCHAR2(30 CHAR) NULL ,
"TARGET_TABLE_NAME" VARCHAR2(30 CHAR) NULL ,
"SELECT_NAMESPACE" VARCHAR2(100 CHAR) NULL ,
"SELECT_SQL_ID" VARCHAR2(50 CHAR) NULL ,
"INSERT_NAMESPACE" VARCHAR2(100 CHAR) NULL ,
"INSERT_SQL_ID" VARCHAR2(50 CHAR) NULL ,
"WHERE_SQL" VARCHAR2(1000 CHAR) NULL ,
"BATCH_SIZE" NUMBER NULL 
)
LOGGING
NOCOMPRESS
NOCACHE

;

-- ----------------------------
-- Records of BATCH_TABLE_DEF
-- ----------------------------

-- ----------------------------
-- Table structure for BATCH_TIMER_DEF
-- ----------------------------
DROP TABLE "GAEA"."BATCH_TIMER_DEF";
CREATE TABLE "GAEA"."BATCH_TIMER_DEF" (
"TIMER_ID" VARCHAR2(32 BYTE) NULL ,
"CRON_EXPRESSION" VARCHAR2(32 BYTE) NULL ,
"SYSTEM_ID" VARCHAR2(32 BYTE) NULL ,
"STATIC_PARAM" VARCHAR2(100 BYTE) NULL ,
"GX_CLASS_NAME" VARCHAR2(100 BYTE) NULL ,
"GX_METHOD" VARCHAR2(100 BYTE) NULL ,
"STATUS" VARCHAR2(1 BYTE) NULL ,
"PAUSE_BATCH" VARCHAR2(4 BYTE) NULL ,
"REC_FLAG" VARCHAR2(1 BYTE) NULL 
)
LOGGING
NOCOMPRESS
NOCACHE

;

-- ----------------------------
-- Records of BATCH_TIMER_DEF
-- ----------------------------
INSERT INTO "GAEA"."BATCH_TIMER_DEF" VALUES ('T1', '0/20 * * * * ?', 'gaea', 'MAIN', 'com.dcits.orion.batch.service.BatchManage', 'startBatch', 'Y', null, 'N');

-- ----------------------------
-- Table structure for BATCH_TIMER_REC
-- ----------------------------
DROP TABLE "GAEA"."BATCH_TIMER_REC";
CREATE TABLE "GAEA"."BATCH_TIMER_REC" (
"TIME_EXE_IND" VARCHAR2(100 BYTE) NULL ,
"TIMER_ID" VARCHAR2(32 BYTE) NULL ,
"SYSTEM_ID" VARCHAR2(32 BYTE) NULL ,
"STATIC_PARAM" VARCHAR2(100 BYTE) NULL ,
"GX_CLASS_NAME" VARCHAR2(100 BYTE) NULL ,
"GX_METHOD" VARCHAR2(100 BYTE) NULL ,
"EXE_RESULT" VARCHAR2(1 BYTE) NULL ,
"NODE_IP" VARCHAR2(32 BYTE) NULL ,
"START_TIME" VARCHAR2(32 BYTE) NULL ,
"END_TIME" VARCHAR2(32 BYTE) NULL ,
"TIME_ELAPSED" NUMBER NULL ,
"ERROR_DESC" VARCHAR2(4000 BYTE) NULL 
)
LOGGING
NOCOMPRESS
NOCACHE

;

-- ----------------------------
-- Records of BATCH_TIMER_REC
-- ----------------------------
INSERT INTO "GAEA"."BATCH_TIMER_REC" VALUES ('TASK_IND_192.168.8.99_1495447060092', 'T1', 'gaea', 'MAIN', 'com.dcits.orion.batch.service.BatchManage', 'startBatch', 'S', '192.168.8.99', '2017-05-22 17:57:40', '2017-05-22 17:57:40', '124', null);
INSERT INTO "GAEA"."BATCH_TIMER_REC" VALUES ('TASK_IND_192.168.8.99_1495447120195', 'T1', 'gaea', 'MAIN', 'com.dcits.orion.batch.service.BatchManage', 'startBatch', 'S', '192.168.8.99', '2017-05-22 17:58:40', '2017-05-22 17:58:40', '22', null);
INSERT INTO "GAEA"."BATCH_TIMER_REC" VALUES ('TASK_IND_192.168.247.1_1495446080413', 'T1', 'gaea', 'MAIN', 'com.dcits.orion.batch.service.BatchManage', 'startBatch', 'S', '192.168.247.1', '2017-05-22 17:41:20', '2017-05-22 17:41:20', '427', null);
INSERT INTO "GAEA"."BATCH_TIMER_REC" VALUES ('TASK_IND_192.168.8.99_1495446100110', 'T1', 'gaea', 'MAIN', 'com.dcits.orion.batch.service.BatchManage', 'startBatch', 'S', '192.168.8.99', '2017-05-22 17:41:40', '2017-05-22 17:41:40', '251', null);
INSERT INTO "GAEA"."BATCH_TIMER_REC" VALUES ('TASK_IND_192.168.247.1_1495446160406', 'T1', 'gaea', 'MAIN', 'com.dcits.orion.batch.service.BatchManage', 'startBatch', 'S', '192.168.247.1', '2017-05-22 17:42:40', '2017-05-22 17:42:40', '239', null);
INSERT INTO "GAEA"."BATCH_TIMER_REC" VALUES ('TASK_IND_192.168.8.99_1495446180078', 'T1', 'gaea', 'MAIN', 'com.dcits.orion.batch.service.BatchManage', 'startBatch', 'S', '192.168.8.99', '2017-05-22 17:43:00', '2017-05-22 17:43:00', '111', null);
INSERT INTO "GAEA"."BATCH_TIMER_REC" VALUES ('TASK_IND_192.168.247.1_1495446200029', 'T1', 'gaea', 'MAIN', 'com.dcits.orion.batch.service.BatchManage', 'startBatch', 'S', '192.168.247.1', '2017-05-22 17:43:20', '2017-05-22 17:43:20', '116', null);
INSERT INTO "GAEA"."BATCH_TIMER_REC" VALUES ('TASK_IND_192.168.247.1_1495446240019', 'T1', 'gaea', 'MAIN', 'com.dcits.orion.batch.service.BatchManage', 'startBatch', 'S', '192.168.247.1', '2017-05-22 17:44:00', '2017-05-22 17:44:00', '79', null);
INSERT INTO "GAEA"."BATCH_TIMER_REC" VALUES ('TASK_IND_192.168.247.1_1495446340472', 'T1', 'gaea', 'MAIN', 'com.dcits.orion.batch.service.BatchManage', 'startBatch', 'S', '192.168.247.1', '2017-05-22 17:45:40', '2017-05-22 17:45:40', '51', null);
INSERT INTO "GAEA"."BATCH_TIMER_REC" VALUES ('TASK_IND_192.168.247.1_1495446380019', 'T1', 'gaea', 'MAIN', 'com.dcits.orion.batch.service.BatchManage', 'startBatch', 'S', '192.168.247.1', '2017-05-22 17:46:20', '2017-05-22 17:46:20', '114', null);
INSERT INTO "GAEA"."BATCH_TIMER_REC" VALUES ('TASK_IND_192.168.247.1_1495446400025', 'T1', 'gaea', 'MAIN', 'com.dcits.orion.batch.service.BatchManage', 'startBatch', 'S', '192.168.247.1', '2017-05-22 17:46:40', '2017-05-22 17:46:40', '83', null);
INSERT INTO "GAEA"."BATCH_TIMER_REC" VALUES ('TASK_IND_192.168.247.1_1495446420024', 'T1', 'gaea', 'MAIN', 'com.dcits.orion.batch.service.BatchManage', 'startBatch', 'S', '192.168.247.1', '2017-05-22 17:47:00', '2017-05-22 17:47:00', '77', null);
INSERT INTO "GAEA"."BATCH_TIMER_REC" VALUES ('TASK_IND_192.168.247.1_1495446480029', 'T1', 'gaea', 'MAIN', 'com.dcits.orion.batch.service.BatchManage', 'startBatch', 'S', '192.168.247.1', '2017-05-22 17:48:00', '2017-05-22 17:48:00', '81', null);
INSERT INTO "GAEA"."BATCH_TIMER_REC" VALUES ('TASK_IND_192.168.247.1_1495446500035', 'T1', 'gaea', 'MAIN', 'com.dcits.orion.batch.service.BatchManage', 'startBatch', 'S', '192.168.247.1', '2017-05-22 17:48:20', '2017-05-22 17:48:20', '82', null);
INSERT INTO "GAEA"."BATCH_TIMER_REC" VALUES ('TASK_IND_192.168.247.1_1495446520038', 'T1', 'gaea', 'MAIN', 'com.dcits.orion.batch.service.BatchManage', 'startBatch', 'S', '192.168.247.1', '2017-05-22 17:48:40', '2017-05-22 17:48:40', '86', null);
INSERT INTO "GAEA"."BATCH_TIMER_REC" VALUES ('TASK_IND_192.168.247.1_1495446540029', 'T1', 'gaea', 'MAIN', 'com.dcits.orion.batch.service.BatchManage', 'startBatch', 'S', '192.168.247.1', '2017-05-22 17:49:00', '2017-05-22 17:49:00', '86', null);
INSERT INTO "GAEA"."BATCH_TIMER_REC" VALUES ('TASK_IND_192.168.247.1_1495446560026', 'T1', 'gaea', 'MAIN', 'com.dcits.orion.batch.service.BatchManage', 'startBatch', 'S', '192.168.247.1', '2017-05-22 17:49:20', '2017-05-22 17:49:20', '99', null);
INSERT INTO "GAEA"."BATCH_TIMER_REC" VALUES ('TASK_IND_192.168.247.1_1495446620026', 'T1', 'gaea', 'MAIN', 'com.dcits.orion.batch.service.BatchManage', 'startBatch', 'S', '192.168.247.1', '2017-05-22 17:50:20', '2017-05-22 17:50:20', '123', null);
INSERT INTO "GAEA"."BATCH_TIMER_REC" VALUES ('TASK_IND_192.168.247.1_1495446700023', 'T1', 'gaea', 'MAIN', 'com.dcits.orion.batch.service.BatchManage', 'startBatch', 'S', '192.168.247.1', '2017-05-22 17:51:40', '2017-05-22 17:51:40', '83', null);
INSERT INTO "GAEA"."BATCH_TIMER_REC" VALUES ('TASK_IND_192.168.247.1_1495446720035', 'T1', 'gaea', 'MAIN', 'com.dcits.orion.batch.service.BatchManage', 'startBatch', 'S', '192.168.247.1', '2017-05-22 17:52:00', '2017-05-22 17:52:00', '90', null);
INSERT INTO "GAEA"."BATCH_TIMER_REC" VALUES ('TASK_IND_192.168.247.1_1495446820028', 'T1', 'gaea', 'MAIN', 'com.dcits.orion.batch.service.BatchManage', 'startBatch', 'S', '192.168.247.1', '2017-05-22 17:53:40', '2017-05-22 17:53:40', '98', null);
INSERT INTO "GAEA"."BATCH_TIMER_REC" VALUES ('TASK_IND_192.168.247.1_1495446900026', 'T1', 'gaea', 'MAIN', 'com.dcits.orion.batch.service.BatchManage', 'startBatch', 'S', '192.168.247.1', '2017-05-22 17:55:00', '2017-05-22 17:55:00', '92', null);
INSERT INTO "GAEA"."BATCH_TIMER_REC" VALUES ('TASK_IND_192.168.247.1_1495446920028', 'T1', 'gaea', 'MAIN', 'com.dcits.orion.batch.service.BatchManage', 'startBatch', 'S', '192.168.247.1', '2017-05-22 17:55:20', '2017-05-22 17:55:20', '78', null);
INSERT INTO "GAEA"."BATCH_TIMER_REC" VALUES ('TASK_IND_192.168.247.1_1495446980017', 'T1', 'gaea', 'MAIN', 'com.dcits.orion.batch.service.BatchManage', 'startBatch', 'S', '192.168.247.1', '2017-05-22 17:56:20', '2017-05-22 17:56:20', '108', null);
INSERT INTO "GAEA"."BATCH_TIMER_REC" VALUES ('TASK_IND_192.168.8.99_1495447020106', 'T1', 'gaea', 'MAIN', 'com.dcits.orion.batch.service.BatchManage', 'startBatch', 'S', '192.168.8.99', '2017-05-22 17:57:00', '2017-05-22 17:57:00', '209', null);
INSERT INTO "GAEA"."BATCH_TIMER_REC" VALUES ('TASK_IND_192.168.247.1_1495447040023', 'T1', 'gaea', 'MAIN', 'com.dcits.orion.batch.service.BatchManage', 'startBatch', 'S', '192.168.247.1', '2017-05-22 17:57:20', '2017-05-22 17:57:20', '97', null);
INSERT INTO "GAEA"."BATCH_TIMER_REC" VALUES ('TASK_IND_192.168.247.1_1495447080020', 'T1', 'gaea', 'MAIN', 'com.dcits.orion.batch.service.BatchManage', 'startBatch', 'S', '192.168.247.1', '2017-05-22 17:58:00', '2017-05-22 17:58:00', '65', null);
INSERT INTO "GAEA"."BATCH_TIMER_REC" VALUES ('TASK_IND_192.168.8.99_1495447100092', 'T1', 'gaea', 'MAIN', 'com.dcits.orion.batch.service.BatchManage', 'startBatch', 'S', '192.168.8.99', '2017-05-22 17:58:20', '2017-05-22 17:58:20', '166', null);
INSERT INTO "GAEA"."BATCH_TIMER_REC" VALUES ('TASK_IND_192.168.247.1_1495447120040', 'T1', 'gaea', 'MAIN', 'com.dcits.orion.batch.service.BatchManage', 'startBatch', 'S', '192.168.247.1', '2017-05-22 17:58:40', '2017-05-22 17:58:40', '72', null);
INSERT INTO "GAEA"."BATCH_TIMER_REC" VALUES ('TASK_IND_192.168.8.99_1495447140094', 'T1', 'gaea', 'MAIN', 'com.dcits.orion.batch.service.BatchManage', 'startBatch', 'S', '192.168.8.99', '2017-05-22 17:59:00', '2017-05-22 17:59:00', '98', null);
INSERT INTO "GAEA"."BATCH_TIMER_REC" VALUES ('TASK_IND_192.168.247.1_1495447160540', 'T1', 'gaea', 'MAIN', 'com.dcits.orion.batch.service.BatchManage', 'startBatch', 'S', '192.168.247.1', '2017-05-22 17:59:20', '2017-05-22 17:59:20', '59', null);
INSERT INTO "GAEA"."BATCH_TIMER_REC" VALUES ('TASK_IND_192.168.247.1_1495446360113', 'T1', 'gaea', 'MAIN', 'com.dcits.orion.batch.service.BatchManage', 'startBatch', 'S', '192.168.247.1', '2017-05-22 17:46:00', '2017-05-22 17:46:00', '161', null);
INSERT INTO "GAEA"."BATCH_TIMER_REC" VALUES ('TASK_IND_192.168.247.1_1495446440021', 'T1', 'gaea', 'MAIN', 'com.dcits.orion.batch.service.BatchManage', 'startBatch', 'S', '192.168.247.1', '2017-05-22 17:47:20', '2017-05-22 17:47:20', '77', null);
INSERT INTO "GAEA"."BATCH_TIMER_REC" VALUES ('TASK_IND_192.168.247.1_1495446460017', 'T1', 'gaea', 'MAIN', 'com.dcits.orion.batch.service.BatchManage', 'startBatch', 'S', '192.168.247.1', '2017-05-22 17:47:40', '2017-05-22 17:47:40', '68', null);
INSERT INTO "GAEA"."BATCH_TIMER_REC" VALUES ('TASK_IND_192.168.247.1_1495446580018', 'T1', 'gaea', 'MAIN', 'com.dcits.orion.batch.service.BatchManage', 'startBatch', 'S', '192.168.247.1', '2017-05-22 17:49:40', '2017-05-22 17:49:40', '64', null);
INSERT INTO "GAEA"."BATCH_TIMER_REC" VALUES ('TASK_IND_192.168.247.1_1495446600034', 'T1', 'gaea', 'MAIN', 'com.dcits.orion.batch.service.BatchManage', 'startBatch', 'S', '192.168.247.1', '2017-05-22 17:50:00', '2017-05-22 17:50:00', '81', null);
INSERT INTO "GAEA"."BATCH_TIMER_REC" VALUES ('TASK_IND_192.168.247.1_1495446640020', 'T1', 'gaea', 'MAIN', 'com.dcits.orion.batch.service.BatchManage', 'startBatch', 'S', '192.168.247.1', '2017-05-22 17:50:40', '2017-05-22 17:50:40', '63', null);
INSERT INTO "GAEA"."BATCH_TIMER_REC" VALUES ('TASK_IND_192.168.247.1_1495446660015', 'T1', 'gaea', 'MAIN', 'com.dcits.orion.batch.service.BatchManage', 'startBatch', 'S', '192.168.247.1', '2017-05-22 17:51:00', '2017-05-22 17:51:00', '57', null);
INSERT INTO "GAEA"."BATCH_TIMER_REC" VALUES ('TASK_IND_192.168.247.1_1495446680028', 'T1', 'gaea', 'MAIN', 'com.dcits.orion.batch.service.BatchManage', 'startBatch', 'S', '192.168.247.1', '2017-05-22 17:51:20', '2017-05-22 17:51:20', '103', null);
INSERT INTO "GAEA"."BATCH_TIMER_REC" VALUES ('TASK_IND_192.168.247.1_1495446740029', 'T1', 'gaea', 'MAIN', 'com.dcits.orion.batch.service.BatchManage', 'startBatch', 'S', '192.168.247.1', '2017-05-22 17:52:20', '2017-05-22 17:52:20', '97', null);
INSERT INTO "GAEA"."BATCH_TIMER_REC" VALUES ('TASK_IND_192.168.247.1_1495446760016', 'T1', 'gaea', 'MAIN', 'com.dcits.orion.batch.service.BatchManage', 'startBatch', 'S', '192.168.247.1', '2017-05-22 17:52:40', '2017-05-22 17:52:40', '72', null);
INSERT INTO "GAEA"."BATCH_TIMER_REC" VALUES ('TASK_IND_192.168.247.1_1495446780038', 'T1', 'gaea', 'MAIN', 'com.dcits.orion.batch.service.BatchManage', 'startBatch', 'S', '192.168.247.1', '2017-05-22 17:53:00', '2017-05-22 17:53:00', '64', null);
INSERT INTO "GAEA"."BATCH_TIMER_REC" VALUES ('TASK_IND_192.168.247.1_1495446800031', 'T1', 'gaea', 'MAIN', 'com.dcits.orion.batch.service.BatchManage', 'startBatch', 'S', '192.168.247.1', '2017-05-22 17:53:20', '2017-05-22 17:53:20', '85', null);
INSERT INTO "GAEA"."BATCH_TIMER_REC" VALUES ('TASK_IND_192.168.247.1_1495446840029', 'T1', 'gaea', 'MAIN', 'com.dcits.orion.batch.service.BatchManage', 'startBatch', 'S', '192.168.247.1', '2017-05-22 17:54:00', '2017-05-22 17:54:00', '72', null);
INSERT INTO "GAEA"."BATCH_TIMER_REC" VALUES ('TASK_IND_192.168.247.1_1495446860026', 'T1', 'gaea', 'MAIN', 'com.dcits.orion.batch.service.BatchManage', 'startBatch', 'S', '192.168.247.1', '2017-05-22 17:54:20', '2017-05-22 17:54:20', '78', null);
INSERT INTO "GAEA"."BATCH_TIMER_REC" VALUES ('TASK_IND_192.168.247.1_1495446880040', 'T1', 'gaea', 'MAIN', 'com.dcits.orion.batch.service.BatchManage', 'startBatch', 'S', '192.168.247.1', '2017-05-22 17:54:40', '2017-05-22 17:54:40', '116', null);
INSERT INTO "GAEA"."BATCH_TIMER_REC" VALUES ('TASK_IND_192.168.247.1_1495446940015', 'T1', 'gaea', 'MAIN', 'com.dcits.orion.batch.service.BatchManage', 'startBatch', 'S', '192.168.247.1', '2017-05-22 17:55:40', '2017-05-22 17:55:40', '62', null);
INSERT INTO "GAEA"."BATCH_TIMER_REC" VALUES ('TASK_IND_192.168.247.1_1495446960019', 'T1', 'gaea', 'MAIN', 'com.dcits.orion.batch.service.BatchManage', 'startBatch', 'S', '192.168.247.1', '2017-05-22 17:56:00', '2017-05-22 17:56:00', '77', null);
INSERT INTO "GAEA"."BATCH_TIMER_REC" VALUES ('TASK_IND_192.168.247.1_1495447000024', 'T1', 'gaea', 'MAIN', 'com.dcits.orion.batch.service.BatchManage', 'startBatch', 'S', '192.168.247.1', '2017-05-22 17:56:40', '2017-05-22 17:56:40', '79', null);
INSERT INTO "GAEA"."BATCH_TIMER_REC" VALUES ('TASK_IND_192.168.8.99_1495446220079', 'T1', 'gaea', 'MAIN', 'com.dcits.orion.batch.service.BatchManage', 'startBatch', 'S', '192.168.8.99', '2017-05-22 17:43:40', '2017-05-22 17:43:40', '107', null);

-- ----------------------------
-- Table structure for BATCH_TO_COMMIT
-- ----------------------------
DROP TABLE "GAEA"."BATCH_TO_COMMIT";
CREATE TABLE "GAEA"."BATCH_TO_COMMIT" (
"TASK_ID" VARCHAR2(50 CHAR) NOT NULL ,
"SHARD_MANAGER_ID" VARCHAR2(50 CHAR) NULL ,
"SHARD_ID" VARCHAR2(50 CHAR) NULL ,
"COMMIT_DATA" BLOB NULL ,
"GROUP_ID" VARCHAR2(50 CHAR) NULL ,
"BATCH_GROUP_ID" VARCHAR2(50 CHAR) NULL ,
"IDEM_ID" VARCHAR2(50 CHAR) NULL ,
"RECORD_DATE" VARCHAR2(20 CHAR) NULL 
)
LOGGING
NOCOMPRESS
NOCACHE

;

-- ----------------------------
-- Records of BATCH_TO_COMMIT
-- ----------------------------

-- ----------------------------
-- Table structure for DEMO_ACCT
-- ----------------------------
DROP TABLE "GAEA"."DEMO_ACCT";
CREATE TABLE "GAEA"."DEMO_ACCT" (
"UUID" VARCHAR2(32 CHAR) NOT NULL ,
"ACCT_NO" VARCHAR2(20 CHAR) NOT NULL ,
"ACCT_NAME" VARCHAR2(50 CHAR) NOT NULL ,
"CREATE_TIME" VARCHAR2(9 CHAR) NOT NULL ,
"CREATE_DATE" VARCHAR2(8 CHAR) NOT NULL ,
"BAL" NUMBER(17,2) NOT NULL ,
"STATUS" VARCHAR2(1 CHAR) NOT NULL ,
"RATE" NUMBER(5,9) DEFAULT 0  NOT NULL 
)
LOGGING
NOCOMPRESS
NOCACHE

;

-- ----------------------------
-- Records of DEMO_ACCT
-- ----------------------------
INSERT INTO "GAEA"."DEMO_ACCT" VALUES ('6', '10680878225242227722', 'TEST3', '133521776', '20170517', '917.30', 'A', '0');
INSERT INTO "GAEA"."DEMO_ACCT" VALUES ('7', '67523615627101598055', 'TEST4', '133521776', '20170517', '10077.70', 'A', '0');
INSERT INTO "GAEA"."DEMO_ACCT" VALUES ('8', '39222529637198365848', 'TEST2', '111852106', '20170518', '200', 'A', '0');
INSERT INTO "GAEA"."DEMO_ACCT" VALUES ('9', '25717796304121076524', 'TEST2', '111908727', '20170518', '300', 'A', '0');
INSERT INTO "GAEA"."DEMO_ACCT" VALUES ('testUUID451', 'RB1000000451', 'testAcctRB1000000451', '133521776', '20170520', '100000', 'A', '0');
INSERT INTO "GAEA"."DEMO_ACCT" VALUES ('testUUID452', 'RB1000000452', 'testAcctRB1000000452', '133521776', '20170520', '100000', 'A', '0');
INSERT INTO "GAEA"."DEMO_ACCT" VALUES ('testUUID453', 'RB1000000453', 'testAcctRB1000000453', '133521776', '20170520', '100000', 'A', '0');
INSERT INTO "GAEA"."DEMO_ACCT" VALUES ('testUUID454', 'RB1000000454', 'testAcctRB1000000454', '133521776', '20170520', '100000', 'A', '0');
INSERT INTO "GAEA"."DEMO_ACCT" VALUES ('testUUID455', 'RB1000000455', 'testAcctRB1000000455', '133521776', '20170520', '100000', 'A', '0');
INSERT INTO "GAEA"."DEMO_ACCT" VALUES ('testUUID456', 'RB1000000456', 'testAcctRB1000000456', '133521776', '20170520', '100000', 'A', '0');
INSERT INTO "GAEA"."DEMO_ACCT" VALUES ('testUUID457', 'RB1000000457', 'testAcctRB1000000457', '133521776', '20170520', '100000', 'A', '0');
INSERT INTO "GAEA"."DEMO_ACCT" VALUES ('testUUID458', 'RB1000000458', 'testAcctRB1000000458', '133521776', '20170520', '100000', 'A', '0');
INSERT INTO "GAEA"."DEMO_ACCT" VALUES ('testUUID459', 'RB1000000459', 'testAcctRB1000000459', '133521776', '20170520', '100000', 'A', '0');
INSERT INTO "GAEA"."DEMO_ACCT" VALUES ('testUUID460', 'RB1000000460', 'testAcctRB1000000460', '133521776', '20170520', '100000', 'A', '0');
INSERT INTO "GAEA"."DEMO_ACCT" VALUES ('testUUID461', 'RB1000000461', 'testAcctRB1000000461', '133521776', '20170520', '100000', 'A', '0');
INSERT INTO "GAEA"."DEMO_ACCT" VALUES ('testUUID462', 'RB1000000462', 'testAcctRB1000000462', '133521776', '20170520', '100000', 'A', '0');
INSERT INTO "GAEA"."DEMO_ACCT" VALUES ('testUUID463', 'RB1000000463', 'testAcctRB1000000463', '133521776', '20170520', '100000', 'A', '0');
INSERT INTO "GAEA"."DEMO_ACCT" VALUES ('testUUID464', 'RB1000000464', 'testAcctRB1000000464', '133521776', '20170520', '100000', 'A', '0');
INSERT INTO "GAEA"."DEMO_ACCT" VALUES ('testUUID465', 'RB1000000465', 'testAcctRB1000000465', '133521776', '20170520', '100000', 'A', '0');
INSERT INTO "GAEA"."DEMO_ACCT" VALUES ('testUUID466', 'RB1000000466', 'testAcctRB1000000466', '133521776', '20170520', '100000', 'A', '0');
INSERT INTO "GAEA"."DEMO_ACCT" VALUES ('testUUID467', 'RB1000000467', 'testAcctRB1000000467', '133521776', '20170520', '100000', 'A', '0');
INSERT INTO "GAEA"."DEMO_ACCT" VALUES ('testUUID468', 'RB1000000468', 'testAcctRB1000000468', '133521776', '20170520', '100000', 'A', '0');
INSERT INTO "GAEA"."DEMO_ACCT" VALUES ('testUUID469', 'RB1000000469', 'testAcctRB1000000469', '133521776', '20170520', '100000', 'A', '0');
INSERT INTO "GAEA"."DEMO_ACCT" VALUES ('testUUID470', 'RB1000000470', 'testAcctRB1000000470', '133521776', '20170520', '100000', 'A', '0');
INSERT INTO "GAEA"."DEMO_ACCT" VALUES ('testUUID471', 'RB1000000471', 'testAcctRB1000000471', '133521776', '20170520', '100000', 'A', '0');
INSERT INTO "GAEA"."DEMO_ACCT" VALUES ('testUUID472', 'RB1000000472', 'testAcctRB1000000472', '133521776', '20170520', '100000', 'A', '0');
INSERT INTO "GAEA"."DEMO_ACCT" VALUES ('testUUID473', 'RB1000000473', 'testAcctRB1000000473', '133521776', '20170520', '100000', 'A', '0');
INSERT INTO "GAEA"."DEMO_ACCT" VALUES ('testUUID474', 'RB1000000474', 'testAcctRB1000000474', '133521776', '20170520', '100000', 'A', '0');
INSERT INTO "GAEA"."DEMO_ACCT" VALUES ('testUUID475', 'RB1000000475', 'testAcctRB1000000475', '133521776', '20170520', '100000', 'A', '0');
INSERT INTO "GAEA"."DEMO_ACCT" VALUES ('testUUID476', 'RB1000000476', 'testAcctRB1000000476', '133521776', '20170520', '100000', 'A', '0');
INSERT INTO "GAEA"."DEMO_ACCT" VALUES ('testUUID477', 'RB1000000477', 'testAcctRB1000000477', '133521776', '20170520', '100000', 'A', '0');
INSERT INTO "GAEA"."DEMO_ACCT" VALUES ('testUUID478', 'RB1000000478', 'testAcctRB1000000478', '133521776', '20170520', '100000', 'A', '0');
INSERT INTO "GAEA"."DEMO_ACCT" VALUES ('testUUID479', 'RB1000000479', 'testAcctRB1000000479', '133521776', '20170520', '100000', 'A', '0');
INSERT INTO "GAEA"."DEMO_ACCT" VALUES ('testUUID480', 'RB1000000480', 'testAcctRB1000000480', '133521776', '20170520', '100000', 'A', '0');
INSERT INTO "GAEA"."DEMO_ACCT" VALUES ('testUUID481', 'RB1000000481', 'testAcctRB1000000481', '133521776', '20170520', '100000', 'A', '0');
INSERT INTO "GAEA"."DEMO_ACCT" VALUES ('testUUID482', 'RB1000000482', 'testAcctRB1000000482', '133521776', '20170520', '100000', 'A', '0');
INSERT INTO "GAEA"."DEMO_ACCT" VALUES ('testUUID483', 'RB1000000483', 'testAcctRB1000000483', '133521776', '20170520', '100000', 'A', '0');
INSERT INTO "GAEA"."DEMO_ACCT" VALUES ('testUUID484', 'RB1000000484', 'testAcctRB1000000484', '133521776', '20170520', '100000', 'A', '0');
INSERT INTO "GAEA"."DEMO_ACCT" VALUES ('testUUID485', 'RB1000000485', 'testAcctRB1000000485', '133521776', '20170520', '100000', 'A', '0');
INSERT INTO "GAEA"."DEMO_ACCT" VALUES ('testUUID486', 'RB1000000486', 'testAcctRB1000000486', '133521776', '20170520', '100000', 'A', '0');
INSERT INTO "GAEA"."DEMO_ACCT" VALUES ('testUUID487', 'RB1000000487', 'testAcctRB1000000487', '133521776', '20170520', '100000', 'A', '0');
INSERT INTO "GAEA"."DEMO_ACCT" VALUES ('testUUID488', 'RB1000000488', 'testAcctRB1000000488', '133521776', '20170520', '100000', 'A', '0');
INSERT INTO "GAEA"."DEMO_ACCT" VALUES ('testUUID489', 'RB1000000489', 'testAcctRB1000000489', '133521776', '20170520', '100000', 'A', '0');
INSERT INTO "GAEA"."DEMO_ACCT" VALUES ('testUUID490', 'RB1000000490', 'testAcctRB1000000490', '133521776', '20170520', '100000', 'A', '0');
INSERT INTO "GAEA"."DEMO_ACCT" VALUES ('testUUID491', 'RB1000000491', 'testAcctRB1000000491', '133521776', '20170520', '100000', 'A', '0');
INSERT INTO "GAEA"."DEMO_ACCT" VALUES ('testUUID492', 'RB1000000492', 'testAcctRB1000000492', '133521776', '20170520', '100000', 'A', '0');
INSERT INTO "GAEA"."DEMO_ACCT" VALUES ('testUUID493', 'RB1000000493', 'testAcctRB1000000493', '133521776', '20170520', '100000', 'A', '0');
INSERT INTO "GAEA"."DEMO_ACCT" VALUES ('testUUID494', 'RB1000000494', 'testAcctRB1000000494', '133521776', '20170520', '100000', 'A', '0');
INSERT INTO "GAEA"."DEMO_ACCT" VALUES ('testUUID495', 'RB1000000495', 'testAcctRB1000000495', '133521776', '20170520', '100000', 'A', '0');
INSERT INTO "GAEA"."DEMO_ACCT" VALUES ('testUUID496', 'RB1000000496', 'testAcctRB1000000496', '133521776', '20170520', '100000', 'A', '0');
INSERT INTO "GAEA"."DEMO_ACCT" VALUES ('testUUID497', 'RB1000000497', 'testAcctRB1000000497', '133521776', '20170520', '100000', 'A', '0');
INSERT INTO "GAEA"."DEMO_ACCT" VALUES ('testUUID498', 'RB1000000498', 'testAcctRB1000000498', '133521776', '20170520', '100000', 'A', '0');
INSERT INTO "GAEA"."DEMO_ACCT" VALUES ('testUUID499', 'RB1000000499', 'testAcctRB1000000499', '133521776', '20170520', '100000', 'A', '0');
INSERT INTO "GAEA"."DEMO_ACCT" VALUES ('testUUID500', 'RB1000000500', 'testAcctRB1000000500', '133521776', '20170520', '100000', 'A', '0');
INSERT INTO "GAEA"."DEMO_ACCT" VALUES ('testUUID301', 'RB1000000301', 'testAcctRB1000000301', '133521776', '20170520', '100000', 'A', '0');
INSERT INTO "GAEA"."DEMO_ACCT" VALUES ('testUUID302', 'RB1000000302', 'testAcctRB1000000302', '133521776', '20170520', '100000', 'A', '0');
INSERT INTO "GAEA"."DEMO_ACCT" VALUES ('testUUID303', 'RB1000000303', 'testAcctRB1000000303', '133521776', '20170520', '100000', 'A', '0');
INSERT INTO "GAEA"."DEMO_ACCT" VALUES ('testUUID304', 'RB1000000304', 'testAcctRB1000000304', '133521776', '20170520', '100000', 'A', '0');
INSERT INTO "GAEA"."DEMO_ACCT" VALUES ('testUUID305', 'RB1000000305', 'testAcctRB1000000305', '133521776', '20170520', '100000', 'A', '0');
INSERT INTO "GAEA"."DEMO_ACCT" VALUES ('testUUID306', 'RB1000000306', 'testAcctRB1000000306', '133521776', '20170520', '100000', 'A', '0');
INSERT INTO "GAEA"."DEMO_ACCT" VALUES ('testUUID307', 'RB1000000307', 'testAcctRB1000000307', '133521776', '20170520', '100000', 'A', '0');
INSERT INTO "GAEA"."DEMO_ACCT" VALUES ('testUUID308', 'RB1000000308', 'testAcctRB1000000308', '133521776', '20170520', '100000', 'A', '0');
INSERT INTO "GAEA"."DEMO_ACCT" VALUES ('testUUID309', 'RB1000000309', 'testAcctRB1000000309', '133521776', '20170520', '100000', 'A', '0');
INSERT INTO "GAEA"."DEMO_ACCT" VALUES ('testUUID310', 'RB1000000310', 'testAcctRB1000000310', '133521776', '20170520', '100000', 'A', '0');
INSERT INTO "GAEA"."DEMO_ACCT" VALUES ('testUUID311', 'RB1000000311', 'testAcctRB1000000311', '133521776', '20170520', '100000', 'A', '0');
INSERT INTO "GAEA"."DEMO_ACCT" VALUES ('testUUID312', 'RB1000000312', 'testAcctRB1000000312', '133521776', '20170520', '100000', 'A', '0');
INSERT INTO "GAEA"."DEMO_ACCT" VALUES ('testUUID313', 'RB1000000313', 'testAcctRB1000000313', '133521776', '20170520', '100000', 'A', '0');
INSERT INTO "GAEA"."DEMO_ACCT" VALUES ('testUUID314', 'RB1000000314', 'testAcctRB1000000314', '133521776', '20170520', '100000', 'A', '0');
INSERT INTO "GAEA"."DEMO_ACCT" VALUES ('testUUID315', 'RB1000000315', 'testAcctRB1000000315', '133521776', '20170520', '100000', 'A', '0');
INSERT INTO "GAEA"."DEMO_ACCT" VALUES ('testUUID316', 'RB1000000316', 'testAcctRB1000000316', '133521776', '20170520', '100000', 'A', '0');
INSERT INTO "GAEA"."DEMO_ACCT" VALUES ('testUUID317', 'RB1000000317', 'testAcctRB1000000317', '133521776', '20170520', '100000', 'A', '0');
INSERT INTO "GAEA"."DEMO_ACCT" VALUES ('testUUID318', 'RB1000000318', 'testAcctRB1000000318', '133521776', '20170520', '100000', 'A', '0');
INSERT INTO "GAEA"."DEMO_ACCT" VALUES ('testUUID319', 'RB1000000319', 'testAcctRB1000000319', '133521776', '20170520', '100000', 'A', '0');
INSERT INTO "GAEA"."DEMO_ACCT" VALUES ('testUUID320', 'RB1000000320', 'testAcctRB1000000320', '133521776', '20170520', '100000', 'A', '0');
INSERT INTO "GAEA"."DEMO_ACCT" VALUES ('testUUID321', 'RB1000000321', 'testAcctRB1000000321', '133521776', '20170520', '100000', 'A', '0');
INSERT INTO "GAEA"."DEMO_ACCT" VALUES ('testUUID322', 'RB1000000322', 'testAcctRB1000000322', '133521776', '20170520', '100000', 'A', '0');
INSERT INTO "GAEA"."DEMO_ACCT" VALUES ('testUUID323', 'RB1000000323', 'testAcctRB1000000323', '133521776', '20170520', '100000', 'A', '0');
INSERT INTO "GAEA"."DEMO_ACCT" VALUES ('testUUID324', 'RB1000000324', 'testAcctRB1000000324', '133521776', '20170520', '100000', 'A', '0');
INSERT INTO "GAEA"."DEMO_ACCT" VALUES ('testUUID325', 'RB1000000325', 'testAcctRB1000000325', '133521776', '20170520', '100000', 'A', '0');
INSERT INTO "GAEA"."DEMO_ACCT" VALUES ('testUUID326', 'RB1000000326', 'testAcctRB1000000326', '133521776', '20170520', '100000', 'A', '0');
INSERT INTO "GAEA"."DEMO_ACCT" VALUES ('testUUID327', 'RB1000000327', 'testAcctRB1000000327', '133521776', '20170520', '100000', 'A', '0');
INSERT INTO "GAEA"."DEMO_ACCT" VALUES ('testUUID328', 'RB1000000328', 'testAcctRB1000000328', '133521776', '20170520', '100000', 'A', '0');
INSERT INTO "GAEA"."DEMO_ACCT" VALUES ('testUUID329', 'RB1000000329', 'testAcctRB1000000329', '133521776', '20170520', '100000', 'A', '0');
INSERT INTO "GAEA"."DEMO_ACCT" VALUES ('testUUID330', 'RB1000000330', 'testAcctRB1000000330', '133521776', '20170520', '100000', 'A', '0');
INSERT INTO "GAEA"."DEMO_ACCT" VALUES ('testUUID331', 'RB1000000331', 'testAcctRB1000000331', '133521776', '20170520', '100000', 'A', '0');
INSERT INTO "GAEA"."DEMO_ACCT" VALUES ('testUUID332', 'RB1000000332', 'testAcctRB1000000332', '133521776', '20170520', '100000', 'A', '0');
INSERT INTO "GAEA"."DEMO_ACCT" VALUES ('testUUID333', 'RB1000000333', 'testAcctRB1000000333', '133521776', '20170520', '100000', 'A', '0');
INSERT INTO "GAEA"."DEMO_ACCT" VALUES ('testUUID334', 'RB1000000334', 'testAcctRB1000000334', '133521776', '20170520', '100000', 'A', '0');
INSERT INTO "GAEA"."DEMO_ACCT" VALUES ('testUUID335', 'RB1000000335', 'testAcctRB1000000335', '133521776', '20170520', '100000', 'A', '0');
INSERT INTO "GAEA"."DEMO_ACCT" VALUES ('testUUID336', 'RB1000000336', 'testAcctRB1000000336', '133521776', '20170520', '100000', 'A', '0');
INSERT INTO "GAEA"."DEMO_ACCT" VALUES ('testUUID337', 'RB1000000337', 'testAcctRB1000000337', '133521776', '20170520', '100000', 'A', '0');
INSERT INTO "GAEA"."DEMO_ACCT" VALUES ('testUUID338', 'RB1000000338', 'testAcctRB1000000338', '133521776', '20170520', '100000', 'A', '0');
INSERT INTO "GAEA"."DEMO_ACCT" VALUES ('testUUID339', 'RB1000000339', 'testAcctRB1000000339', '133521776', '20170520', '100000', 'A', '0');
INSERT INTO "GAEA"."DEMO_ACCT" VALUES ('testUUID340', 'RB1000000340', 'testAcctRB1000000340', '133521776', '20170520', '100000', 'A', '0');
INSERT INTO "GAEA"."DEMO_ACCT" VALUES ('testUUID341', 'RB1000000341', 'testAcctRB1000000341', '133521776', '20170520', '100000', 'A', '0');
INSERT INTO "GAEA"."DEMO_ACCT" VALUES ('testUUID342', 'RB1000000342', 'testAcctRB1000000342', '133521776', '20170520', '100000', 'A', '0');
INSERT INTO "GAEA"."DEMO_ACCT" VALUES ('testUUID343', 'RB1000000343', 'testAcctRB1000000343', '133521776', '20170520', '100000', 'A', '0');
INSERT INTO "GAEA"."DEMO_ACCT" VALUES ('testUUID344', 'RB1000000344', 'testAcctRB1000000344', '133521776', '20170520', '100000', 'A', '0');
INSERT INTO "GAEA"."DEMO_ACCT" VALUES ('testUUID345', 'RB1000000345', 'testAcctRB1000000345', '133521776', '20170520', '100000', 'A', '0');
INSERT INTO "GAEA"."DEMO_ACCT" VALUES ('testUUID346', 'RB1000000346', 'testAcctRB1000000346', '133521776', '20170520', '100000', 'A', '0');
INSERT INTO "GAEA"."DEMO_ACCT" VALUES ('testUUID347', 'RB1000000347', 'testAcctRB1000000347', '133521776', '20170520', '100000', 'A', '0');
INSERT INTO "GAEA"."DEMO_ACCT" VALUES ('testUUID348', 'RB1000000348', 'testAcctRB1000000348', '133521776', '20170520', '100000', 'A', '0');
INSERT INTO "GAEA"."DEMO_ACCT" VALUES ('testUUID349', 'RB1000000349', 'testAcctRB1000000349', '133521776', '20170520', '100000', 'A', '0');
INSERT INTO "GAEA"."DEMO_ACCT" VALUES ('testUUID350', 'RB1000000350', 'testAcctRB1000000350', '133521776', '20170520', '100000', 'A', '0');
INSERT INTO "GAEA"."DEMO_ACCT" VALUES ('testUUID201', 'RB1000000201', 'testAcctRB1000000201', '133521776', '20170520', '100000', 'A', '0');
INSERT INTO "GAEA"."DEMO_ACCT" VALUES ('testUUID202', 'RB1000000202', 'testAcctRB1000000202', '133521776', '20170520', '100000', 'A', '0');
INSERT INTO "GAEA"."DEMO_ACCT" VALUES ('testUUID203', 'RB1000000203', 'testAcctRB1000000203', '133521776', '20170520', '100000', 'A', '0');
INSERT INTO "GAEA"."DEMO_ACCT" VALUES ('testUUID204', 'RB1000000204', 'testAcctRB1000000204', '133521776', '20170520', '100000', 'A', '0');
INSERT INTO "GAEA"."DEMO_ACCT" VALUES ('testUUID205', 'RB1000000205', 'testAcctRB1000000205', '133521776', '20170520', '100000', 'A', '0');
INSERT INTO "GAEA"."DEMO_ACCT" VALUES ('testUUID206', 'RB1000000206', 'testAcctRB1000000206', '133521776', '20170520', '100000', 'A', '0');
INSERT INTO "GAEA"."DEMO_ACCT" VALUES ('testUUID207', 'RB1000000207', 'testAcctRB1000000207', '133521776', '20170520', '100000', 'A', '0');
INSERT INTO "GAEA"."DEMO_ACCT" VALUES ('testUUID208', 'RB1000000208', 'testAcctRB1000000208', '133521776', '20170520', '100000', 'A', '0');
INSERT INTO "GAEA"."DEMO_ACCT" VALUES ('testUUID209', 'RB1000000209', 'testAcctRB1000000209', '133521776', '20170520', '100000', 'A', '0');
INSERT INTO "GAEA"."DEMO_ACCT" VALUES ('testUUID210', 'RB1000000210', 'testAcctRB1000000210', '133521776', '20170520', '100000', 'A', '0');
INSERT INTO "GAEA"."DEMO_ACCT" VALUES ('testUUID211', 'RB1000000211', 'testAcctRB1000000211', '133521776', '20170520', '100000', 'A', '0');
INSERT INTO "GAEA"."DEMO_ACCT" VALUES ('testUUID212', 'RB1000000212', 'testAcctRB1000000212', '133521776', '20170520', '100000', 'A', '0');
INSERT INTO "GAEA"."DEMO_ACCT" VALUES ('testUUID213', 'RB1000000213', 'testAcctRB1000000213', '133521776', '20170520', '100000', 'A', '0');
INSERT INTO "GAEA"."DEMO_ACCT" VALUES ('testUUID214', 'RB1000000214', 'testAcctRB1000000214', '133521776', '20170520', '100000', 'A', '0');
INSERT INTO "GAEA"."DEMO_ACCT" VALUES ('testUUID215', 'RB1000000215', 'testAcctRB1000000215', '133521776', '20170520', '100000', 'A', '0');
INSERT INTO "GAEA"."DEMO_ACCT" VALUES ('testUUID216', 'RB1000000216', 'testAcctRB1000000216', '133521776', '20170520', '100000', 'A', '0');
INSERT INTO "GAEA"."DEMO_ACCT" VALUES ('testUUID217', 'RB1000000217', 'testAcctRB1000000217', '133521776', '20170520', '100000', 'A', '0');
INSERT INTO "GAEA"."DEMO_ACCT" VALUES ('testUUID218', 'RB1000000218', 'testAcctRB1000000218', '133521776', '20170520', '100000', 'A', '0');
INSERT INTO "GAEA"."DEMO_ACCT" VALUES ('testUUID219', 'RB1000000219', 'testAcctRB1000000219', '133521776', '20170520', '100000', 'A', '0');
INSERT INTO "GAEA"."DEMO_ACCT" VALUES ('testUUID220', 'RB1000000220', 'testAcctRB1000000220', '133521776', '20170520', '100000', 'A', '0');
INSERT INTO "GAEA"."DEMO_ACCT" VALUES ('testUUID221', 'RB1000000221', 'testAcctRB1000000221', '133521776', '20170520', '100000', 'A', '0');
INSERT INTO "GAEA"."DEMO_ACCT" VALUES ('testUUID222', 'RB1000000222', 'testAcctRB1000000222', '133521776', '20170520', '100000', 'A', '0');
INSERT INTO "GAEA"."DEMO_ACCT" VALUES ('testUUID223', 'RB1000000223', 'testAcctRB1000000223', '133521776', '20170520', '100000', 'A', '0');
INSERT INTO "GAEA"."DEMO_ACCT" VALUES ('testUUID224', 'RB1000000224', 'testAcctRB1000000224', '133521776', '20170520', '100000', 'A', '0');
INSERT INTO "GAEA"."DEMO_ACCT" VALUES ('testUUID225', 'RB1000000225', 'testAcctRB1000000225', '133521776', '20170520', '100000', 'A', '0');
INSERT INTO "GAEA"."DEMO_ACCT" VALUES ('testUUID226', 'RB1000000226', 'testAcctRB1000000226', '133521776', '20170520', '100000', 'A', '0');
INSERT INTO "GAEA"."DEMO_ACCT" VALUES ('testUUID227', 'RB1000000227', 'testAcctRB1000000227', '133521776', '20170520', '100000', 'A', '0');
INSERT INTO "GAEA"."DEMO_ACCT" VALUES ('testUUID228', 'RB1000000228', 'testAcctRB1000000228', '133521776', '20170520', '100000', 'A', '0');
INSERT INTO "GAEA"."DEMO_ACCT" VALUES ('testUUID229', 'RB1000000229', 'testAcctRB1000000229', '133521776', '20170520', '100000', 'A', '0');
INSERT INTO "GAEA"."DEMO_ACCT" VALUES ('testUUID230', 'RB1000000230', 'testAcctRB1000000230', '133521776', '20170520', '100000', 'A', '0');
INSERT INTO "GAEA"."DEMO_ACCT" VALUES ('testUUID231', 'RB1000000231', 'testAcctRB1000000231', '133521776', '20170520', '100000', 'A', '0');
INSERT INTO "GAEA"."DEMO_ACCT" VALUES ('testUUID232', 'RB1000000232', 'testAcctRB1000000232', '133521776', '20170520', '100000', 'A', '0');
INSERT INTO "GAEA"."DEMO_ACCT" VALUES ('testUUID233', 'RB1000000233', 'testAcctRB1000000233', '133521776', '20170520', '100000', 'A', '0');
INSERT INTO "GAEA"."DEMO_ACCT" VALUES ('testUUID234', 'RB1000000234', 'testAcctRB1000000234', '133521776', '20170520', '100000', 'A', '0');
INSERT INTO "GAEA"."DEMO_ACCT" VALUES ('testUUID235', 'RB1000000235', 'testAcctRB1000000235', '133521776', '20170520', '100000', 'A', '0');
INSERT INTO "GAEA"."DEMO_ACCT" VALUES ('testUUID236', 'RB1000000236', 'testAcctRB1000000236', '133521776', '20170520', '100000', 'A', '0');
INSERT INTO "GAEA"."DEMO_ACCT" VALUES ('testUUID237', 'RB1000000237', 'testAcctRB1000000237', '133521776', '20170520', '100000', 'A', '0');
INSERT INTO "GAEA"."DEMO_ACCT" VALUES ('testUUID238', 'RB1000000238', 'testAcctRB1000000238', '133521776', '20170520', '100000', 'A', '0');
INSERT INTO "GAEA"."DEMO_ACCT" VALUES ('testUUID239', 'RB1000000239', 'testAcctRB1000000239', '133521776', '20170520', '100000', 'A', '0');
INSERT INTO "GAEA"."DEMO_ACCT" VALUES ('testUUID240', 'RB1000000240', 'testAcctRB1000000240', '133521776', '20170520', '100000', 'A', '0');
INSERT INTO "GAEA"."DEMO_ACCT" VALUES ('testUUID241', 'RB1000000241', 'testAcctRB1000000241', '133521776', '20170520', '100000', 'A', '0');
INSERT INTO "GAEA"."DEMO_ACCT" VALUES ('testUUID242', 'RB1000000242', 'testAcctRB1000000242', '133521776', '20170520', '100000', 'A', '0');
INSERT INTO "GAEA"."DEMO_ACCT" VALUES ('testUUID243', 'RB1000000243', 'testAcctRB1000000243', '133521776', '20170520', '100000', 'A', '0');
INSERT INTO "GAEA"."DEMO_ACCT" VALUES ('testUUID244', 'RB1000000244', 'testAcctRB1000000244', '133521776', '20170520', '100000', 'A', '0');
INSERT INTO "GAEA"."DEMO_ACCT" VALUES ('testUUID245', 'RB1000000245', 'testAcctRB1000000245', '133521776', '20170520', '100000', 'A', '0');
INSERT INTO "GAEA"."DEMO_ACCT" VALUES ('testUUID246', 'RB1000000246', 'testAcctRB1000000246', '133521776', '20170520', '100000', 'A', '0');
INSERT INTO "GAEA"."DEMO_ACCT" VALUES ('testUUID247', 'RB1000000247', 'testAcctRB1000000247', '133521776', '20170520', '100000', 'A', '0');
INSERT INTO "GAEA"."DEMO_ACCT" VALUES ('testUUID248', 'RB1000000248', 'testAcctRB1000000248', '133521776', '20170520', '100000', 'A', '0');
INSERT INTO "GAEA"."DEMO_ACCT" VALUES ('testUUID249', 'RB1000000249', 'testAcctRB1000000249', '133521776', '20170520', '100000', 'A', '0');
INSERT INTO "GAEA"."DEMO_ACCT" VALUES ('testUUID250', 'RB1000000250', 'testAcctRB1000000250', '133521776', '20170520', '100000', 'A', '0');
INSERT INTO "GAEA"."DEMO_ACCT" VALUES ('testUUID101', 'RB1000000101', 'testAcctRB1000000101', '133521776', '20170520', '100000', 'A', '0');
INSERT INTO "GAEA"."DEMO_ACCT" VALUES ('testUUID102', 'RB1000000102', 'testAcctRB1000000102', '133521776', '20170520', '100000', 'A', '0');
INSERT INTO "GAEA"."DEMO_ACCT" VALUES ('testUUID103', 'RB1000000103', 'testAcctRB1000000103', '133521776', '20170520', '100000', 'A', '0');
INSERT INTO "GAEA"."DEMO_ACCT" VALUES ('testUUID104', 'RB1000000104', 'testAcctRB1000000104', '133521776', '20170520', '100000', 'A', '0');
INSERT INTO "GAEA"."DEMO_ACCT" VALUES ('testUUID105', 'RB1000000105', 'testAcctRB1000000105', '133521776', '20170520', '100000', 'A', '0');
INSERT INTO "GAEA"."DEMO_ACCT" VALUES ('testUUID106', 'RB1000000106', 'testAcctRB1000000106', '133521776', '20170520', '100000', 'A', '0');
INSERT INTO "GAEA"."DEMO_ACCT" VALUES ('testUUID107', 'RB1000000107', 'testAcctRB1000000107', '133521776', '20170520', '100000', 'A', '0');
INSERT INTO "GAEA"."DEMO_ACCT" VALUES ('testUUID108', 'RB1000000108', 'testAcctRB1000000108', '133521776', '20170520', '100000', 'A', '0');
INSERT INTO "GAEA"."DEMO_ACCT" VALUES ('testUUID109', 'RB1000000109', 'testAcctRB1000000109', '133521776', '20170520', '100000', 'A', '0');
INSERT INTO "GAEA"."DEMO_ACCT" VALUES ('testUUID110', 'RB1000000110', 'testAcctRB1000000110', '133521776', '20170520', '100000', 'A', '0');
INSERT INTO "GAEA"."DEMO_ACCT" VALUES ('testUUID111', 'RB1000000111', 'testAcctRB1000000111', '133521776', '20170520', '100000', 'A', '0');
INSERT INTO "GAEA"."DEMO_ACCT" VALUES ('testUUID112', 'RB1000000112', 'testAcctRB1000000112', '133521776', '20170520', '100000', 'A', '0');
INSERT INTO "GAEA"."DEMO_ACCT" VALUES ('testUUID113', 'RB1000000113', 'testAcctRB1000000113', '133521776', '20170520', '100000', 'A', '0');
INSERT INTO "GAEA"."DEMO_ACCT" VALUES ('testUUID114', 'RB1000000114', 'testAcctRB1000000114', '133521776', '20170520', '100000', 'A', '0');
INSERT INTO "GAEA"."DEMO_ACCT" VALUES ('testUUID115', 'RB1000000115', 'testAcctRB1000000115', '133521776', '20170520', '100000', 'A', '0');
INSERT INTO "GAEA"."DEMO_ACCT" VALUES ('testUUID116', 'RB1000000116', 'testAcctRB1000000116', '133521776', '20170520', '100000', 'A', '0');
INSERT INTO "GAEA"."DEMO_ACCT" VALUES ('testUUID117', 'RB1000000117', 'testAcctRB1000000117', '133521776', '20170520', '100000', 'A', '0');
INSERT INTO "GAEA"."DEMO_ACCT" VALUES ('testUUID118', 'RB1000000118', 'testAcctRB1000000118', '133521776', '20170520', '100000', 'A', '0');
INSERT INTO "GAEA"."DEMO_ACCT" VALUES ('testUUID119', 'RB1000000119', 'testAcctRB1000000119', '133521776', '20170520', '100000', 'A', '0');
INSERT INTO "GAEA"."DEMO_ACCT" VALUES ('testUUID120', 'RB1000000120', 'testAcctRB1000000120', '133521776', '20170520', '100000', 'A', '0');
INSERT INTO "GAEA"."DEMO_ACCT" VALUES ('testUUID121', 'RB1000000121', 'testAcctRB1000000121', '133521776', '20170520', '100000', 'A', '0');
INSERT INTO "GAEA"."DEMO_ACCT" VALUES ('testUUID122', 'RB1000000122', 'testAcctRB1000000122', '133521776', '20170520', '100000', 'A', '0');
INSERT INTO "GAEA"."DEMO_ACCT" VALUES ('testUUID123', 'RB1000000123', 'testAcctRB1000000123', '133521776', '20170520', '100000', 'A', '0');
INSERT INTO "GAEA"."DEMO_ACCT" VALUES ('testUUID124', 'RB1000000124', 'testAcctRB1000000124', '133521776', '20170520', '100000', 'A', '0');
INSERT INTO "GAEA"."DEMO_ACCT" VALUES ('testUUID125', 'RB1000000125', 'testAcctRB1000000125', '133521776', '20170520', '100000', 'A', '0');
INSERT INTO "GAEA"."DEMO_ACCT" VALUES ('testUUID126', 'RB1000000126', 'testAcctRB1000000126', '133521776', '20170520', '100000', 'A', '0');
INSERT INTO "GAEA"."DEMO_ACCT" VALUES ('testUUID127', 'RB1000000127', 'testAcctRB1000000127', '133521776', '20170520', '100000', 'A', '0');
INSERT INTO "GAEA"."DEMO_ACCT" VALUES ('testUUID128', 'RB1000000128', 'testAcctRB1000000128', '133521776', '20170520', '100000', 'A', '0');
INSERT INTO "GAEA"."DEMO_ACCT" VALUES ('testUUID129', 'RB1000000129', 'testAcctRB1000000129', '133521776', '20170520', '100000', 'A', '0');
INSERT INTO "GAEA"."DEMO_ACCT" VALUES ('testUUID130', 'RB1000000130', 'testAcctRB1000000130', '133521776', '20170520', '100000', 'A', '0');
INSERT INTO "GAEA"."DEMO_ACCT" VALUES ('testUUID131', 'RB1000000131', 'testAcctRB1000000131', '133521776', '20170520', '100000', 'A', '0');
INSERT INTO "GAEA"."DEMO_ACCT" VALUES ('testUUID132', 'RB1000000132', 'testAcctRB1000000132', '133521776', '20170520', '100000', 'A', '0');
INSERT INTO "GAEA"."DEMO_ACCT" VALUES ('testUUID133', 'RB1000000133', 'testAcctRB1000000133', '133521776', '20170520', '100000', 'A', '0');
INSERT INTO "GAEA"."DEMO_ACCT" VALUES ('testUUID134', 'RB1000000134', 'testAcctRB1000000134', '133521776', '20170520', '100000', 'A', '0');
INSERT INTO "GAEA"."DEMO_ACCT" VALUES ('testUUID135', 'RB1000000135', 'testAcctRB1000000135', '133521776', '20170520', '100000', 'A', '0');
INSERT INTO "GAEA"."DEMO_ACCT" VALUES ('testUUID136', 'RB1000000136', 'testAcctRB1000000136', '133521776', '20170520', '100000', 'A', '0');
INSERT INTO "GAEA"."DEMO_ACCT" VALUES ('testUUID137', 'RB1000000137', 'testAcctRB1000000137', '133521776', '20170520', '100000', 'A', '0');
INSERT INTO "GAEA"."DEMO_ACCT" VALUES ('testUUID138', 'RB1000000138', 'testAcctRB1000000138', '133521776', '20170520', '100000', 'A', '0');
INSERT INTO "GAEA"."DEMO_ACCT" VALUES ('testUUID139', 'RB1000000139', 'testAcctRB1000000139', '133521776', '20170520', '100000', 'A', '0');
INSERT INTO "GAEA"."DEMO_ACCT" VALUES ('testUUID140', 'RB1000000140', 'testAcctRB1000000140', '133521776', '20170520', '100000', 'A', '0');
INSERT INTO "GAEA"."DEMO_ACCT" VALUES ('testUUID141', 'RB1000000141', 'testAcctRB1000000141', '133521776', '20170520', '100000', 'A', '0');
INSERT INTO "GAEA"."DEMO_ACCT" VALUES ('testUUID142', 'RB1000000142', 'testAcctRB1000000142', '133521776', '20170520', '100000', 'A', '0');
INSERT INTO "GAEA"."DEMO_ACCT" VALUES ('testUUID143', 'RB1000000143', 'testAcctRB1000000143', '133521776', '20170520', '100000', 'A', '0');
INSERT INTO "GAEA"."DEMO_ACCT" VALUES ('testUUID144', 'RB1000000144', 'testAcctRB1000000144', '133521776', '20170520', '100000', 'A', '0');
INSERT INTO "GAEA"."DEMO_ACCT" VALUES ('testUUID145', 'RB1000000145', 'testAcctRB1000000145', '133521776', '20170520', '100000', 'A', '0');
INSERT INTO "GAEA"."DEMO_ACCT" VALUES ('testUUID146', 'RB1000000146', 'testAcctRB1000000146', '133521776', '20170520', '100000', 'A', '0');
INSERT INTO "GAEA"."DEMO_ACCT" VALUES ('testUUID147', 'RB1000000147', 'testAcctRB1000000147', '133521776', '20170520', '100000', 'A', '0');
INSERT INTO "GAEA"."DEMO_ACCT" VALUES ('testUUID148', 'RB1000000148', 'testAcctRB1000000148', '133521776', '20170520', '100000', 'A', '0');
INSERT INTO "GAEA"."DEMO_ACCT" VALUES ('testUUID149', 'RB1000000149', 'testAcctRB1000000149', '133521776', '20170520', '100000', 'A', '0');
INSERT INTO "GAEA"."DEMO_ACCT" VALUES ('testUUID150', 'RB1000000150', 'testAcctRB1000000150', '133521776', '20170520', '100000', 'A', '0');
INSERT INTO "GAEA"."DEMO_ACCT" VALUES ('testUUID51', 'RB1000000051', 'testAcctRB1000000051', '133521776', '20170520', '100000', 'A', '0');
INSERT INTO "GAEA"."DEMO_ACCT" VALUES ('testUUID52', 'RB1000000052', 'testAcctRB1000000052', '133521776', '20170520', '100000', 'A', '0');
INSERT INTO "GAEA"."DEMO_ACCT" VALUES ('testUUID53', 'RB1000000053', 'testAcctRB1000000053', '133521776', '20170520', '100000', 'A', '0');
INSERT INTO "GAEA"."DEMO_ACCT" VALUES ('testUUID54', 'RB1000000054', 'testAcctRB1000000054', '133521776', '20170520', '100000', 'A', '0');
INSERT INTO "GAEA"."DEMO_ACCT" VALUES ('testUUID55', 'RB1000000055', 'testAcctRB1000000055', '133521776', '20170520', '100000', 'A', '0');
INSERT INTO "GAEA"."DEMO_ACCT" VALUES ('testUUID56', 'RB1000000056', 'testAcctRB1000000056', '133521776', '20170520', '100000', 'A', '0');
INSERT INTO "GAEA"."DEMO_ACCT" VALUES ('testUUID57', 'RB1000000057', 'testAcctRB1000000057', '133521776', '20170520', '100000', 'A', '0');
INSERT INTO "GAEA"."DEMO_ACCT" VALUES ('testUUID58', 'RB1000000058', 'testAcctRB1000000058', '133521776', '20170520', '100000', 'A', '0');
INSERT INTO "GAEA"."DEMO_ACCT" VALUES ('testUUID59', 'RB1000000059', 'testAcctRB1000000059', '133521776', '20170520', '100000', 'A', '0');
INSERT INTO "GAEA"."DEMO_ACCT" VALUES ('testUUID60', 'RB1000000060', 'testAcctRB1000000060', '133521776', '20170520', '100000', 'A', '0');
INSERT INTO "GAEA"."DEMO_ACCT" VALUES ('testUUID61', 'RB1000000061', 'testAcctRB1000000061', '133521776', '20170520', '100000', 'A', '0');
INSERT INTO "GAEA"."DEMO_ACCT" VALUES ('testUUID62', 'RB1000000062', 'testAcctRB1000000062', '133521776', '20170520', '100000', 'A', '0');
INSERT INTO "GAEA"."DEMO_ACCT" VALUES ('testUUID63', 'RB1000000063', 'testAcctRB1000000063', '133521776', '20170520', '100000', 'A', '0');
INSERT INTO "GAEA"."DEMO_ACCT" VALUES ('testUUID64', 'RB1000000064', 'testAcctRB1000000064', '133521776', '20170520', '100000', 'A', '0');
INSERT INTO "GAEA"."DEMO_ACCT" VALUES ('testUUID65', 'RB1000000065', 'testAcctRB1000000065', '133521776', '20170520', '100000', 'A', '0');
INSERT INTO "GAEA"."DEMO_ACCT" VALUES ('testUUID66', 'RB1000000066', 'testAcctRB1000000066', '133521776', '20170520', '100000', 'A', '0');
INSERT INTO "GAEA"."DEMO_ACCT" VALUES ('testUUID67', 'RB1000000067', 'testAcctRB1000000067', '133521776', '20170520', '100000', 'A', '0');
INSERT INTO "GAEA"."DEMO_ACCT" VALUES ('testUUID68', 'RB1000000068', 'testAcctRB1000000068', '133521776', '20170520', '100000', 'A', '0');
INSERT INTO "GAEA"."DEMO_ACCT" VALUES ('testUUID69', 'RB1000000069', 'testAcctRB1000000069', '133521776', '20170520', '100000', 'A', '0');
INSERT INTO "GAEA"."DEMO_ACCT" VALUES ('testUUID70', 'RB1000000070', 'testAcctRB1000000070', '133521776', '20170520', '100000', 'A', '0');
INSERT INTO "GAEA"."DEMO_ACCT" VALUES ('testUUID71', 'RB1000000071', 'testAcctRB1000000071', '133521776', '20170520', '100000', 'A', '0');
INSERT INTO "GAEA"."DEMO_ACCT" VALUES ('testUUID72', 'RB1000000072', 'testAcctRB1000000072', '133521776', '20170520', '100000', 'A', '0');
INSERT INTO "GAEA"."DEMO_ACCT" VALUES ('testUUID73', 'RB1000000073', 'testAcctRB1000000073', '133521776', '20170520', '100000', 'A', '0');
INSERT INTO "GAEA"."DEMO_ACCT" VALUES ('testUUID74', 'RB1000000074', 'testAcctRB1000000074', '133521776', '20170520', '100000', 'A', '0');
INSERT INTO "GAEA"."DEMO_ACCT" VALUES ('testUUID75', 'RB1000000075', 'testAcctRB1000000075', '133521776', '20170520', '100000', 'A', '0');
INSERT INTO "GAEA"."DEMO_ACCT" VALUES ('testUUID76', 'RB1000000076', 'testAcctRB1000000076', '133521776', '20170520', '100000', 'A', '0');
INSERT INTO "GAEA"."DEMO_ACCT" VALUES ('testUUID77', 'RB1000000077', 'testAcctRB1000000077', '133521776', '20170520', '100000', 'A', '0');
INSERT INTO "GAEA"."DEMO_ACCT" VALUES ('testUUID78', 'RB1000000078', 'testAcctRB1000000078', '133521776', '20170520', '100000', 'A', '0');
INSERT INTO "GAEA"."DEMO_ACCT" VALUES ('testUUID79', 'RB1000000079', 'testAcctRB1000000079', '133521776', '20170520', '100000', 'A', '0');
INSERT INTO "GAEA"."DEMO_ACCT" VALUES ('testUUID80', 'RB1000000080', 'testAcctRB1000000080', '133521776', '20170520', '100000', 'A', '0');
INSERT INTO "GAEA"."DEMO_ACCT" VALUES ('testUUID81', 'RB1000000081', 'testAcctRB1000000081', '133521776', '20170520', '100000', 'A', '0');
INSERT INTO "GAEA"."DEMO_ACCT" VALUES ('testUUID82', 'RB1000000082', 'testAcctRB1000000082', '133521776', '20170520', '100000', 'A', '0');
INSERT INTO "GAEA"."DEMO_ACCT" VALUES ('testUUID83', 'RB1000000083', 'testAcctRB1000000083', '133521776', '20170520', '100000', 'A', '0');
INSERT INTO "GAEA"."DEMO_ACCT" VALUES ('testUUID84', 'RB1000000084', 'testAcctRB1000000084', '133521776', '20170520', '100000', 'A', '0');
INSERT INTO "GAEA"."DEMO_ACCT" VALUES ('testUUID85', 'RB1000000085', 'testAcctRB1000000085', '133521776', '20170520', '100000', 'A', '0');
INSERT INTO "GAEA"."DEMO_ACCT" VALUES ('testUUID86', 'RB1000000086', 'testAcctRB1000000086', '133521776', '20170520', '100000', 'A', '0');
INSERT INTO "GAEA"."DEMO_ACCT" VALUES ('testUUID87', 'RB1000000087', 'testAcctRB1000000087', '133521776', '20170520', '100000', 'A', '0');
INSERT INTO "GAEA"."DEMO_ACCT" VALUES ('testUUID88', 'RB1000000088', 'testAcctRB1000000088', '133521776', '20170520', '100000', 'A', '0');
INSERT INTO "GAEA"."DEMO_ACCT" VALUES ('testUUID89', 'RB1000000089', 'testAcctRB1000000089', '133521776', '20170520', '100000', 'A', '0');
INSERT INTO "GAEA"."DEMO_ACCT" VALUES ('testUUID90', 'RB1000000090', 'testAcctRB1000000090', '133521776', '20170520', '100000', 'A', '0');
INSERT INTO "GAEA"."DEMO_ACCT" VALUES ('testUUID91', 'RB1000000091', 'testAcctRB1000000091', '133521776', '20170520', '100000', 'A', '0');
INSERT INTO "GAEA"."DEMO_ACCT" VALUES ('testUUID92', 'RB1000000092', 'testAcctRB1000000092', '133521776', '20170520', '100000', 'A', '0');
INSERT INTO "GAEA"."DEMO_ACCT" VALUES ('testUUID93', 'RB1000000093', 'testAcctRB1000000093', '133521776', '20170520', '100000', 'A', '0');
INSERT INTO "GAEA"."DEMO_ACCT" VALUES ('testUUID94', 'RB1000000094', 'testAcctRB1000000094', '133521776', '20170520', '100000', 'A', '0');
INSERT INTO "GAEA"."DEMO_ACCT" VALUES ('testUUID95', 'RB1000000095', 'testAcctRB1000000095', '133521776', '20170520', '100000', 'A', '0');
INSERT INTO "GAEA"."DEMO_ACCT" VALUES ('testUUID96', 'RB1000000096', 'testAcctRB1000000096', '133521776', '20170520', '100000', 'A', '0');
INSERT INTO "GAEA"."DEMO_ACCT" VALUES ('testUUID97', 'RB1000000097', 'testAcctRB1000000097', '133521776', '20170520', '100000', 'A', '0');
INSERT INTO "GAEA"."DEMO_ACCT" VALUES ('testUUID98', 'RB1000000098', 'testAcctRB1000000098', '133521776', '20170520', '100000', 'A', '0');
INSERT INTO "GAEA"."DEMO_ACCT" VALUES ('testUUID99', 'RB1000000099', 'testAcctRB1000000099', '133521776', '20170520', '100000', 'A', '0');
INSERT INTO "GAEA"."DEMO_ACCT" VALUES ('testUUID100', 'RB1000000100', 'testAcctRB1000000100', '133521776', '20170520', '100000', 'A', '0');
INSERT INTO "GAEA"."DEMO_ACCT" VALUES ('testUUID1', 'RB1000000001', 'testAcctRB1000000001', '133521776', '20170520', '100100', 'A', '0');
INSERT INTO "GAEA"."DEMO_ACCT" VALUES ('testUUID2', 'RB1000000002', 'testAcctRB1000000002', '133521776', '20170520', '100000', 'A', '0');
INSERT INTO "GAEA"."DEMO_ACCT" VALUES ('testUUID3', 'RB1000000003', 'testAcctRB1000000003', '133521776', '20170520', '100000', 'A', '0');
INSERT INTO "GAEA"."DEMO_ACCT" VALUES ('testUUID4', 'RB1000000004', 'testAcctRB1000000004', '133521776', '20170520', '100000', 'A', '0');
INSERT INTO "GAEA"."DEMO_ACCT" VALUES ('testUUID5', 'RB1000000005', 'testAcctRB1000000005', '133521776', '20170520', '100000', 'A', '0');
INSERT INTO "GAEA"."DEMO_ACCT" VALUES ('testUUID6', 'RB1000000006', 'testAcctRB1000000006', '133521776', '20170520', '100000', 'A', '0');
INSERT INTO "GAEA"."DEMO_ACCT" VALUES ('testUUID7', 'RB1000000007', 'testAcctRB1000000007', '133521776', '20170520', '100000', 'A', '0');
INSERT INTO "GAEA"."DEMO_ACCT" VALUES ('testUUID8', 'RB1000000008', 'testAcctRB1000000008', '133521776', '20170520', '100000', 'A', '0');
INSERT INTO "GAEA"."DEMO_ACCT" VALUES ('testUUID9', 'RB1000000009', 'testAcctRB1000000009', '133521776', '20170520', '100000', 'A', '0');
INSERT INTO "GAEA"."DEMO_ACCT" VALUES ('testUUID10', 'RB1000000010', 'testAcctRB1000000010', '133521776', '20170520', '100000', 'A', '0');
INSERT INTO "GAEA"."DEMO_ACCT" VALUES ('testUUID11', 'RB1000000011', 'testAcctRB1000000011', '133521776', '20170520', '100000', 'A', '0');
INSERT INTO "GAEA"."DEMO_ACCT" VALUES ('testUUID12', 'RB1000000012', 'testAcctRB1000000012', '133521776', '20170520', '100000', 'A', '0');
INSERT INTO "GAEA"."DEMO_ACCT" VALUES ('testUUID13', 'RB1000000013', 'testAcctRB1000000013', '133521776', '20170520', '100000', 'A', '0');
INSERT INTO "GAEA"."DEMO_ACCT" VALUES ('testUUID14', 'RB1000000014', 'testAcctRB1000000014', '133521776', '20170520', '100000', 'A', '0');
INSERT INTO "GAEA"."DEMO_ACCT" VALUES ('testUUID15', 'RB1000000015', 'testAcctRB1000000015', '133521776', '20170520', '100000', 'A', '0');
INSERT INTO "GAEA"."DEMO_ACCT" VALUES ('testUUID16', 'RB1000000016', 'testAcctRB1000000016', '133521776', '20170520', '100000', 'A', '0');
INSERT INTO "GAEA"."DEMO_ACCT" VALUES ('testUUID17', 'RB1000000017', 'testAcctRB1000000017', '133521776', '20170520', '100000', 'A', '0');
INSERT INTO "GAEA"."DEMO_ACCT" VALUES ('testUUID18', 'RB1000000018', 'testAcctRB1000000018', '133521776', '20170520', '100000', 'A', '0');
INSERT INTO "GAEA"."DEMO_ACCT" VALUES ('testUUID19', 'RB1000000019', 'testAcctRB1000000019', '133521776', '20170520', '100000', 'A', '0');
INSERT INTO "GAEA"."DEMO_ACCT" VALUES ('testUUID20', 'RB1000000020', 'testAcctRB1000000020', '133521776', '20170520', '100000', 'A', '0');
INSERT INTO "GAEA"."DEMO_ACCT" VALUES ('testUUID21', 'RB1000000021', 'testAcctRB1000000021', '133521776', '20170520', '100000', 'A', '0');
INSERT INTO "GAEA"."DEMO_ACCT" VALUES ('testUUID22', 'RB1000000022', 'testAcctRB1000000022', '133521776', '20170520', '100000', 'A', '0');
INSERT INTO "GAEA"."DEMO_ACCT" VALUES ('testUUID23', 'RB1000000023', 'testAcctRB1000000023', '133521776', '20170520', '100000', 'A', '0');
INSERT INTO "GAEA"."DEMO_ACCT" VALUES ('testUUID24', 'RB1000000024', 'testAcctRB1000000024', '133521776', '20170520', '100000', 'A', '0');
INSERT INTO "GAEA"."DEMO_ACCT" VALUES ('testUUID25', 'RB1000000025', 'testAcctRB1000000025', '133521776', '20170520', '100000', 'A', '0');
INSERT INTO "GAEA"."DEMO_ACCT" VALUES ('testUUID26', 'RB1000000026', 'testAcctRB1000000026', '133521776', '20170520', '100000', 'A', '0');
INSERT INTO "GAEA"."DEMO_ACCT" VALUES ('testUUID27', 'RB1000000027', 'testAcctRB1000000027', '133521776', '20170520', '100000', 'A', '0');
INSERT INTO "GAEA"."DEMO_ACCT" VALUES ('testUUID28', 'RB1000000028', 'testAcctRB1000000028', '133521776', '20170520', '100000', 'A', '0');
INSERT INTO "GAEA"."DEMO_ACCT" VALUES ('testUUID29', 'RB1000000029', 'testAcctRB1000000029', '133521776', '20170520', '100000', 'A', '0');
INSERT INTO "GAEA"."DEMO_ACCT" VALUES ('testUUID30', 'RB1000000030', 'testAcctRB1000000030', '133521776', '20170520', '100000', 'A', '0');
INSERT INTO "GAEA"."DEMO_ACCT" VALUES ('testUUID31', 'RB1000000031', 'testAcctRB1000000031', '133521776', '20170520', '100000', 'A', '0');
INSERT INTO "GAEA"."DEMO_ACCT" VALUES ('testUUID32', 'RB1000000032', 'testAcctRB1000000032', '133521776', '20170520', '100000', 'A', '0');
INSERT INTO "GAEA"."DEMO_ACCT" VALUES ('testUUID33', 'RB1000000033', 'testAcctRB1000000033', '133521776', '20170520', '100000', 'A', '0');
INSERT INTO "GAEA"."DEMO_ACCT" VALUES ('testUUID34', 'RB1000000034', 'testAcctRB1000000034', '133521776', '20170520', '100000', 'A', '0');
INSERT INTO "GAEA"."DEMO_ACCT" VALUES ('testUUID35', 'RB1000000035', 'testAcctRB1000000035', '133521776', '20170520', '100000', 'A', '0');
INSERT INTO "GAEA"."DEMO_ACCT" VALUES ('testUUID36', 'RB1000000036', 'testAcctRB1000000036', '133521776', '20170520', '100000', 'A', '0');
INSERT INTO "GAEA"."DEMO_ACCT" VALUES ('testUUID37', 'RB1000000037', 'testAcctRB1000000037', '133521776', '20170520', '100000', 'A', '0');
INSERT INTO "GAEA"."DEMO_ACCT" VALUES ('testUUID38', 'RB1000000038', 'testAcctRB1000000038', '133521776', '20170520', '100000', 'A', '0');
INSERT INTO "GAEA"."DEMO_ACCT" VALUES ('testUUID39', 'RB1000000039', 'testAcctRB1000000039', '133521776', '20170520', '100000', 'A', '0');
INSERT INTO "GAEA"."DEMO_ACCT" VALUES ('testUUID40', 'RB1000000040', 'testAcctRB1000000040', '133521776', '20170520', '100000', 'A', '0');
INSERT INTO "GAEA"."DEMO_ACCT" VALUES ('testUUID41', 'RB1000000041', 'testAcctRB1000000041', '133521776', '20170520', '100000', 'A', '0');
INSERT INTO "GAEA"."DEMO_ACCT" VALUES ('testUUID42', 'RB1000000042', 'testAcctRB1000000042', '133521776', '20170520', '100000', 'A', '0');
INSERT INTO "GAEA"."DEMO_ACCT" VALUES ('testUUID43', 'RB1000000043', 'testAcctRB1000000043', '133521776', '20170520', '100000', 'A', '0');
INSERT INTO "GAEA"."DEMO_ACCT" VALUES ('testUUID44', 'RB1000000044', 'testAcctRB1000000044', '133521776', '20170520', '100000', 'A', '0');
INSERT INTO "GAEA"."DEMO_ACCT" VALUES ('testUUID45', 'RB1000000045', 'testAcctRB1000000045', '133521776', '20170520', '100000', 'A', '0');
INSERT INTO "GAEA"."DEMO_ACCT" VALUES ('testUUID46', 'RB1000000046', 'testAcctRB1000000046', '133521776', '20170520', '100000', 'A', '0');
INSERT INTO "GAEA"."DEMO_ACCT" VALUES ('testUUID47', 'RB1000000047', 'testAcctRB1000000047', '133521776', '20170520', '100000', 'A', '0');
INSERT INTO "GAEA"."DEMO_ACCT" VALUES ('testUUID48', 'RB1000000048', 'testAcctRB1000000048', '133521776', '20170520', '100000', 'A', '0');
INSERT INTO "GAEA"."DEMO_ACCT" VALUES ('testUUID49', 'RB1000000049', 'testAcctRB1000000049', '133521776', '20170520', '100000', 'A', '0');
INSERT INTO "GAEA"."DEMO_ACCT" VALUES ('testUUID50', 'RB1000000050', 'testAcctRB1000000050', '133521776', '20170520', '100000', 'A', '0');
INSERT INTO "GAEA"."DEMO_ACCT" VALUES ('testUUID351', 'RB1000000351', 'testAcctRB1000000351', '133521776', '20170520', '100000', 'A', '0');
INSERT INTO "GAEA"."DEMO_ACCT" VALUES ('testUUID352', 'RB1000000352', 'testAcctRB1000000352', '133521776', '20170520', '100000', 'A', '0');
INSERT INTO "GAEA"."DEMO_ACCT" VALUES ('testUUID353', 'RB1000000353', 'testAcctRB1000000353', '133521776', '20170520', '100000', 'A', '0');
INSERT INTO "GAEA"."DEMO_ACCT" VALUES ('testUUID354', 'RB1000000354', 'testAcctRB1000000354', '133521776', '20170520', '100000', 'A', '0');
INSERT INTO "GAEA"."DEMO_ACCT" VALUES ('testUUID355', 'RB1000000355', 'testAcctRB1000000355', '133521776', '20170520', '100000', 'A', '0');
INSERT INTO "GAEA"."DEMO_ACCT" VALUES ('testUUID356', 'RB1000000356', 'testAcctRB1000000356', '133521776', '20170520', '100000', 'A', '0');
INSERT INTO "GAEA"."DEMO_ACCT" VALUES ('testUUID357', 'RB1000000357', 'testAcctRB1000000357', '133521776', '20170520', '100000', 'A', '0');
INSERT INTO "GAEA"."DEMO_ACCT" VALUES ('testUUID358', 'RB1000000358', 'testAcctRB1000000358', '133521776', '20170520', '100000', 'A', '0');
INSERT INTO "GAEA"."DEMO_ACCT" VALUES ('testUUID359', 'RB1000000359', 'testAcctRB1000000359', '133521776', '20170520', '100000', 'A', '0');
INSERT INTO "GAEA"."DEMO_ACCT" VALUES ('testUUID360', 'RB1000000360', 'testAcctRB1000000360', '133521776', '20170520', '100000', 'A', '0');
INSERT INTO "GAEA"."DEMO_ACCT" VALUES ('testUUID361', 'RB1000000361', 'testAcctRB1000000361', '133521776', '20170520', '100000', 'A', '0');
INSERT INTO "GAEA"."DEMO_ACCT" VALUES ('testUUID362', 'RB1000000362', 'testAcctRB1000000362', '133521776', '20170520', '100000', 'A', '0');
INSERT INTO "GAEA"."DEMO_ACCT" VALUES ('testUUID363', 'RB1000000363', 'testAcctRB1000000363', '133521776', '20170520', '100000', 'A', '0');
INSERT INTO "GAEA"."DEMO_ACCT" VALUES ('testUUID364', 'RB1000000364', 'testAcctRB1000000364', '133521776', '20170520', '100000', 'A', '0');
INSERT INTO "GAEA"."DEMO_ACCT" VALUES ('testUUID365', 'RB1000000365', 'testAcctRB1000000365', '133521776', '20170520', '100000', 'A', '0');
INSERT INTO "GAEA"."DEMO_ACCT" VALUES ('testUUID366', 'RB1000000366', 'testAcctRB1000000366', '133521776', '20170520', '100000', 'A', '0');
INSERT INTO "GAEA"."DEMO_ACCT" VALUES ('testUUID367', 'RB1000000367', 'testAcctRB1000000367', '133521776', '20170520', '100000', 'A', '0');
INSERT INTO "GAEA"."DEMO_ACCT" VALUES ('testUUID368', 'RB1000000368', 'testAcctRB1000000368', '133521776', '20170520', '100000', 'A', '0');
INSERT INTO "GAEA"."DEMO_ACCT" VALUES ('testUUID369', 'RB1000000369', 'testAcctRB1000000369', '133521776', '20170520', '100000', 'A', '0');
INSERT INTO "GAEA"."DEMO_ACCT" VALUES ('testUUID370', 'RB1000000370', 'testAcctRB1000000370', '133521776', '20170520', '100000', 'A', '0');
INSERT INTO "GAEA"."DEMO_ACCT" VALUES ('testUUID371', 'RB1000000371', 'testAcctRB1000000371', '133521776', '20170520', '100000', 'A', '0');
INSERT INTO "GAEA"."DEMO_ACCT" VALUES ('testUUID372', 'RB1000000372', 'testAcctRB1000000372', '133521776', '20170520', '100000', 'A', '0');
INSERT INTO "GAEA"."DEMO_ACCT" VALUES ('testUUID373', 'RB1000000373', 'testAcctRB1000000373', '133521776', '20170520', '100000', 'A', '0');
INSERT INTO "GAEA"."DEMO_ACCT" VALUES ('testUUID374', 'RB1000000374', 'testAcctRB1000000374', '133521776', '20170520', '100000', 'A', '0');
INSERT INTO "GAEA"."DEMO_ACCT" VALUES ('testUUID375', 'RB1000000375', 'testAcctRB1000000375', '133521776', '20170520', '100000', 'A', '0');
INSERT INTO "GAEA"."DEMO_ACCT" VALUES ('testUUID376', 'RB1000000376', 'testAcctRB1000000376', '133521776', '20170520', '100000', 'A', '0');
INSERT INTO "GAEA"."DEMO_ACCT" VALUES ('testUUID377', 'RB1000000377', 'testAcctRB1000000377', '133521776', '20170520', '100000', 'A', '0');
INSERT INTO "GAEA"."DEMO_ACCT" VALUES ('testUUID378', 'RB1000000378', 'testAcctRB1000000378', '133521776', '20170520', '100000', 'A', '0');
INSERT INTO "GAEA"."DEMO_ACCT" VALUES ('testUUID379', 'RB1000000379', 'testAcctRB1000000379', '133521776', '20170520', '100000', 'A', '0');
INSERT INTO "GAEA"."DEMO_ACCT" VALUES ('testUUID380', 'RB1000000380', 'testAcctRB1000000380', '133521776', '20170520', '100000', 'A', '0');
INSERT INTO "GAEA"."DEMO_ACCT" VALUES ('testUUID381', 'RB1000000381', 'testAcctRB1000000381', '133521776', '20170520', '100000', 'A', '0');
INSERT INTO "GAEA"."DEMO_ACCT" VALUES ('testUUID382', 'RB1000000382', 'testAcctRB1000000382', '133521776', '20170520', '100000', 'A', '0');
INSERT INTO "GAEA"."DEMO_ACCT" VALUES ('testUUID383', 'RB1000000383', 'testAcctRB1000000383', '133521776', '20170520', '100000', 'A', '0');
INSERT INTO "GAEA"."DEMO_ACCT" VALUES ('testUUID384', 'RB1000000384', 'testAcctRB1000000384', '133521776', '20170520', '100000', 'A', '0');
INSERT INTO "GAEA"."DEMO_ACCT" VALUES ('testUUID385', 'RB1000000385', 'testAcctRB1000000385', '133521776', '20170520', '100000', 'A', '0');
INSERT INTO "GAEA"."DEMO_ACCT" VALUES ('testUUID386', 'RB1000000386', 'testAcctRB1000000386', '133521776', '20170520', '100000', 'A', '0');
INSERT INTO "GAEA"."DEMO_ACCT" VALUES ('testUUID387', 'RB1000000387', 'testAcctRB1000000387', '133521776', '20170520', '100000', 'A', '0');
INSERT INTO "GAEA"."DEMO_ACCT" VALUES ('testUUID388', 'RB1000000388', 'testAcctRB1000000388', '133521776', '20170520', '100000', 'A', '0');
INSERT INTO "GAEA"."DEMO_ACCT" VALUES ('testUUID389', 'RB1000000389', 'testAcctRB1000000389', '133521776', '20170520', '100000', 'A', '0');
INSERT INTO "GAEA"."DEMO_ACCT" VALUES ('testUUID390', 'RB1000000390', 'testAcctRB1000000390', '133521776', '20170520', '100000', 'A', '0');
INSERT INTO "GAEA"."DEMO_ACCT" VALUES ('testUUID391', 'RB1000000391', 'testAcctRB1000000391', '133521776', '20170520', '100000', 'A', '0');
INSERT INTO "GAEA"."DEMO_ACCT" VALUES ('testUUID392', 'RB1000000392', 'testAcctRB1000000392', '133521776', '20170520', '100000', 'A', '0');
INSERT INTO "GAEA"."DEMO_ACCT" VALUES ('testUUID393', 'RB1000000393', 'testAcctRB1000000393', '133521776', '20170520', '100000', 'A', '0');
INSERT INTO "GAEA"."DEMO_ACCT" VALUES ('testUUID394', 'RB1000000394', 'testAcctRB1000000394', '133521776', '20170520', '100000', 'A', '0');
INSERT INTO "GAEA"."DEMO_ACCT" VALUES ('testUUID395', 'RB1000000395', 'testAcctRB1000000395', '133521776', '20170520', '100000', 'A', '0');
INSERT INTO "GAEA"."DEMO_ACCT" VALUES ('testUUID396', 'RB1000000396', 'testAcctRB1000000396', '133521776', '20170520', '100000', 'A', '0');
INSERT INTO "GAEA"."DEMO_ACCT" VALUES ('testUUID397', 'RB1000000397', 'testAcctRB1000000397', '133521776', '20170520', '100000', 'A', '0');
INSERT INTO "GAEA"."DEMO_ACCT" VALUES ('testUUID398', 'RB1000000398', 'testAcctRB1000000398', '133521776', '20170520', '100000', 'A', '0');
INSERT INTO "GAEA"."DEMO_ACCT" VALUES ('testUUID399', 'RB1000000399', 'testAcctRB1000000399', '133521776', '20170520', '100000', 'A', '0');
INSERT INTO "GAEA"."DEMO_ACCT" VALUES ('testUUID400', 'RB1000000400', 'testAcctRB1000000400', '133521776', '20170520', '100000', 'A', '0');
INSERT INTO "GAEA"."DEMO_ACCT" VALUES ('testUUID251', 'RB1000000251', 'testAcctRB1000000251', '133521776', '20170520', '100000', 'A', '0');
INSERT INTO "GAEA"."DEMO_ACCT" VALUES ('testUUID252', 'RB1000000252', 'testAcctRB1000000252', '133521776', '20170520', '100000', 'A', '0');
INSERT INTO "GAEA"."DEMO_ACCT" VALUES ('testUUID253', 'RB1000000253', 'testAcctRB1000000253', '133521776', '20170520', '100000', 'A', '0');
INSERT INTO "GAEA"."DEMO_ACCT" VALUES ('testUUID254', 'RB1000000254', 'testAcctRB1000000254', '133521776', '20170520', '100000', 'A', '0');
INSERT INTO "GAEA"."DEMO_ACCT" VALUES ('testUUID255', 'RB1000000255', 'testAcctRB1000000255', '133521776', '20170520', '100000', 'A', '0');
INSERT INTO "GAEA"."DEMO_ACCT" VALUES ('testUUID256', 'RB1000000256', 'testAcctRB1000000256', '133521776', '20170520', '100000', 'A', '0');
INSERT INTO "GAEA"."DEMO_ACCT" VALUES ('testUUID257', 'RB1000000257', 'testAcctRB1000000257', '133521776', '20170520', '100000', 'A', '0');
INSERT INTO "GAEA"."DEMO_ACCT" VALUES ('testUUID258', 'RB1000000258', 'testAcctRB1000000258', '133521776', '20170520', '100000', 'A', '0');
INSERT INTO "GAEA"."DEMO_ACCT" VALUES ('testUUID259', 'RB1000000259', 'testAcctRB1000000259', '133521776', '20170520', '100000', 'A', '0');
INSERT INTO "GAEA"."DEMO_ACCT" VALUES ('testUUID260', 'RB1000000260', 'testAcctRB1000000260', '133521776', '20170520', '100000', 'A', '0');
INSERT INTO "GAEA"."DEMO_ACCT" VALUES ('testUUID261', 'RB1000000261', 'testAcctRB1000000261', '133521776', '20170520', '100000', 'A', '0');
INSERT INTO "GAEA"."DEMO_ACCT" VALUES ('testUUID262', 'RB1000000262', 'testAcctRB1000000262', '133521776', '20170520', '100000', 'A', '0');
INSERT INTO "GAEA"."DEMO_ACCT" VALUES ('testUUID263', 'RB1000000263', 'testAcctRB1000000263', '133521776', '20170520', '100000', 'A', '0');
INSERT INTO "GAEA"."DEMO_ACCT" VALUES ('testUUID264', 'RB1000000264', 'testAcctRB1000000264', '133521776', '20170520', '100000', 'A', '0');
INSERT INTO "GAEA"."DEMO_ACCT" VALUES ('testUUID265', 'RB1000000265', 'testAcctRB1000000265', '133521776', '20170520', '100000', 'A', '0');
INSERT INTO "GAEA"."DEMO_ACCT" VALUES ('testUUID266', 'RB1000000266', 'testAcctRB1000000266', '133521776', '20170520', '100000', 'A', '0');
INSERT INTO "GAEA"."DEMO_ACCT" VALUES ('testUUID267', 'RB1000000267', 'testAcctRB1000000267', '133521776', '20170520', '100000', 'A', '0');
INSERT INTO "GAEA"."DEMO_ACCT" VALUES ('testUUID268', 'RB1000000268', 'testAcctRB1000000268', '133521776', '20170520', '100000', 'A', '0');
INSERT INTO "GAEA"."DEMO_ACCT" VALUES ('testUUID269', 'RB1000000269', 'testAcctRB1000000269', '133521776', '20170520', '100000', 'A', '0');
INSERT INTO "GAEA"."DEMO_ACCT" VALUES ('testUUID270', 'RB1000000270', 'testAcctRB1000000270', '133521776', '20170520', '100000', 'A', '0');
INSERT INTO "GAEA"."DEMO_ACCT" VALUES ('testUUID271', 'RB1000000271', 'testAcctRB1000000271', '133521776', '20170520', '100000', 'A', '0');
INSERT INTO "GAEA"."DEMO_ACCT" VALUES ('testUUID272', 'RB1000000272', 'testAcctRB1000000272', '133521776', '20170520', '100000', 'A', '0');
INSERT INTO "GAEA"."DEMO_ACCT" VALUES ('testUUID273', 'RB1000000273', 'testAcctRB1000000273', '133521776', '20170520', '100000', 'A', '0');
INSERT INTO "GAEA"."DEMO_ACCT" VALUES ('testUUID274', 'RB1000000274', 'testAcctRB1000000274', '133521776', '20170520', '100000', 'A', '0');
INSERT INTO "GAEA"."DEMO_ACCT" VALUES ('testUUID275', 'RB1000000275', 'testAcctRB1000000275', '133521776', '20170520', '100000', 'A', '0');
INSERT INTO "GAEA"."DEMO_ACCT" VALUES ('testUUID276', 'RB1000000276', 'testAcctRB1000000276', '133521776', '20170520', '100000', 'A', '0');
INSERT INTO "GAEA"."DEMO_ACCT" VALUES ('testUUID277', 'RB1000000277', 'testAcctRB1000000277', '133521776', '20170520', '100000', 'A', '0');
INSERT INTO "GAEA"."DEMO_ACCT" VALUES ('testUUID278', 'RB1000000278', 'testAcctRB1000000278', '133521776', '20170520', '100000', 'A', '0');
INSERT INTO "GAEA"."DEMO_ACCT" VALUES ('testUUID279', 'RB1000000279', 'testAcctRB1000000279', '133521776', '20170520', '100000', 'A', '0');
INSERT INTO "GAEA"."DEMO_ACCT" VALUES ('testUUID280', 'RB1000000280', 'testAcctRB1000000280', '133521776', '20170520', '100000', 'A', '0');
INSERT INTO "GAEA"."DEMO_ACCT" VALUES ('testUUID281', 'RB1000000281', 'testAcctRB1000000281', '133521776', '20170520', '100000', 'A', '0');
INSERT INTO "GAEA"."DEMO_ACCT" VALUES ('testUUID282', 'RB1000000282', 'testAcctRB1000000282', '133521776', '20170520', '100000', 'A', '0');
INSERT INTO "GAEA"."DEMO_ACCT" VALUES ('testUUID283', 'RB1000000283', 'testAcctRB1000000283', '133521776', '20170520', '100000', 'A', '0');
INSERT INTO "GAEA"."DEMO_ACCT" VALUES ('testUUID284', 'RB1000000284', 'testAcctRB1000000284', '133521776', '20170520', '100000', 'A', '0');
INSERT INTO "GAEA"."DEMO_ACCT" VALUES ('testUUID285', 'RB1000000285', 'testAcctRB1000000285', '133521776', '20170520', '100000', 'A', '0');
INSERT INTO "GAEA"."DEMO_ACCT" VALUES ('testUUID286', 'RB1000000286', 'testAcctRB1000000286', '133521776', '20170520', '100000', 'A', '0');
INSERT INTO "GAEA"."DEMO_ACCT" VALUES ('testUUID287', 'RB1000000287', 'testAcctRB1000000287', '133521776', '20170520', '100000', 'A', '0');
INSERT INTO "GAEA"."DEMO_ACCT" VALUES ('testUUID288', 'RB1000000288', 'testAcctRB1000000288', '133521776', '20170520', '100000', 'A', '0');
INSERT INTO "GAEA"."DEMO_ACCT" VALUES ('testUUID289', 'RB1000000289', 'testAcctRB1000000289', '133521776', '20170520', '100000', 'A', '0');
INSERT INTO "GAEA"."DEMO_ACCT" VALUES ('testUUID290', 'RB1000000290', 'testAcctRB1000000290', '133521776', '20170520', '100000', 'A', '0');
INSERT INTO "GAEA"."DEMO_ACCT" VALUES ('testUUID291', 'RB1000000291', 'testAcctRB1000000291', '133521776', '20170520', '100000', 'A', '0');
INSERT INTO "GAEA"."DEMO_ACCT" VALUES ('testUUID292', 'RB1000000292', 'testAcctRB1000000292', '133521776', '20170520', '100000', 'A', '0');
INSERT INTO "GAEA"."DEMO_ACCT" VALUES ('testUUID293', 'RB1000000293', 'testAcctRB1000000293', '133521776', '20170520', '100000', 'A', '0');
INSERT INTO "GAEA"."DEMO_ACCT" VALUES ('testUUID294', 'RB1000000294', 'testAcctRB1000000294', '133521776', '20170520', '100000', 'A', '0');
INSERT INTO "GAEA"."DEMO_ACCT" VALUES ('testUUID295', 'RB1000000295', 'testAcctRB1000000295', '133521776', '20170520', '100000', 'A', '0');
INSERT INTO "GAEA"."DEMO_ACCT" VALUES ('testUUID296', 'RB1000000296', 'testAcctRB1000000296', '133521776', '20170520', '100000', 'A', '0');
INSERT INTO "GAEA"."DEMO_ACCT" VALUES ('testUUID297', 'RB1000000297', 'testAcctRB1000000297', '133521776', '20170520', '100000', 'A', '0');
INSERT INTO "GAEA"."DEMO_ACCT" VALUES ('testUUID298', 'RB1000000298', 'testAcctRB1000000298', '133521776', '20170520', '100000', 'A', '0');
INSERT INTO "GAEA"."DEMO_ACCT" VALUES ('testUUID299', 'RB1000000299', 'testAcctRB1000000299', '133521776', '20170520', '100000', 'A', '0');
INSERT INTO "GAEA"."DEMO_ACCT" VALUES ('testUUID300', 'RB1000000300', 'testAcctRB1000000300', '133521776', '20170520', '100000', 'A', '0');
INSERT INTO "GAEA"."DEMO_ACCT" VALUES ('testUUID151', 'RB1000000151', 'testAcctRB1000000151', '133521776', '20170520', '100000', 'A', '0');
INSERT INTO "GAEA"."DEMO_ACCT" VALUES ('testUUID152', 'RB1000000152', 'testAcctRB1000000152', '133521776', '20170520', '100000', 'A', '0');
INSERT INTO "GAEA"."DEMO_ACCT" VALUES ('testUUID153', 'RB1000000153', 'testAcctRB1000000153', '133521776', '20170520', '100000', 'A', '0');
INSERT INTO "GAEA"."DEMO_ACCT" VALUES ('testUUID154', 'RB1000000154', 'testAcctRB1000000154', '133521776', '20170520', '100000', 'A', '0');
INSERT INTO "GAEA"."DEMO_ACCT" VALUES ('testUUID155', 'RB1000000155', 'testAcctRB1000000155', '133521776', '20170520', '100000', 'A', '0');
INSERT INTO "GAEA"."DEMO_ACCT" VALUES ('testUUID156', 'RB1000000156', 'testAcctRB1000000156', '133521776', '20170520', '100000', 'A', '0');
INSERT INTO "GAEA"."DEMO_ACCT" VALUES ('testUUID157', 'RB1000000157', 'testAcctRB1000000157', '133521776', '20170520', '100000', 'A', '0');
INSERT INTO "GAEA"."DEMO_ACCT" VALUES ('testUUID158', 'RB1000000158', 'testAcctRB1000000158', '133521776', '20170520', '100000', 'A', '0');
INSERT INTO "GAEA"."DEMO_ACCT" VALUES ('testUUID159', 'RB1000000159', 'testAcctRB1000000159', '133521776', '20170520', '100000', 'A', '0');
INSERT INTO "GAEA"."DEMO_ACCT" VALUES ('testUUID160', 'RB1000000160', 'testAcctRB1000000160', '133521776', '20170520', '100000', 'A', '0');
INSERT INTO "GAEA"."DEMO_ACCT" VALUES ('testUUID161', 'RB1000000161', 'testAcctRB1000000161', '133521776', '20170520', '100000', 'A', '0');
INSERT INTO "GAEA"."DEMO_ACCT" VALUES ('testUUID162', 'RB1000000162', 'testAcctRB1000000162', '133521776', '20170520', '100000', 'A', '0');
INSERT INTO "GAEA"."DEMO_ACCT" VALUES ('testUUID163', 'RB1000000163', 'testAcctRB1000000163', '133521776', '20170520', '100000', 'A', '0');
INSERT INTO "GAEA"."DEMO_ACCT" VALUES ('testUUID164', 'RB1000000164', 'testAcctRB1000000164', '133521776', '20170520', '100000', 'A', '0');
INSERT INTO "GAEA"."DEMO_ACCT" VALUES ('testUUID165', 'RB1000000165', 'testAcctRB1000000165', '133521776', '20170520', '100000', 'A', '0');
INSERT INTO "GAEA"."DEMO_ACCT" VALUES ('testUUID166', 'RB1000000166', 'testAcctRB1000000166', '133521776', '20170520', '100000', 'A', '0');
INSERT INTO "GAEA"."DEMO_ACCT" VALUES ('testUUID167', 'RB1000000167', 'testAcctRB1000000167', '133521776', '20170520', '100000', 'A', '0');
INSERT INTO "GAEA"."DEMO_ACCT" VALUES ('testUUID168', 'RB1000000168', 'testAcctRB1000000168', '133521776', '20170520', '100000', 'A', '0');
INSERT INTO "GAEA"."DEMO_ACCT" VALUES ('testUUID169', 'RB1000000169', 'testAcctRB1000000169', '133521776', '20170520', '100000', 'A', '0');
INSERT INTO "GAEA"."DEMO_ACCT" VALUES ('testUUID170', 'RB1000000170', 'testAcctRB1000000170', '133521776', '20170520', '100000', 'A', '0');
INSERT INTO "GAEA"."DEMO_ACCT" VALUES ('testUUID171', 'RB1000000171', 'testAcctRB1000000171', '133521776', '20170520', '100000', 'A', '0');
INSERT INTO "GAEA"."DEMO_ACCT" VALUES ('testUUID172', 'RB1000000172', 'testAcctRB1000000172', '133521776', '20170520', '100000', 'A', '0');
INSERT INTO "GAEA"."DEMO_ACCT" VALUES ('testUUID173', 'RB1000000173', 'testAcctRB1000000173', '133521776', '20170520', '100000', 'A', '0');
INSERT INTO "GAEA"."DEMO_ACCT" VALUES ('testUUID174', 'RB1000000174', 'testAcctRB1000000174', '133521776', '20170520', '100000', 'A', '0');
INSERT INTO "GAEA"."DEMO_ACCT" VALUES ('testUUID175', 'RB1000000175', 'testAcctRB1000000175', '133521776', '20170520', '100000', 'A', '0');
INSERT INTO "GAEA"."DEMO_ACCT" VALUES ('testUUID176', 'RB1000000176', 'testAcctRB1000000176', '133521776', '20170520', '100000', 'A', '0');
INSERT INTO "GAEA"."DEMO_ACCT" VALUES ('testUUID177', 'RB1000000177', 'testAcctRB1000000177', '133521776', '20170520', '100000', 'A', '0');
INSERT INTO "GAEA"."DEMO_ACCT" VALUES ('testUUID178', 'RB1000000178', 'testAcctRB1000000178', '133521776', '20170520', '100000', 'A', '0');
INSERT INTO "GAEA"."DEMO_ACCT" VALUES ('testUUID179', 'RB1000000179', 'testAcctRB1000000179', '133521776', '20170520', '100000', 'A', '0');
INSERT INTO "GAEA"."DEMO_ACCT" VALUES ('testUUID180', 'RB1000000180', 'testAcctRB1000000180', '133521776', '20170520', '100000', 'A', '0');
INSERT INTO "GAEA"."DEMO_ACCT" VALUES ('testUUID181', 'RB1000000181', 'testAcctRB1000000181', '133521776', '20170520', '100000', 'A', '0');
INSERT INTO "GAEA"."DEMO_ACCT" VALUES ('testUUID182', 'RB1000000182', 'testAcctRB1000000182', '133521776', '20170520', '100000', 'A', '0');
INSERT INTO "GAEA"."DEMO_ACCT" VALUES ('testUUID183', 'RB1000000183', 'testAcctRB1000000183', '133521776', '20170520', '100000', 'A', '0');
INSERT INTO "GAEA"."DEMO_ACCT" VALUES ('testUUID184', 'RB1000000184', 'testAcctRB1000000184', '133521776', '20170520', '100000', 'A', '0');
INSERT INTO "GAEA"."DEMO_ACCT" VALUES ('testUUID185', 'RB1000000185', 'testAcctRB1000000185', '133521776', '20170520', '100000', 'A', '0');
INSERT INTO "GAEA"."DEMO_ACCT" VALUES ('testUUID186', 'RB1000000186', 'testAcctRB1000000186', '133521776', '20170520', '100000', 'A', '0');
INSERT INTO "GAEA"."DEMO_ACCT" VALUES ('testUUID187', 'RB1000000187', 'testAcctRB1000000187', '133521776', '20170520', '100000', 'A', '0');
INSERT INTO "GAEA"."DEMO_ACCT" VALUES ('testUUID188', 'RB1000000188', 'testAcctRB1000000188', '133521776', '20170520', '100000', 'A', '0');
INSERT INTO "GAEA"."DEMO_ACCT" VALUES ('testUUID189', 'RB1000000189', 'testAcctRB1000000189', '133521776', '20170520', '100000', 'A', '0');
INSERT INTO "GAEA"."DEMO_ACCT" VALUES ('testUUID190', 'RB1000000190', 'testAcctRB1000000190', '133521776', '20170520', '100000', 'A', '0');
INSERT INTO "GAEA"."DEMO_ACCT" VALUES ('testUUID191', 'RB1000000191', 'testAcctRB1000000191', '133521776', '20170520', '100000', 'A', '0');
INSERT INTO "GAEA"."DEMO_ACCT" VALUES ('testUUID192', 'RB1000000192', 'testAcctRB1000000192', '133521776', '20170520', '100000', 'A', '0');
INSERT INTO "GAEA"."DEMO_ACCT" VALUES ('testUUID193', 'RB1000000193', 'testAcctRB1000000193', '133521776', '20170520', '100000', 'A', '0');
INSERT INTO "GAEA"."DEMO_ACCT" VALUES ('testUUID194', 'RB1000000194', 'testAcctRB1000000194', '133521776', '20170520', '100000', 'A', '0');
INSERT INTO "GAEA"."DEMO_ACCT" VALUES ('testUUID195', 'RB1000000195', 'testAcctRB1000000195', '133521776', '20170520', '100000', 'A', '0');
INSERT INTO "GAEA"."DEMO_ACCT" VALUES ('testUUID196', 'RB1000000196', 'testAcctRB1000000196', '133521776', '20170520', '100000', 'A', '0');
INSERT INTO "GAEA"."DEMO_ACCT" VALUES ('testUUID197', 'RB1000000197', 'testAcctRB1000000197', '133521776', '20170520', '100000', 'A', '0');
INSERT INTO "GAEA"."DEMO_ACCT" VALUES ('testUUID198', 'RB1000000198', 'testAcctRB1000000198', '133521776', '20170520', '100000', 'A', '0');
INSERT INTO "GAEA"."DEMO_ACCT" VALUES ('testUUID199', 'RB1000000199', 'testAcctRB1000000199', '133521776', '20170520', '100000', 'A', '0');
INSERT INTO "GAEA"."DEMO_ACCT" VALUES ('testUUID200', 'RB1000000200', 'testAcctRB1000000200', '133521776', '20170520', '100000', 'A', '0');
INSERT INTO "GAEA"."DEMO_ACCT" VALUES ('testUUID401', 'RB1000000401', 'testAcctRB1000000401', '133521776', '20170520', '100000', 'A', '0');
INSERT INTO "GAEA"."DEMO_ACCT" VALUES ('testUUID402', 'RB1000000402', 'testAcctRB1000000402', '133521776', '20170520', '100000', 'A', '0');
INSERT INTO "GAEA"."DEMO_ACCT" VALUES ('testUUID403', 'RB1000000403', 'testAcctRB1000000403', '133521776', '20170520', '100000', 'A', '0');
INSERT INTO "GAEA"."DEMO_ACCT" VALUES ('testUUID404', 'RB1000000404', 'testAcctRB1000000404', '133521776', '20170520', '100000', 'A', '0');
INSERT INTO "GAEA"."DEMO_ACCT" VALUES ('testUUID405', 'RB1000000405', 'testAcctRB1000000405', '133521776', '20170520', '100000', 'A', '0');
INSERT INTO "GAEA"."DEMO_ACCT" VALUES ('testUUID406', 'RB1000000406', 'testAcctRB1000000406', '133521776', '20170520', '100000', 'A', '0');
INSERT INTO "GAEA"."DEMO_ACCT" VALUES ('testUUID407', 'RB1000000407', 'testAcctRB1000000407', '133521776', '20170520', '100000', 'A', '0');
INSERT INTO "GAEA"."DEMO_ACCT" VALUES ('testUUID408', 'RB1000000408', 'testAcctRB1000000408', '133521776', '20170520', '100000', 'A', '0');
INSERT INTO "GAEA"."DEMO_ACCT" VALUES ('testUUID409', 'RB1000000409', 'testAcctRB1000000409', '133521776', '20170520', '100000', 'A', '0');
INSERT INTO "GAEA"."DEMO_ACCT" VALUES ('testUUID410', 'RB1000000410', 'testAcctRB1000000410', '133521776', '20170520', '100000', 'A', '0');
INSERT INTO "GAEA"."DEMO_ACCT" VALUES ('testUUID411', 'RB1000000411', 'testAcctRB1000000411', '133521776', '20170520', '100000', 'A', '0');
INSERT INTO "GAEA"."DEMO_ACCT" VALUES ('testUUID412', 'RB1000000412', 'testAcctRB1000000412', '133521776', '20170520', '100000', 'A', '0');
INSERT INTO "GAEA"."DEMO_ACCT" VALUES ('testUUID413', 'RB1000000413', 'testAcctRB1000000413', '133521776', '20170520', '100000', 'A', '0');
INSERT INTO "GAEA"."DEMO_ACCT" VALUES ('testUUID414', 'RB1000000414', 'testAcctRB1000000414', '133521776', '20170520', '100000', 'A', '0');
INSERT INTO "GAEA"."DEMO_ACCT" VALUES ('testUUID415', 'RB1000000415', 'testAcctRB1000000415', '133521776', '20170520', '100000', 'A', '0');
INSERT INTO "GAEA"."DEMO_ACCT" VALUES ('testUUID416', 'RB1000000416', 'testAcctRB1000000416', '133521776', '20170520', '100000', 'A', '0');
INSERT INTO "GAEA"."DEMO_ACCT" VALUES ('testUUID417', 'RB1000000417', 'testAcctRB1000000417', '133521776', '20170520', '100000', 'A', '0');
INSERT INTO "GAEA"."DEMO_ACCT" VALUES ('testUUID418', 'RB1000000418', 'testAcctRB1000000418', '133521776', '20170520', '100000', 'A', '0');
INSERT INTO "GAEA"."DEMO_ACCT" VALUES ('testUUID419', 'RB1000000419', 'testAcctRB1000000419', '133521776', '20170520', '100000', 'A', '0');
INSERT INTO "GAEA"."DEMO_ACCT" VALUES ('testUUID420', 'RB1000000420', 'testAcctRB1000000420', '133521776', '20170520', '100000', 'A', '0');
INSERT INTO "GAEA"."DEMO_ACCT" VALUES ('testUUID421', 'RB1000000421', 'testAcctRB1000000421', '133521776', '20170520', '100000', 'A', '0');
INSERT INTO "GAEA"."DEMO_ACCT" VALUES ('testUUID422', 'RB1000000422', 'testAcctRB1000000422', '133521776', '20170520', '100000', 'A', '0');
INSERT INTO "GAEA"."DEMO_ACCT" VALUES ('testUUID423', 'RB1000000423', 'testAcctRB1000000423', '133521776', '20170520', '100000', 'A', '0');
INSERT INTO "GAEA"."DEMO_ACCT" VALUES ('testUUID424', 'RB1000000424', 'testAcctRB1000000424', '133521776', '20170520', '100000', 'A', '0');
INSERT INTO "GAEA"."DEMO_ACCT" VALUES ('testUUID425', 'RB1000000425', 'testAcctRB1000000425', '133521776', '20170520', '100000', 'A', '0');
INSERT INTO "GAEA"."DEMO_ACCT" VALUES ('testUUID426', 'RB1000000426', 'testAcctRB1000000426', '133521776', '20170520', '100000', 'A', '0');
INSERT INTO "GAEA"."DEMO_ACCT" VALUES ('testUUID427', 'RB1000000427', 'testAcctRB1000000427', '133521776', '20170520', '100000', 'A', '0');
INSERT INTO "GAEA"."DEMO_ACCT" VALUES ('testUUID428', 'RB1000000428', 'testAcctRB1000000428', '133521776', '20170520', '100000', 'A', '0');
INSERT INTO "GAEA"."DEMO_ACCT" VALUES ('testUUID429', 'RB1000000429', 'testAcctRB1000000429', '133521776', '20170520', '100000', 'A', '0');
INSERT INTO "GAEA"."DEMO_ACCT" VALUES ('testUUID430', 'RB1000000430', 'testAcctRB1000000430', '133521776', '20170520', '100000', 'A', '0');
INSERT INTO "GAEA"."DEMO_ACCT" VALUES ('testUUID431', 'RB1000000431', 'testAcctRB1000000431', '133521776', '20170520', '100000', 'A', '0');
INSERT INTO "GAEA"."DEMO_ACCT" VALUES ('testUUID432', 'RB1000000432', 'testAcctRB1000000432', '133521776', '20170520', '100000', 'A', '0');
INSERT INTO "GAEA"."DEMO_ACCT" VALUES ('testUUID433', 'RB1000000433', 'testAcctRB1000000433', '133521776', '20170520', '100000', 'A', '0');
INSERT INTO "GAEA"."DEMO_ACCT" VALUES ('testUUID434', 'RB1000000434', 'testAcctRB1000000434', '133521776', '20170520', '100000', 'A', '0');
INSERT INTO "GAEA"."DEMO_ACCT" VALUES ('testUUID435', 'RB1000000435', 'testAcctRB1000000435', '133521776', '20170520', '100000', 'A', '0');
INSERT INTO "GAEA"."DEMO_ACCT" VALUES ('testUUID436', 'RB1000000436', 'testAcctRB1000000436', '133521776', '20170520', '100000', 'A', '0');
INSERT INTO "GAEA"."DEMO_ACCT" VALUES ('testUUID437', 'RB1000000437', 'testAcctRB1000000437', '133521776', '20170520', '100000', 'A', '0');
INSERT INTO "GAEA"."DEMO_ACCT" VALUES ('testUUID438', 'RB1000000438', 'testAcctRB1000000438', '133521776', '20170520', '100000', 'A', '0');
INSERT INTO "GAEA"."DEMO_ACCT" VALUES ('testUUID439', 'RB1000000439', 'testAcctRB1000000439', '133521776', '20170520', '100000', 'A', '0');
INSERT INTO "GAEA"."DEMO_ACCT" VALUES ('testUUID440', 'RB1000000440', 'testAcctRB1000000440', '133521776', '20170520', '100000', 'A', '0');
INSERT INTO "GAEA"."DEMO_ACCT" VALUES ('testUUID441', 'RB1000000441', 'testAcctRB1000000441', '133521776', '20170520', '100000', 'A', '0');
INSERT INTO "GAEA"."DEMO_ACCT" VALUES ('testUUID442', 'RB1000000442', 'testAcctRB1000000442', '133521776', '20170520', '100000', 'A', '0');
INSERT INTO "GAEA"."DEMO_ACCT" VALUES ('testUUID443', 'RB1000000443', 'testAcctRB1000000443', '133521776', '20170520', '100000', 'A', '0');
INSERT INTO "GAEA"."DEMO_ACCT" VALUES ('testUUID444', 'RB1000000444', 'testAcctRB1000000444', '133521776', '20170520', '100000', 'A', '0');
INSERT INTO "GAEA"."DEMO_ACCT" VALUES ('testUUID445', 'RB1000000445', 'testAcctRB1000000445', '133521776', '20170520', '100000', 'A', '0');
INSERT INTO "GAEA"."DEMO_ACCT" VALUES ('testUUID446', 'RB1000000446', 'testAcctRB1000000446', '133521776', '20170520', '100000', 'A', '0');
INSERT INTO "GAEA"."DEMO_ACCT" VALUES ('testUUID447', 'RB1000000447', 'testAcctRB1000000447', '133521776', '20170520', '100000', 'A', '0');
INSERT INTO "GAEA"."DEMO_ACCT" VALUES ('testUUID448', 'RB1000000448', 'testAcctRB1000000448', '133521776', '20170520', '100000', 'A', '0');
INSERT INTO "GAEA"."DEMO_ACCT" VALUES ('testUUID449', 'RB1000000449', 'testAcctRB1000000449', '133521776', '20170520', '100000', 'A', '0');
INSERT INTO "GAEA"."DEMO_ACCT" VALUES ('testUUID450', 'RB1000000450', 'testAcctRB1000000450', '133521776', '20170520', '100000', 'A', '0');

-- ----------------------------
-- Table structure for DEMO_ACCT_PWD
-- ----------------------------
DROP TABLE "GAEA"."DEMO_ACCT_PWD";
CREATE TABLE "GAEA"."DEMO_ACCT_PWD" (
"ACCT_NO" VARCHAR2(20 CHAR) NOT NULL ,
"PWD" VARCHAR2(100 CHAR) NOT NULL ,
"COUNT" NUMBER(2) NOT NULL 
)
LOGGING
NOCOMPRESS
NOCACHE

;

-- ----------------------------
-- Records of DEMO_ACCT_PWD
-- ----------------------------
INSERT INTO "GAEA"."DEMO_ACCT_PWD" VALUES ('10680878225242227722', 'Ex/QymmHiaY=', '0');
INSERT INTO "GAEA"."DEMO_ACCT_PWD" VALUES ('67523615627101598055', '96E79218965EB72C92A549DD5A330112', '0');
INSERT INTO "GAEA"."DEMO_ACCT_PWD" VALUES ('65846940981432007778', 'Ex/QymmHiaY=', '0');
INSERT INTO "GAEA"."DEMO_ACCT_PWD" VALUES ('83674548602972313069', '96E79218965EB72C92A549DD5A330112', '0');

-- ----------------------------
-- Table structure for DEMO_PROD_TYPE
-- ----------------------------
DROP TABLE "GAEA"."DEMO_PROD_TYPE";
CREATE TABLE "GAEA"."DEMO_PROD_TYPE" (
"PROD_TYPE" VARCHAR2(10 CHAR) NOT NULL ,
"PROD_DESC" VARCHAR2(50 CHAR) NOT NULL 
)
LOGGING
NOCOMPRESS
NOCACHE

;

-- ----------------------------
-- Records of DEMO_PROD_TYPE
-- ----------------------------
INSERT INTO "GAEA"."DEMO_PROD_TYPE" VALUES ('B', '測試產品B2');
INSERT INTO "GAEA"."DEMO_PROD_TYPE" VALUES ('A', '測試產品1');

-- ----------------------------
-- Table structure for DEMO_TRAN_HIST
-- ----------------------------
DROP TABLE "GAEA"."DEMO_TRAN_HIST";
CREATE TABLE "GAEA"."DEMO_TRAN_HIST" (
"SEQ_NO" NUMBER NOT NULL ,
"ACCT_NO" VARCHAR2(20 CHAR) NOT NULL ,
"TRAN_TIME" VARCHAR2(9 CHAR) NOT NULL ,
"TRAN_DATE" VARCHAR2(8 CHAR) NOT NULL ,
"AMOUNT" NUMBER(17,2) NOT NULL ,
"REFERENCE" VARCHAR2(30 CHAR) NOT NULL ,
"CR_DR_IND" VARCHAR2(2 CHAR) NOT NULL 
)
LOGGING
NOCOMPRESS
NOCACHE

;

-- ----------------------------
-- Records of DEMO_TRAN_HIST
-- ----------------------------
INSERT INTO "GAEA"."DEMO_TRAN_HIST" VALUES ('7', '10680878225242227722', '202156002', '20170510', '1', '1705170000000061', 'DR');
INSERT INTO "GAEA"."DEMO_TRAN_HIST" VALUES ('20', '10680878225242227722', '210320435', '20170517', '10.10', '1705170000000073', 'DR');
INSERT INTO "GAEA"."DEMO_TRAN_HIST" VALUES ('21', '67523615627101598055', '210320561', '20170517', '10.10', '1705170000000073', 'CR');
INSERT INTO "GAEA"."DEMO_TRAN_HIST" VALUES ('6', '10680878225242227722', '171756009', '20170510', '1', '1705170000000040', 'DR');
INSERT INTO "GAEA"."DEMO_TRAN_HIST" VALUES ('4', '67523615627101598055', '144916602', '20170510', '1', '1705170000000025', 'DR');
INSERT INTO "GAEA"."DEMO_TRAN_HIST" VALUES ('5', '67523615627101598055', '144941795', '20170510', '1', '1705170000000026', 'DR');
INSERT INTO "GAEA"."DEMO_TRAN_HIST" VALUES ('3', '67523615627101598055', '134212774', '20170510', '1', '1705170000000018', 'DR');
INSERT INTO "GAEA"."DEMO_TRAN_HIST" VALUES ('10', '10680878225242227722', '204430812', '20170517', '10.10', '1705170000000068', 'DR');
INSERT INTO "GAEA"."DEMO_TRAN_HIST" VALUES ('11', '67523615627101598055', '204430891', '20170517', '10.10', '1705170000000068', 'CR');
INSERT INTO "GAEA"."DEMO_TRAN_HIST" VALUES ('12', '10680878225242227722', '204705517', '20170517', '10.10', '1705170000000069', 'DR');
INSERT INTO "GAEA"."DEMO_TRAN_HIST" VALUES ('13', '67523615627101598055', '204705650', '20170517', '10.10', '1705170000000069', 'CR');
INSERT INTO "GAEA"."DEMO_TRAN_HIST" VALUES ('14', '10680878225242227722', '204726824', '20170517', '10.10', '1705170000000070', 'DR');
INSERT INTO "GAEA"."DEMO_TRAN_HIST" VALUES ('15', '67523615627101598055', '204755697', '20170517', '10.10', '1705170000000070', 'CR');
INSERT INTO "GAEA"."DEMO_TRAN_HIST" VALUES ('22', '10680878225242227722', '105606031', '20170517', '10.10', '1705180000000001', 'DR');
INSERT INTO "GAEA"."DEMO_TRAN_HIST" VALUES ('23', '67523615627101598055', '105606093', '20170517', '10.10', '1705180000000001', 'CR');
INSERT INTO "GAEA"."DEMO_TRAN_HIST" VALUES ('25', '10680878225242227722', '154002313', '20170517', '10', '1705180000000085', 'DR');
INSERT INTO "GAEA"."DEMO_TRAN_HIST" VALUES ('26', '67523615627101598055', '154002901', '20170517', '10', '1705180000000085', 'CR');
INSERT INTO "GAEA"."DEMO_TRAN_HIST" VALUES ('16', '10680878225242227722', '205233935', '20170517', '10.10', '1705170000000071', 'DR');
INSERT INTO "GAEA"."DEMO_TRAN_HIST" VALUES ('17', '67523615627101598055', '205234077', '20170517', '10.10', '1705170000000071', 'CR');
INSERT INTO "GAEA"."DEMO_TRAN_HIST" VALUES ('18', '10680878225242227722', '205751181', '20170517', '10.10', '1705170000000072', 'DR');
INSERT INTO "GAEA"."DEMO_TRAN_HIST" VALUES ('19', '67523615627101598055', '210258726', '20170517', '10.10', '1705170000000072', 'CR');
INSERT INTO "GAEA"."DEMO_TRAN_HIST" VALUES ('35', 'RB1000000001', '141717924', '20170510', '100', '1705200000000017', 'CR');

-- ----------------------------
-- Table structure for DM_EXCEL_COLUMN
-- ----------------------------
DROP TABLE "GAEA"."DM_EXCEL_COLUMN";
CREATE TABLE "GAEA"."DM_EXCEL_COLUMN" (
"COLUMN_NAME" VARCHAR2(32 CHAR) DEFAULT ''  NOT NULL ,
"COLUMN_TYPE" VARCHAR2(16 CHAR) DEFAULT NULL  NULL ,
"COLUMN_DESC" VARCHAR2(32 CHAR) DEFAULT NULL  NULL ,
"DATA_LENGTH" NUMBER DEFAULT NULL  NULL ,
"VALUE_METHOD" VARCHAR2(2 CHAR) DEFAULT NULL  NULL ,
"VALUE_SCORE" VARCHAR2(500 CHAR) DEFAULT NULL  NULL ,
"REF_TABLE" VARCHAR2(32 CHAR) DEFAULT NULL  NULL ,
"REF_COL" VARCHAR2(32 CHAR) DEFAULT NULL  NULL 
)
LOGGING
NOCOMPRESS
NOCACHE

;
COMMENT ON TABLE "GAEA"."DM_EXCEL_COLUMN" IS '参数平台列信息';
COMMENT ON COLUMN "GAEA"."DM_EXCEL_COLUMN"."COLUMN_NAME" IS '列名';
COMMENT ON COLUMN "GAEA"."DM_EXCEL_COLUMN"."COLUMN_TYPE" IS '字段类型';
COMMENT ON COLUMN "GAEA"."DM_EXCEL_COLUMN"."COLUMN_DESC" IS '字段描述';
COMMENT ON COLUMN "GAEA"."DM_EXCEL_COLUMN"."DATA_LENGTH" IS '数据长度';
COMMENT ON COLUMN "GAEA"."DM_EXCEL_COLUMN"."VALUE_METHOD" IS '显示类型';
COMMENT ON COLUMN "GAEA"."DM_EXCEL_COLUMN"."VALUE_SCORE" IS '固定备选';
COMMENT ON COLUMN "GAEA"."DM_EXCEL_COLUMN"."REF_TABLE" IS '自来表';
COMMENT ON COLUMN "GAEA"."DM_EXCEL_COLUMN"."REF_COL" IS '来自列';

-- ----------------------------
-- Records of DM_EXCEL_COLUMN
-- ----------------------------

-- ----------------------------
-- Table structure for DM_EXCEL_NAME_COL
-- ----------------------------
DROP TABLE "GAEA"."DM_EXCEL_NAME_COL";
CREATE TABLE "GAEA"."DM_EXCEL_NAME_COL" (
"TABLE_NAME" VARCHAR2(32 CHAR) NOT NULL ,
"COLUMN_NAME" VARCHAR2(32 CHAR) NOT NULL ,
"DATA_SCALE" NUMBER DEFAULT NULL  NULL ,
"IS_NULL" VARCHAR2(1 CHAR) DEFAULT NULL  NULL ,
"IS_PRIMARY" VARCHAR2(1 CHAR) DEFAULT NULL  NULL ,
"EDIT_LEVEL" NUMBER DEFAULT NULL  NULL ,
"IS_DOBULE_CHECK" VARCHAR2(1 CHAR) DEFAULT NULL  NULL ,
"IS_SHOW" VARCHAR2(1 CHAR) DEFAULT NULL  NULL 
)
LOGGING
NOCOMPRESS
NOCACHE

;
COMMENT ON TABLE "GAEA"."DM_EXCEL_NAME_COL" IS '参数平台表列间关系';
COMMENT ON COLUMN "GAEA"."DM_EXCEL_NAME_COL"."TABLE_NAME" IS '表名';
COMMENT ON COLUMN "GAEA"."DM_EXCEL_NAME_COL"."COLUMN_NAME" IS '列名';
COMMENT ON COLUMN "GAEA"."DM_EXCEL_NAME_COL"."IS_NULL" IS '是否空';
COMMENT ON COLUMN "GAEA"."DM_EXCEL_NAME_COL"."IS_PRIMARY" IS '是否主键';
COMMENT ON COLUMN "GAEA"."DM_EXCEL_NAME_COL"."IS_SHOW" IS '否是显示';

-- ----------------------------
-- Records of DM_EXCEL_NAME_COL
-- ----------------------------

-- ----------------------------
-- Table structure for DM_EXCEL_SELECT
-- ----------------------------
DROP TABLE "GAEA"."DM_EXCEL_SELECT";
CREATE TABLE "GAEA"."DM_EXCEL_SELECT" (
"TABLE_NAME" VARCHAR2(32 CHAR) NOT NULL ,
"SELECT1" VARCHAR2(32 CHAR) DEFAULT NULL  NULL ,
"SELECT2" VARCHAR2(32 CHAR) DEFAULT NULL  NULL ,
"SELECT3" VARCHAR2(32 CHAR) DEFAULT NULL  NULL 
)
LOGGING
NOCOMPRESS
NOCACHE

;
COMMENT ON TABLE "GAEA"."DM_EXCEL_SELECT" IS '参数平台需要查询的列';
COMMENT ON COLUMN "GAEA"."DM_EXCEL_SELECT"."TABLE_NAME" IS '表名字';
COMMENT ON COLUMN "GAEA"."DM_EXCEL_SELECT"."SELECT1" IS '条件1';
COMMENT ON COLUMN "GAEA"."DM_EXCEL_SELECT"."SELECT2" IS '条件2';
COMMENT ON COLUMN "GAEA"."DM_EXCEL_SELECT"."SELECT3" IS '条件3';

-- ----------------------------
-- Records of DM_EXCEL_SELECT
-- ----------------------------

-- ----------------------------
-- Table structure for DM_EXCEL_TABLE
-- ----------------------------
DROP TABLE "GAEA"."DM_EXCEL_TABLE";
CREATE TABLE "GAEA"."DM_EXCEL_TABLE" (
"TABLE_NAME" VARCHAR2(32 CHAR) NOT NULL ,
"TYPE" VARCHAR2(10 CHAR) NOT NULL ,
"MODULE" VARCHAR2(10 CHAR) NOT NULL ,
"TABLE_DESC" VARCHAR2(32 CHAR) DEFAULT NULL  NULL ,
"PROGRAM_ID" VARCHAR2(10 CHAR) DEFAULT NULL  NULL ,
"MSG_CODE" NUMBER DEFAULT NULL  NULL ,
"SYSTEM" VARCHAR2(32 CHAR) DEFAULT NULL  NULL ,
"SDATE" VARCHAR2(16 CHAR) DEFAULT NULL  NULL ,
"EDATE" VARCHAR2(16 CHAR) DEFAULT NULL  NULL ,
"APPROVE_LEVEL" NUMBER DEFAULT NULL  NULL ,
"DUTY_LEVEL" NUMBER DEFAULT NULL  NULL ,
"DEL_FLAG" VARCHAR2(1 CHAR) DEFAULT NULL  NULL 
)
LOGGING
NOCOMPRESS
NOCACHE

;
COMMENT ON TABLE "GAEA"."DM_EXCEL_TABLE" IS '参数平台表信息';
COMMENT ON COLUMN "GAEA"."DM_EXCEL_TABLE"."TABLE_NAME" IS '表名字';
COMMENT ON COLUMN "GAEA"."DM_EXCEL_TABLE"."TYPE" IS '表类型';
COMMENT ON COLUMN "GAEA"."DM_EXCEL_TABLE"."MODULE" IS '表模块';
COMMENT ON COLUMN "GAEA"."DM_EXCEL_TABLE"."TABLE_DESC" IS '表描述';
COMMENT ON COLUMN "GAEA"."DM_EXCEL_TABLE"."PROGRAM_ID" IS '计划ID';
COMMENT ON COLUMN "GAEA"."DM_EXCEL_TABLE"."MSG_CODE" IS '消息码';
COMMENT ON COLUMN "GAEA"."DM_EXCEL_TABLE"."SYSTEM" IS '表系统';
COMMENT ON COLUMN "GAEA"."DM_EXCEL_TABLE"."SDATE" IS '起始日期';
COMMENT ON COLUMN "GAEA"."DM_EXCEL_TABLE"."EDATE" IS '结束日期';
COMMENT ON COLUMN "GAEA"."DM_EXCEL_TABLE"."APPROVE_LEVEL" IS '限制等级';
COMMENT ON COLUMN "GAEA"."DM_EXCEL_TABLE"."DUTY_LEVEL" IS '责任等级';
COMMENT ON COLUMN "GAEA"."DM_EXCEL_TABLE"."DEL_FLAG" IS '是否可删';

-- ----------------------------
-- Records of DM_EXCEL_TABLE
-- ----------------------------

-- ----------------------------
-- Table structure for DTP_BRANCH
-- ----------------------------
DROP TABLE "GAEA"."DTP_BRANCH";
CREATE TABLE "GAEA"."DTP_BRANCH" (
"BXID" VARCHAR2(32 CHAR) NOT NULL ,
"PARENTBXID" VARCHAR2(32 CHAR) NULL ,
"TXID" VARCHAR2(32 CHAR) NOT NULL ,
"INDEXINBRANCH" NUMBER(11) DEFAULT '-1'  NOT NULL ,
"INDEXINTRUNK" NUMBER(11) DEFAULT '-1'  NOT NULL ,
"STATUS" VARCHAR2(20 CHAR) NOT NULL ,
"APPGROUP" VARCHAR2(50 CHAR) NOT NULL 
)
LOGGING
NOCOMPRESS
NOCACHE

;

-- ----------------------------
-- Records of DTP_BRANCH
-- ----------------------------

-- ----------------------------
-- Table structure for DTP_PREPARELOG
-- ----------------------------
DROP TABLE "GAEA"."DTP_PREPARELOG";
CREATE TABLE "GAEA"."DTP_PREPARELOG" (
"LOGID" VARCHAR2(32 CHAR) NOT NULL ,
"BXID" VARCHAR2(32 CHAR) NOT NULL ,
"TXID" VARCHAR2(32 CHAR) NOT NULL ,
"LOGINDEX" NUMBER(11) DEFAULT '-1'  NOT NULL ,
"CONTENT" BLOB NOT NULL ,
"STATUS" VARCHAR2(10 CHAR) NOT NULL 
)
LOGGING
NOCOMPRESS
NOCACHE

;

-- ----------------------------
-- Records of DTP_PREPARELOG
-- ----------------------------

-- ----------------------------
-- Table structure for DTP_RESOURCE
-- ----------------------------
DROP TABLE "GAEA"."DTP_RESOURCE";
CREATE TABLE "GAEA"."DTP_RESOURCE" (
"TABLENAME" VARCHAR2(32 CHAR) NOT NULL ,
"COLUMNNAME" VARCHAR2(32 CHAR) NOT NULL ,
"COLUMNVALUE" VARCHAR2(32 CHAR) NOT NULL ,
"TXID" VARCHAR2(32 CHAR) NOT NULL 
)
LOGGING
NOCOMPRESS
NOCACHE

;

-- ----------------------------
-- Records of DTP_RESOURCE
-- ----------------------------

-- ----------------------------
-- Table structure for DTP_SUBMITLOG
-- ----------------------------
DROP TABLE "GAEA"."DTP_SUBMITLOG";
CREATE TABLE "GAEA"."DTP_SUBMITLOG" (
"LOGID" VARCHAR2(32 CHAR) NOT NULL ,
"BXID" VARCHAR2(32 CHAR) NOT NULL ,
"TXID" VARCHAR2(32 CHAR) NOT NULL ,
"LOGINDEX" NUMBER(11) DEFAULT '-1'  NOT NULL ,
"CONTENT" BLOB NOT NULL ,
"STATUS" VARCHAR2(10 CHAR) NOT NULL 
)
LOGGING
NOCOMPRESS
NOCACHE

;

-- ----------------------------
-- Records of DTP_SUBMITLOG
-- ----------------------------

-- ----------------------------
-- Table structure for DTP_TRUNK
-- ----------------------------
DROP TABLE "GAEA"."DTP_TRUNK";
CREATE TABLE "GAEA"."DTP_TRUNK" (
"TXID" VARCHAR2(32 CHAR) NOT NULL ,
"NEEDORDER" VARCHAR2(8 CHAR) NOT NULL ,
"STATUS" VARCHAR2(20 CHAR) NOT NULL ,
"APPGROUP" VARCHAR2(50 CHAR) NOT NULL ,
"STARTTIME" NUMBER(32) DEFAULT '0'  NOT NULL 
)
LOGGING
NOCOMPRESS
NOCACHE

;

-- ----------------------------
-- Records of DTP_TRUNK
-- ----------------------------

-- ----------------------------
-- Table structure for FW_FLOW_DEF
-- ----------------------------
DROP TABLE "GAEA"."FW_FLOW_DEF";
CREATE TABLE "GAEA"."FW_FLOW_DEF" (
"FLOW_ID" VARCHAR2(30 CHAR) NULL ,
"FLOW_NAME" VARCHAR2(50 CHAR) NULL ,
"CREATETIME" VARCHAR2(20 CHAR) NULL ,
"CREATOR" VARCHAR2(20 CHAR) NULL ,
"EXEC_TYPE" VARCHAR2(20 CHAR) NULL ,
"RESUME_TYPE" VARCHAR2(20 CHAR) NULL ,
"SCRIPT" VARCHAR2(200 CHAR) NULL ,
"REVERSAL_TYPE" VARCHAR2(20 CHAR) NULL ,
"TIME_OUT" NUMBER(4) NULL ,
"TIMEOUT_DEAL" VARCHAR2(20 CHAR) NULL ,
"KEY_FIELDS" VARCHAR2(20 CHAR) NULL ,
"INIT_NUM" NUMBER(4) NULL ,
"LOG_FLAG" VARCHAR2(1 CHAR) NULL 
)
LOGGING
NOCOMPRESS
NOCACHE

;

-- ----------------------------
-- Records of FW_FLOW_DEF
-- ----------------------------

-- ----------------------------
-- Table structure for FW_FLOW_LINE
-- ----------------------------
DROP TABLE "GAEA"."FW_FLOW_LINE";
CREATE TABLE "GAEA"."FW_FLOW_LINE" (
"FLOW_ID" VARCHAR2(30 CHAR) NULL ,
"FROM_NODE" VARCHAR2(20 CHAR) NULL ,
"TO_NODE" VARCHAR2(20 CHAR) NULL ,
"EXPR" VARCHAR2(300 CHAR) NULL ,
"ID" VARCHAR2(20 CHAR) NULL ,
"TYPE" VARCHAR2(2 CHAR) NULL 
)
LOGGING
NOCOMPRESS
NOCACHE

;

-- ----------------------------
-- Records of FW_FLOW_LINE
-- ----------------------------

-- ----------------------------
-- Table structure for FW_FLOW_LOG
-- ----------------------------
DROP TABLE "GAEA"."FW_FLOW_LOG";
CREATE TABLE "GAEA"."FW_FLOW_LOG" (
"FLOW_ID" VARCHAR2(30 CHAR) NOT NULL ,
"KEY_VALUE" VARCHAR2(30 CHAR) NOT NULL ,
"BEGIN_TIME" NUMBER NULL ,
"END_TIME" NUMBER NULL ,
"STATUS" VARCHAR2(1 CHAR) NULL ,
"REVERSAL_STATUS" VARCHAR2(1 CHAR) NULL ,
"IN_MSG" CLOB NULL ,
"OUT_MSG" CLOB NULL ,
"AFTER_STATUS" VARCHAR2(1 CHAR) NULL ,
"APP_ID" VARCHAR2(50 CHAR) DEFAULT NULL  NULL ,
"MQ_ID" VARCHAR2(50 CHAR) NULL 
)
LOGGING
NOCOMPRESS
NOCACHE

;

-- ----------------------------
-- Records of FW_FLOW_LOG
-- ----------------------------

-- ----------------------------
-- Table structure for FW_FLOW_NODE
-- ----------------------------
DROP TABLE "GAEA"."FW_FLOW_NODE";
CREATE TABLE "GAEA"."FW_FLOW_NODE" (
"FLOW_ID" VARCHAR2(30 CHAR) NOT NULL ,
"NODE_ID" VARCHAR2(30 CHAR) NOT NULL ,
"NODE_DESC" VARCHAR2(50 CHAR) NULL ,
"NODE_TYPE" VARCHAR2(1 CHAR) NULL ,
"NODE_TOP" NUMBER(4) NULL ,
"NODE_LEFT" NUMBER(4) NULL ,
"NODE_WIDTH" NUMBER(4) NULL ,
"NODE_HEIGHT" NUMBER(4) NULL ,
"EXEC_TYPE" VARCHAR2(1 CHAR) NULL ,
"SYSTEM_ID" VARCHAR2(30 CHAR) NULL ,
"ERROR_DEAL" VARCHAR2(1 CHAR) NULL ,
"UNKNOW_DEAL" VARCHAR2(2 CHAR) NULL ,
"RETRY_CNT" NUMBER(4) NULL ,
"BEFORE_SCRIPT" VARCHAR2(20 CHAR) NULL ,
"AFTER_SCRIPT" VARCHAR2(20 CHAR) NULL ,
"MAPPER" VARCHAR2(30 CHAR) NULL ,
"LOOP_IDX" VARCHAR2(30 CHAR) NULL ,
"LOOP_EXPR" VARCHAR2(1000 CHAR) NULL 
)
LOGGING
NOCOMPRESS
NOCACHE

;

-- ----------------------------
-- Records of FW_FLOW_NODE
-- ----------------------------

-- ----------------------------
-- Table structure for FW_FLOW_NODE_LOG
-- ----------------------------
DROP TABLE "GAEA"."FW_FLOW_NODE_LOG";
CREATE TABLE "GAEA"."FW_FLOW_NODE_LOG" (
"FLOW_ID" VARCHAR2(30 CHAR) NOT NULL ,
"KEY_VALUE" VARCHAR2(100 CHAR) NOT NULL ,
"NODE_ID" VARCHAR2(30 CHAR) NOT NULL ,
"SEQ_NO" NUMBER NOT NULL ,
"BEGIN_TIME" NUMBER NULL ,
"END_TIME" NUMBER NULL ,
"STATUS" VARCHAR2(1 CHAR) NULL ,
"REVERSAL_STATUS" VARCHAR2(1 CHAR) NULL ,
"IN_MSG" CLOB NULL ,
"OUT_MSG" CLOB NULL ,
"CONFIRM_MSG" CLOB NULL ,
"REVERSAL_MSG" CLOB NULL 
)
LOGGING
NOCOMPRESS
NOCACHE

;

-- ----------------------------
-- Records of FW_FLOW_NODE_LOG
-- ----------------------------

-- ----------------------------
-- Table structure for FW_REVERSAL_TRAN
-- ----------------------------
DROP TABLE "GAEA"."FW_REVERSAL_TRAN";
CREATE TABLE "GAEA"."FW_REVERSAL_TRAN" (
"REVERSAL_ID" VARCHAR2(50 CHAR) NULL ,
"REVERSAL_ARGS" BLOB NULL ,
"TRAN_DATE" VARCHAR2(20 CHAR) NULL ,
"REVERSAL_DATE" VARCHAR2(20 CHAR) NULL ,
"MAX_REVERSAL_CNT" NUMBER NULL ,
"REVERSAL_CNT" NUMBER NULL ,
"REVERSAL_BEAN_ID" VARCHAR2(20 CHAR) NULL ,
"RET_CODE" VARCHAR2(20 CHAR) NULL ,
"RET_MSG" VARCHAR2(100 CHAR) NULL ,
"STATUS" VARCHAR2(1 BYTE) NULL 
)
LOGGING
NOCOMPRESS
NOCACHE

;

-- ----------------------------
-- Records of FW_REVERSAL_TRAN
-- ----------------------------

-- ----------------------------
-- Table structure for FW_SEQUENCES
-- ----------------------------
DROP TABLE "GAEA"."FW_SEQUENCES";
CREATE TABLE "GAEA"."FW_SEQUENCES" (
"SEQ_NAME" VARCHAR2(50 CHAR) NOT NULL ,
"SEQ_CURRENT_VALUE" NUMBER NOT NULL ,
"SEQ_MAX_VALUE" NUMBER DEFAULT 9999999999  NOT NULL ,
"SEQ_MIN_VALUE" NUMBER DEFAULT 1  NOT NULL ,
"SEQ_INCREMENT_BY" NUMBER DEFAULT 1  NOT NULL ,
"SEQ_CYCLE" VARCHAR2(1 CHAR) DEFAULT 'Y'  NOT NULL ,
"SEQ_CACHE" NUMBER DEFAULT 200  NOT NULL 
)
LOGGING
NOCOMPRESS
NOCACHE

;
COMMENT ON COLUMN "GAEA"."FW_SEQUENCES"."SEQ_NAME" IS '序列名称';
COMMENT ON COLUMN "GAEA"."FW_SEQUENCES"."SEQ_CURRENT_VALUE" IS '序列值';
COMMENT ON COLUMN "GAEA"."FW_SEQUENCES"."SEQ_MAX_VALUE" IS '最大序列值';
COMMENT ON COLUMN "GAEA"."FW_SEQUENCES"."SEQ_MIN_VALUE" IS '最小序列值';
COMMENT ON COLUMN "GAEA"."FW_SEQUENCES"."SEQ_INCREMENT_BY" IS '序列步长';
COMMENT ON COLUMN "GAEA"."FW_SEQUENCES"."SEQ_CYCLE" IS '是否周期序列';
COMMENT ON COLUMN "GAEA"."FW_SEQUENCES"."SEQ_CACHE" IS '缓存系列数';

-- ----------------------------
-- Records of FW_SEQUENCES
-- ----------------------------
INSERT INTO "GAEA"."FW_SEQUENCES" VALUES ('rbAcctUuid', '58', '9223372036854775807', '1', '1', 'Y', '200');
INSERT INTO "GAEA"."FW_SEQUENCES" VALUES ('fm.referenceSeq.20170509', '11', '9223372036854775807', '1', '1', 'Y', '200');
INSERT INTO "GAEA"."FW_SEQUENCES" VALUES ('fm.referenceSeq.20170510', '7', '9223372036854775807', '1', '1', 'Y', '200');
INSERT INTO "GAEA"."FW_SEQUENCES" VALUES ('fm.referenceSeq.20170520', '49', '9223372036854775807', '1', '1', 'Y', '200');
INSERT INTO "GAEA"."FW_SEQUENCES" VALUES ('fm.referenceSeq.20170521', '40', '9223372036854775807', '1', '1', 'Y', '200');
INSERT INTO "GAEA"."FW_SEQUENCES" VALUES ('fm.referenceSeq.20170522', '440', '9223372036854775807', '1', '1', 'Y', '200');
INSERT INTO "GAEA"."FW_SEQUENCES" VALUES ('fm.referenceSeq.20170523', '26', '9223372036854775807', '1', '1', 'Y', '200');
INSERT INTO "GAEA"."FW_SEQUENCES" VALUES ('fm.referenceSeq.20170526', '8', '9223372036854775807', '1', '1', 'Y', '200');
INSERT INTO "GAEA"."FW_SEQUENCES" VALUES ('fm.referenceSeq.20170609', '6', '9223372036854775807', '1', '1', 'Y', '200');
INSERT INTO "GAEA"."FW_SEQUENCES" VALUES ('fm.referenceSeq.20170515', '1', '9223372036854775807', '1', '1', 'Y', '200');
INSERT INTO "GAEA"."FW_SEQUENCES" VALUES ('fm.referenceSeq.20170517', '73', '9223372036854775807', '1', '1', 'Y', '200');
INSERT INTO "GAEA"."FW_SEQUENCES" VALUES ('fm.referenceSeq.20170518', '133', '9223372036854775807', '1', '1', 'Y', '200');
INSERT INTO "GAEA"."FW_SEQUENCES" VALUES ('fm.referenceSeq.20170519', '42', '9223372036854775807', '1', '1', 'Y', '200');
INSERT INTO "GAEA"."FW_SEQUENCES" VALUES ('fm.referenceSeq.20170525', '1', '9223372036854775807', '1', '1', 'Y', '200');
INSERT INTO "GAEA"."FW_SEQUENCES" VALUES ('fm.referenceSeq.20170610', '2', '9223372036854775807', '1', '1', 'Y', '200');
INSERT INTO "GAEA"."FW_SEQUENCES" VALUES ('tranSequences', '45', '9223372036854775807', '1', '1', 'Y', '200');
INSERT INTO "GAEA"."FW_SEQUENCES" VALUES ('fm.referenceSeq.20170608', '20', '9223372036854775807', '1', '1', 'Y', '200');
INSERT INTO "GAEA"."FW_SEQUENCES" VALUES ('fm.referenceSeq.20170613', '1', '9223372036854775807', '1', '1', 'Y', '200');

-- ----------------------------
-- Table structure for FW_TRAN_INFO
-- ----------------------------
DROP TABLE "GAEA"."FW_TRAN_INFO";
CREATE TABLE "GAEA"."FW_TRAN_INFO" (
"SERVICE_ID" VARCHAR2(100 CHAR) DEFAULT NULL  NULL ,
"KEY_VALUE" VARCHAR2(200 CHAR) DEFAULT NULL  NULL ,
"TRAN_DATE" VARCHAR2(20 CHAR) DEFAULT NULL  NULL ,
"TRAN_TIME" VARCHAR2(30 CHAR) DEFAULT NULL  NULL ,
"IN_MSG" CLOB NULL ,
"OUT_MSG" CLOB NULL ,
"END_TIME" VARCHAR2(30 CHAR) DEFAULT NULL  NULL ,
"BEAN_RESULT" BLOB NULL ,
"SOURCE_TYPE" VARCHAR2(2 CHAR) NULL ,
"SEQ_NO" VARCHAR2(50 CHAR) NULL ,
"PROGRAM_ID" VARCHAR2(10 CHAR) NULL ,
"STATUS" VARCHAR2(1 CHAR) NULL ,
"REFERENCE" VARCHAR2(50 CHAR) NULL ,
"PLATFORM_ID" VARCHAR2(32 CHAR) NULL ,
"USER_ID" VARCHAR2(30 CHAR) NULL ,
"IP_ADDRESS" VARCHAR2(30 CHAR) NULL ,
"BRANCH_ID" VARCHAR2(20 CHAR) NULL ,
"REVERSAL_KEY_VALUE" VARCHAR2(200 CHAR) NULL ,
"WEEK_DAY" NUMBER(1) NULL 
)
LOGGING
NOCOMPRESS
NOCACHE

;

-- ----------------------------
-- Records of FW_TRAN_INFO
-- ----------------------------

-- ----------------------------
-- Table structure for STATEINFO
-- ----------------------------
DROP TABLE "GAEA"."STATEINFO";
CREATE TABLE "GAEA"."STATEINFO" (
"ID" VARCHAR2(50 CHAR) NOT NULL 
)
LOGGING
NOCOMPRESS
NOCACHE

;

-- ----------------------------
-- Records of STATEINFO
-- ----------------------------

-- ----------------------------
-- Table structure for STRIA_FLOW
-- ----------------------------
DROP TABLE "GAEA"."STRIA_FLOW";
CREATE TABLE "GAEA"."STRIA_FLOW" (
"FLOWID" VARCHAR2(30 CHAR) NULL ,
"FLOW_TYPE" VARCHAR2(2 CHAR) NULL ,
"TITLE" VARCHAR2(50 CHAR) NULL ,
"INIT_NUM" NUMBER(4) NULL ,
"VERSION" VARCHAR2(10 CHAR) NULL ,
"STATE" NUMBER(1) NULL ,
"CREATETIME" VARCHAR2(20 CHAR) NULL ,
"CREATOR" VARCHAR2(20 CHAR) NULL ,
"DTP_FLAG" VARCHAR2(1 CHAR) NULL ,
"TIME_OUT" NUMBER(4) NULL ,
"PROD_TYPE" VARCHAR2(10 CHAR) NULL ,
"EVENT_TYPE" VARCHAR2(20 CHAR) NULL 
)
LOGGING
NOCOMPRESS
NOCACHE

;

-- ----------------------------
-- Records of STRIA_FLOW
-- ----------------------------
INSERT INTO "GAEA"."STRIA_FLOW" VALUES ('MBSD_GA-1200-0201-flow', '01', '产品类型维护（demo）', '18', '1', '1', '20170517 19:39:52', 'gaea', 'N', '-1', null, null);
INSERT INTO "GAEA"."STRIA_FLOW" VALUES ('MBSD_AS-1000-9104-flow', '01', '存款支取（demo）', '54', '1', '1', '20170509 03:20:44', 'admin', 'N', '-1', null, null);
INSERT INTO "GAEA"."STRIA_FLOW" VALUES ('MBSD_AS-1400-9101-flow', '01', '存款账户查询（demo）', '7', '1', '1', '20160708 13:53:38', 'admin', 'N', '-1', null, null);
INSERT INTO "GAEA"."STRIA_FLOW" VALUES ('MBSD_AS-1200-9102-flow', '01', '存款账户创建（demo）', '10', '1', '1', '20150928 14:44:22', 'Tim', 'N', '-1', null, null);
INSERT INTO "GAEA"."STRIA_FLOW" VALUES ('MBSD_AS-1000-9103-flow', '01', '存款存入（demo）', '10', '1', '1', '20150928 15:54:06', 'Tim', 'N', '-1', null, null);
INSERT INTO "GAEA"."STRIA_FLOW" VALUES ('MBSD_GA-1400-0101-flow', '01', '存款账户查询（demo）', '19', '1', '1', '20170609 21:03:16', 'gaea', 'N', '-1', null, null);
INSERT INTO "GAEA"."STRIA_FLOW" VALUES ('MBSD_GA-1000-0103-flow', '01', '存款存入（demo）', '10', '1', '0', '20170526 11:22:19', 'gaea', 'N', '-1', null, null);
INSERT INTO "GAEA"."STRIA_FLOW" VALUES ('MBSD_GA-1200-0102-flow', '01', '存款账户创建（demo）', '10', '1', '1', '20170518 11:17:35', 'gaea', 'N', '-1', null, null);
INSERT INTO "GAEA"."STRIA_FLOW" VALUES ('MBSD_GA-1400-0102-flow', '01', '交易流水查询（demo）', '7', '1', '1', '20170519 13:59:41', 'gaea', 'N', '-1', null, null);
INSERT INTO "GAEA"."STRIA_FLOW" VALUES ('MBSD_GA-1400-9998-flow', '01', '脚本更新', '7', '1', '1', '20170518 11:21:27', 'gaea', 'N', '-1', null, null);
INSERT INTO "GAEA"."STRIA_FLOW" VALUES ('MBSD_GA-1000-0104-flow', '01', '存款支取（demo）', '61', '1', '1', '20170517 14:26:36', 'gaea', 'N', '-1', null, null);
INSERT INTO "GAEA"."STRIA_FLOW" VALUES ('MBSD_GA-1000-0105-flow', '01', '存款转账（demo）', '31', '1', '1', '20170517 20:44:19', 'gaea', 'N', '-1', null, null);
INSERT INTO "GAEA"."STRIA_FLOW" VALUES ('MBSD_GA-1400-9999-flow', '01', '脚本执行', '9', '1', '1', '20170518 13:14:57', 'gaea', 'N', '-1', null, null);
INSERT INTO "GAEA"."STRIA_FLOW" VALUES ('MBSD_GA-1400-0000-flow', '01', '空服务（demo）', '7', '1', '1', '20170526 11:29:52', 'gaea', 'N', '1', null, null);

-- ----------------------------
-- Table structure for STRIA_FLOW_LINES
-- ----------------------------
DROP TABLE "GAEA"."STRIA_FLOW_LINES";
CREATE TABLE "GAEA"."STRIA_FLOW_LINES" (
"FLOWID" VARCHAR2(30 CHAR) NULL ,
"ID" VARCHAR2(30 CHAR) NULL ,
"NAME" VARCHAR2(50 CHAR) NULL ,
"TYPE" VARCHAR2(20 CHAR) NULL ,
"FROM_NODE" VARCHAR2(20 CHAR) NULL ,
"TO_NODE" VARCHAR2(20 CHAR) NULL ,
"EXPR" VARCHAR2(300 CHAR) NULL 
)
LOGGING
NOCOMPRESS
NOCACHE

;

-- ----------------------------
-- Records of STRIA_FLOW_LINES
-- ----------------------------
INSERT INTO "GAEA"."STRIA_FLOW_LINES" VALUES ('MBSD_GA-1200-0201-flow', 'stria_line_14', null, 'sl', 'stria_node_2', 'stria_node_13', null);
INSERT INTO "GAEA"."STRIA_FLOW_LINES" VALUES ('MBSD_GA-1200-0201-flow', 'stria_line_15', null, 'sl', 'stria_node_3', 'stria_node_13', null);
INSERT INTO "GAEA"."STRIA_FLOW_LINES" VALUES ('MBSD_GA-1200-0201-flow', 'stria_line_16', null, 'sl', 'stria_node_4', 'stria_node_13', null);
INSERT INTO "GAEA"."STRIA_FLOW_LINES" VALUES ('MBSD_GA-1200-0201-flow', 'stria_line_10', 'N', 'sl', 'stria_node_8', 'stria_node_2', 'body.flag == ''N''');
INSERT INTO "GAEA"."STRIA_FLOW_LINES" VALUES ('MBSD_GA-1200-0201-flow', 'stria_line_11', 'Q', 'sl', 'stria_node_8', 'stria_node_3', 'body.flag == ''Q''');
INSERT INTO "GAEA"."STRIA_FLOW_LINES" VALUES ('MBSD_GA-1200-0201-flow', 'stria_line_12', 'M', 'sl', 'stria_node_8', 'stria_node_4', 'body.flag == ''M''');
INSERT INTO "GAEA"."STRIA_FLOW_LINES" VALUES ('MBSD_GA-1200-0201-flow', 'stria_line_9', null, 'sl', 'stria_node_1', 'stria_node_8', null);
INSERT INTO "GAEA"."STRIA_FLOW_LINES" VALUES ('MBSD_AS-1000-9104-flow', 'stria_line_14', null, 'sl', 'stria_node_11', 'stria_node_10', null);
INSERT INTO "GAEA"."STRIA_FLOW_LINES" VALUES ('MBSD_AS-1000-9104-flow', 'stria_line_27', null, 'sl', 'stria_node_11', 'stria_node_29', null);
INSERT INTO "GAEA"."STRIA_FLOW_LINES" VALUES ('MBSD_AS-1000-9104-flow', 'stria_line_51', null, 'sl', 'stria_node_12', 'stria_node_4', null);
INSERT INTO "GAEA"."STRIA_FLOW_LINES" VALUES ('MBSD_AS-1000-9104-flow', 'stria_line_28', null, 'sl', 'stria_node_29', 'stria_node_12', null);
INSERT INTO "GAEA"."STRIA_FLOW_LINES" VALUES ('MBSD_AS-1000-9104-flow', 'stria_line_16', null, 'sl', 'stria_node_11', 'stria_node_7', null);
INSERT INTO "GAEA"."STRIA_FLOW_LINES" VALUES ('MBSD_AS-1000-9104-flow', 'stria_line_53', null, 'sl', 'stria_node_4', 'stria_node_2', null);
INSERT INTO "GAEA"."STRIA_FLOW_LINES" VALUES ('MBSD_AS-1000-9104-flow', 'stria_line_52', null, 'sl', 'stria_node_7', 'stria_node_12', null);
INSERT INTO "GAEA"."STRIA_FLOW_LINES" VALUES ('MBSD_AS-1000-9104-flow', 'stria_line_32', null, 'sl', 'stria_node_10', 'stria_node_12', null);
INSERT INTO "GAEA"."STRIA_FLOW_LINES" VALUES ('MBSD_AS-1000-9104-flow', 'stria_line_33', null, 'sl', 'stria_node_1', 'stria_node_11', null);
INSERT INTO "GAEA"."STRIA_FLOW_LINES" VALUES ('MBSD_AS-1400-9101-flow', 'stria_line_6', null, 'sl', 'stria_node_4', 'stria_node_2', null);
INSERT INTO "GAEA"."STRIA_FLOW_LINES" VALUES ('MBSD_AS-1400-9101-flow', 'stria_line_5', null, 'sl', 'stria_node_1', 'stria_node_4', null);
INSERT INTO "GAEA"."STRIA_FLOW_LINES" VALUES ('MBSD_AS-1200-9102-flow', 'stria_line_4', null, 'sl', 'stria_node_1', 'stria_node_7', null);
INSERT INTO "GAEA"."STRIA_FLOW_LINES" VALUES ('MBSD_AS-1200-9102-flow', 'stria_line_5', null, 'sl', 'stria_node_3', 'stria_node_2', null);
INSERT INTO "GAEA"."STRIA_FLOW_LINES" VALUES ('MBSD_AS-1200-9102-flow', 'stria_line_8', null, 'sl', 'stria_node_7', 'stria_node_3', null);
INSERT INTO "GAEA"."STRIA_FLOW_LINES" VALUES ('MBSD_AS-1000-9103-flow', 'stria_line_4', null, 'sl', 'stria_node_1', 'stria_node_7', null);
INSERT INTO "GAEA"."STRIA_FLOW_LINES" VALUES ('MBSD_AS-1000-9103-flow', 'stria_line_5', null, 'sl', 'stria_node_3', 'stria_node_2', null);
INSERT INTO "GAEA"."STRIA_FLOW_LINES" VALUES ('MBSD_AS-1000-9103-flow', 'stria_line_8', null, 'sl', 'stria_node_7', 'stria_node_3', null);
INSERT INTO "GAEA"."STRIA_FLOW_LINES" VALUES ('MBSD_GA-1400-0101-flow', 'stria_line_18', null, 'sl', 'stria_node_16', 'stria_node_2', null);
INSERT INTO "GAEA"."STRIA_FLOW_LINES" VALUES ('MBSD_GA-1400-0101-flow', 'stria_line_14', null, 'sl', 'stria_node_7', 'stria_node_2', null);
INSERT INTO "GAEA"."STRIA_FLOW_LINES" VALUES ('MBSD_GA-1400-0101-flow', 'stria_line_15', null, 'sl', 'stria_node_8', 'stria_node_2', null);
INSERT INTO "GAEA"."STRIA_FLOW_LINES" VALUES ('MBSD_GA-1400-0101-flow', 'stria_line_17', null, 'sl', 'stria_node_9', 'stria_node_16', 'body.queryFlag ==''04''');
INSERT INTO "GAEA"."STRIA_FLOW_LINES" VALUES ('MBSD_GA-1400-0101-flow', 'stria_line_6', null, 'sl', 'stria_node_4', 'stria_node_2', null);
INSERT INTO "GAEA"."STRIA_FLOW_LINES" VALUES ('MBSD_GA-1400-0101-flow', 'stria_line_11', null, 'sl', 'stria_node_1', 'stria_node_9', null);
INSERT INTO "GAEA"."STRIA_FLOW_LINES" VALUES ('MBSD_GA-1400-0101-flow', 'stria_line_5', null, 'sl', 'stria_node_9', 'stria_node_4', 'body.queryFlag == null or body.queryFlag == ''01''');
INSERT INTO "GAEA"."STRIA_FLOW_LINES" VALUES ('MBSD_GA-1400-0101-flow', 'stria_line_12', null, 'sl', 'stria_node_9', 'stria_node_7', 'body.queryFlag ==''02''');
INSERT INTO "GAEA"."STRIA_FLOW_LINES" VALUES ('MBSD_GA-1400-0101-flow', 'stria_line_13', null, 'sl', 'stria_node_9', 'stria_node_8', 'body.queryFlag ==''03''');
INSERT INTO "GAEA"."STRIA_FLOW_LINES" VALUES ('MBSD_GA-1000-0103-flow', 'stria_line_4', null, 'sl', 'stria_node_1', 'stria_node_7', null);
INSERT INTO "GAEA"."STRIA_FLOW_LINES" VALUES ('MBSD_GA-1000-0103-flow', 'stria_line_5', null, 'sl', 'stria_node_3', 'stria_node_2', null);
INSERT INTO "GAEA"."STRIA_FLOW_LINES" VALUES ('MBSD_GA-1000-0103-flow', 'stria_line_8', null, 'sl', 'stria_node_7', 'stria_node_3', null);
INSERT INTO "GAEA"."STRIA_FLOW_LINES" VALUES ('MBSD_GA-1200-0102-flow', 'stria_line_4', null, 'sl', 'stria_node_1', 'stria_node_3', null);
INSERT INTO "GAEA"."STRIA_FLOW_LINES" VALUES ('MBSD_GA-1200-0102-flow', 'stria_line_5', null, 'sl', 'stria_node_3', 'stria_node_2', null);
INSERT INTO "GAEA"."STRIA_FLOW_LINES" VALUES ('MBSD_GA-1400-0102-flow', 'stria_line_6', null, 'sl', 'stria_node_2', 'stria_node_4', null);
INSERT INTO "GAEA"."STRIA_FLOW_LINES" VALUES ('MBSD_GA-1400-0102-flow', 'stria_line_5', null, 'sl', 'stria_node_1', 'stria_node_2', null);
INSERT INTO "GAEA"."STRIA_FLOW_LINES" VALUES ('MBSD_GA-1400-9998-flow', 'stria_line_3', null, 'sl', 'stria_node_1', 'stria_node_2', null);
INSERT INTO "GAEA"."STRIA_FLOW_LINES" VALUES ('MBSD_GA-1400-9998-flow', 'stria_line_5', null, 'sl', 'stria_node_2', 'stria_node_4', null);
INSERT INTO "GAEA"."STRIA_FLOW_LINES" VALUES ('MBSD_GA-1000-0104-flow', 'stria_line_57', null, 'sl', 'stria_node_55', 'stria_node_54', 'body.acctPwd != null');
INSERT INTO "GAEA"."STRIA_FLOW_LINES" VALUES ('MBSD_GA-1000-0104-flow', 'stria_line_56', null, 'sl', 'stria_node_11', 'stria_node_55', null);
INSERT INTO "GAEA"."STRIA_FLOW_LINES" VALUES ('MBSD_GA-1000-0104-flow', 'stria_line_14', null, 'sl', 'stria_node_11', 'stria_node_10', null);
INSERT INTO "GAEA"."STRIA_FLOW_LINES" VALUES ('MBSD_GA-1000-0104-flow', 'stria_line_27', null, 'sl', 'stria_node_11', 'stria_node_29', null);
INSERT INTO "GAEA"."STRIA_FLOW_LINES" VALUES ('MBSD_GA-1000-0104-flow', 'stria_line_51', null, 'sl', 'stria_node_12', 'stria_node_4', null);
INSERT INTO "GAEA"."STRIA_FLOW_LINES" VALUES ('MBSD_GA-1000-0104-flow', 'stria_line_28', null, 'sl', 'stria_node_29', 'stria_node_12', null);
INSERT INTO "GAEA"."STRIA_FLOW_LINES" VALUES ('MBSD_GA-1000-0104-flow', 'stria_line_16', null, 'sl', 'stria_node_11', 'stria_node_7', null);
INSERT INTO "GAEA"."STRIA_FLOW_LINES" VALUES ('MBSD_GA-1000-0104-flow', 'stria_line_53', null, 'sl', 'stria_node_4', 'stria_node_2', null);
INSERT INTO "GAEA"."STRIA_FLOW_LINES" VALUES ('MBSD_GA-1000-0104-flow', 'stria_line_52', null, 'sl', 'stria_node_7', 'stria_node_12', null);
INSERT INTO "GAEA"."STRIA_FLOW_LINES" VALUES ('MBSD_GA-1000-0104-flow', 'stria_line_59', null, 'sl', 'stria_node_54', 'stria_node_12', null);
INSERT INTO "GAEA"."STRIA_FLOW_LINES" VALUES ('MBSD_GA-1000-0104-flow', 'stria_line_32', null, 'sl', 'stria_node_10', 'stria_node_12', null);
INSERT INTO "GAEA"."STRIA_FLOW_LINES" VALUES ('MBSD_GA-1000-0104-flow', 'stria_line_58', null, 'sl', 'stria_node_55', 'stria_node_12', 'body.acctPwd == null');
INSERT INTO "GAEA"."STRIA_FLOW_LINES" VALUES ('MBSD_GA-1000-0104-flow', 'stria_line_33', null, 'sl', 'stria_node_1', 'stria_node_11', null);
INSERT INTO "GAEA"."STRIA_FLOW_LINES" VALUES ('MBSD_GA-1000-0105-flow', 'stria_line_18', '有密码', 'sl', 'stria_node_16', 'stria_node_5', 'body.acctPwd != null');
INSERT INTO "GAEA"."STRIA_FLOW_LINES" VALUES ('MBSD_GA-1000-0105-flow', 'stria_line_19', '没密码', 'sl', 'stria_node_16', 'stria_node_13', 'body.acctPwd == null');
INSERT INTO "GAEA"."STRIA_FLOW_LINES" VALUES ('MBSD_GA-1000-0105-flow', 'stria_line_29', null, 'sl', 'stria_node_9', 'stria_node_11', null);
INSERT INTO "GAEA"."STRIA_FLOW_LINES" VALUES ('MBSD_GA-1000-0105-flow', 'stria_line_14', null, 'sl', 'stria_node_1', 'stria_node_12', null);
INSERT INTO "GAEA"."STRIA_FLOW_LINES" VALUES ('MBSD_GA-1000-0105-flow', 'stria_line_27', null, 'sl', 'stria_node_7', 'stria_node_13', null);
INSERT INTO "GAEA"."STRIA_FLOW_LINES" VALUES ('MBSD_GA-1000-0105-flow', 'stria_line_28', null, 'sl', 'stria_node_3', 'stria_node_9', null);
INSERT INTO "GAEA"."STRIA_FLOW_LINES" VALUES ('MBSD_GA-1000-0105-flow', 'stria_line_15', null, 'sl', 'stria_node_12', 'stria_node_4', null);
INSERT INTO "GAEA"."STRIA_FLOW_LINES" VALUES ('MBSD_GA-1000-0105-flow', 'stria_line_25', null, 'sl', 'stria_node_12', 'stria_node_6', null);
INSERT INTO "GAEA"."STRIA_FLOW_LINES" VALUES ('MBSD_GA-1000-0105-flow', 'stria_line_17', null, 'sl', 'stria_node_12', 'stria_node_16', null);
INSERT INTO "GAEA"."STRIA_FLOW_LINES" VALUES ('MBSD_GA-1000-0105-flow', 'stria_line_26', null, 'sl', 'stria_node_13', 'stria_node_3', null);
INSERT INTO "GAEA"."STRIA_FLOW_LINES" VALUES ('MBSD_GA-1000-0105-flow', 'stria_line_24', null, 'sl', 'stria_node_12', 'stria_node_7', null);
INSERT INTO "GAEA"."STRIA_FLOW_LINES" VALUES ('MBSD_GA-1000-0105-flow', 'stria_line_21', null, 'sl', 'stria_node_5', 'stria_node_13', null);
INSERT INTO "GAEA"."STRIA_FLOW_LINES" VALUES ('MBSD_GA-1000-0105-flow', 'stria_line_30', null, 'sl', 'stria_node_11', 'stria_node_2', null);
INSERT INTO "GAEA"."STRIA_FLOW_LINES" VALUES ('MBSD_GA-1000-0105-flow', 'stria_line_22', null, 'sl', 'stria_node_6', 'stria_node_13', null);
INSERT INTO "GAEA"."STRIA_FLOW_LINES" VALUES ('MBSD_GA-1000-0105-flow', 'stria_line_20', null, 'sl', 'stria_node_4', 'stria_node_13', null);
INSERT INTO "GAEA"."STRIA_FLOW_LINES" VALUES ('MBSD_GA-1400-0000-flow', 'stria_line_5', null, 'sl', 'stria_node_1', 'stria_node_2', null);
INSERT INTO "GAEA"."STRIA_FLOW_LINES" VALUES ('MBSD_GA-1400-9999-flow', 'stria_line_8', null, 'sl', 'stria_node_6', 'stria_node_5', null);
INSERT INTO "GAEA"."STRIA_FLOW_LINES" VALUES ('MBSD_GA-1400-9999-flow', 'stria_line_7', null, 'sl', 'stria_node_4', 'stria_node_6', null);
INSERT INTO "GAEA"."STRIA_FLOW_LINES" VALUES ('MBSD_GA-1400-0000-flow', 'stria_line_6', null, 'sl', 'stria_node_2', 'stria_node_4', null);

-- ----------------------------
-- Table structure for STRIA_FLOW_NODES
-- ----------------------------
DROP TABLE "GAEA"."STRIA_FLOW_NODES";
CREATE TABLE "GAEA"."STRIA_FLOW_NODES" (
"FLOWID" VARCHAR2(30 CHAR) NOT NULL ,
"ID" VARCHAR2(30 CHAR) NOT NULL ,
"NAME" VARCHAR2(50 CHAR) NOT NULL ,
"TYPE" VARCHAR2(20 CHAR) NOT NULL ,
"CANVAS_TOP" NUMBER(4) NULL ,
"CANVAS_LEFT" NUMBER(4) NULL ,
"DIV_WIDTH" NUMBER(4) NULL ,
"DIV_HEIGHT" NUMBER(4) NULL ,
"SOURCE_TYPE" VARCHAR2(50 CHAR) NULL ,
"SERVICE_TYPE" VARCHAR2(20 CHAR) NULL ,
"CLAZZ" VARCHAR2(300 CHAR) NULL ,
"METHOD_NAME" VARCHAR2(30 CHAR) NULL ,
"ARGS" VARCHAR2(300 CHAR) NULL ,
"ARGS_CLAZZ" VARCHAR2(300 CHAR) NULL ,
"VAR" VARCHAR2(20 CHAR) NULL ,
"SUB_CONDITION" VARCHAR2(300 CHAR) NULL ,
"REQUEST" VARCHAR2(20 CHAR) NULL ,
"SERVICE_CODE" VARCHAR2(20 CHAR) NULL ,
"MESSAGE_TYPE" VARCHAR2(4 CHAR) NULL ,
"MESSAGE_CODE" VARCHAR2(4 CHAR) NULL ,
"EVENT_ID" VARCHAR2(30 CHAR) NULL 
)
LOGGING
NOCOMPRESS
NOCACHE

;

-- ----------------------------
-- Records of STRIA_FLOW_NODES
-- ----------------------------
INSERT INTO "GAEA"."STRIA_FLOW_NODES" VALUES ('MBSD_GA-1200-0201-flow', 'stria_node_8', '判读操作类型', 'chat round', '120', '222', '24', '24', null, null, null, null, null, null, null, null, null, null, null, null, null);
INSERT INTO "GAEA"."STRIA_FLOW_NODES" VALUES ('MBSD_GA-1200-0201-flow', 'stria_node_13', '结束', 'end round', '126', '604', '24', '24', null, null, null, null, null, null, null, null, null, null, null, null, null);
INSERT INTO "GAEA"."STRIA_FLOW_NODES" VALUES ('MBSD_GA-1200-0201-flow', 'stria_node_2', '新增产品', 'atom', '39', '343', '120', '24', 'all', 'SPRING BEAN', 'com.dcits.gaea.online.service.ga.Ga12000201', 'createProd', 'body.prodType|body.prodDesc', 'String|String', null, null, null, null, null, null, null);
INSERT INTO "GAEA"."STRIA_FLOW_NODES" VALUES ('MBSD_GA-1200-0201-flow', 'stria_node_1', '开始', 'start round', '121', '122', '24', '24', null, null, null, null, null, null, null, null, null, null, null, null, null);
INSERT INTO "GAEA"."STRIA_FLOW_NODES" VALUES ('MBSD_GA-1200-0201-flow', 'stria_node_4', '修改产品描述', 'atom', '215', '357', '120', '24', 'all', 'SPRING BEAN', 'com.dcits.gaea.online.service.ga.Ga12000201', 'updateProdDesc', 'body.prodType|body.prodDesc', 'String|String', null, null, null, null, null, null, null);
INSERT INTO "GAEA"."STRIA_FLOW_NODES" VALUES ('MBSD_GA-1200-0201-flow', 'stria_node_3', '产品查询', 'atom', '121', '355', '120', '24', 'all', 'SPRING BEAN', 'com.dcits.gaea.online.service.ga.Ga12000201', 'queryProdDesc', 'body.prodType', 'String', null, null, null, null, null, null, null);
INSERT INTO "GAEA"."STRIA_FLOW_NODES" VALUES ('MBSD_AS-1000-9104-flow', 'stria_node_7', '余额检查', 'check', '145', '343', '120', '24', 'all', 'RPC SERVICE API', 'com.dcits.aries.api.inner.ICommonCheck', 'checkAcctBal', 'body.acctNo|body.bal', 'String|BigDecimal', null, null, null, null, null, null, null);
INSERT INTO "GAEA"."STRIA_FLOW_NODES" VALUES ('MBSD_AS-1000-9104-flow', 'stria_node_29', '账户检查', 'check', '65', '342', '120', '24', 'all', 'RPC SERVICE API', 'com.dcits.aries.api.inner.ICommonCheck', 'checkAcctNo', 'body.acctNo', 'String', null, null, null, null, null, null, null);
INSERT INTO "GAEA"."STRIA_FLOW_NODES" VALUES ('MBSD_AS-1000-9104-flow', 'stria_node_12', '合并', 'join round', '150', '568', '24', '24', null, null, null, null, null, null, null, null, null, null, null, null, null);
INSERT INTO "GAEA"."STRIA_FLOW_NODES" VALUES ('MBSD_AS-1000-9104-flow', 'stria_node_11', '分派', 'fork round', '139', '203', '24', '24', null, null, null, null, null, null, null, null, null, null, null, null, null);
INSERT INTO "GAEA"."STRIA_FLOW_NODES" VALUES ('MBSD_AS-1000-9104-flow', 'stria_node_2', '结束', 'end round', '148', '882', '24', '24', null, null, null, null, null, null, null, null, null, null, null, null, null);
INSERT INTO "GAEA"."STRIA_FLOW_NODES" VALUES ('MBSD_AS-1000-9104-flow', 'stria_node_1', '开始', 'start round', '137', '109', '24', '24', null, null, null, null, null, null, null, null, null, null, null, null, null);
INSERT INTO "GAEA"."STRIA_FLOW_NODES" VALUES ('MBSD_AS-1000-9104-flow', 'stria_node_10', '资源锁定', 'check', '225', '343', '120', '24', 'all', 'RPC SERVICE API', 'com.dcits.aries.api.inner.ICommonCheck', 'checkResource', 'body.acctNo', 'String', null, null, null, null, null, null, null);
INSERT INTO "GAEA"."STRIA_FLOW_NODES" VALUES ('MBSD_AS-1000-9104-flow', 'stria_node_4', '支取', 'atom', '150', '666', '120', '24', 'all', 'SPRING BEAN', 'com.dcits.aries.online.service.ga.Ga10009104', 'withdraw', 'body.acctNo|body.bal', 'String|BigDecimal', null, null, null, null, null, null, null);
INSERT INTO "GAEA"."STRIA_FLOW_NODES" VALUES ('MBSD_AS-1400-9101-flow', 'stria_node_1', '开始', 'start round', '129', '85', '24', '24', null, null, null, null, null, null, null, null, null, null, null, null, null);
INSERT INTO "GAEA"."STRIA_FLOW_NODES" VALUES ('MBSD_AS-1400-9101-flow', 'stria_node_4', '账户信息查询', 'atom', '131', '181', '120', '24', 'all', 'SPRING BEAN', 'com.dcits.aries.online.service.ga.Ga14009101', 'getAcct', 'body.acctNo', 'String', null, null, null, null, null, null, null);
INSERT INTO "GAEA"."STRIA_FLOW_NODES" VALUES ('MBSD_AS-1400-9101-flow', 'stria_node_2', '结束', 'end round', '126', '351', '24', '24', null, null, null, null, null, null, null, null, null, null, null, null, null);
INSERT INTO "GAEA"."STRIA_FLOW_NODES" VALUES ('MBSD_AS-1200-9102-flow', 'stria_node_1', '开始', 'start round', '141', '142', '24', '24', null, null, null, null, null, null, null, null, null, null, null, null, null);
INSERT INTO "GAEA"."STRIA_FLOW_NODES" VALUES ('MBSD_AS-1200-9102-flow', 'stria_node_2', '结束', 'end round', '140', '597', '24', '24', null, null, null, null, null, null, null, null, null, null, null, null, null);
INSERT INTO "GAEA"."STRIA_FLOW_NODES" VALUES ('MBSD_AS-1200-9102-flow', 'stria_node_3', '账户创建', 'atom', '142', '440', '100', '24', 'all', 'SPRING BEAN', 'com.dcits.aries.online.service.ga.Ga12009102', 'createAcct', 'body.acctName', 'String', null, null, null, null, null, null, null);
INSERT INTO "GAEA"."STRIA_FLOW_NODES" VALUES ('MBSD_AS-1200-9102-flow', 'stria_node_7', '检查账户名是否存在', 'check', '140', '219', '135', '25', 'all', 'RPC SERVICE API', 'com.dcits.aries.api.inner.ICommonCheck', 'checkAcctName', 'body.acctName', 'String', null, null, null, null, null, null, null);
INSERT INTO "GAEA"."STRIA_FLOW_NODES" VALUES ('MBSD_AS-1000-9103-flow', 'stria_node_1', '开始', 'start round', '123', '99', '24', '24', null, null, null, null, null, null, null, null, null, null, null, null, null);
INSERT INTO "GAEA"."STRIA_FLOW_NODES" VALUES ('MBSD_AS-1000-9103-flow', 'stria_node_2', '结束', 'end round', '123', '623', '24', '24', null, null, null, null, null, null, null, null, null, null, null, null, null);
INSERT INTO "GAEA"."STRIA_FLOW_NODES" VALUES ('MBSD_AS-1000-9103-flow', 'stria_node_3', '存入', 'atom', '123', '427', '100', '24', 'all', 'SPRING BEAN', 'com.dcits.aries.online.service.ga.Ga10009103', 'deposit', 'body.acctNo|body.bal', 'String|BigDecimal', null, null, null, null, null, null, null);
INSERT INTO "GAEA"."STRIA_FLOW_NODES" VALUES ('MBSD_AS-1000-9103-flow', 'stria_node_7', '资源锁定', 'check', '124', '223', '100', '24', 'all', 'RPC SERVICE API', 'com.dcits.aries.api.inner.ICommonCheck', 'checkResource', 'body.acctNo', 'String', null, null, null, null, null, null, null);
INSERT INTO "GAEA"."STRIA_FLOW_NODES" VALUES ('MBSD_GA-1400-0101-flow', 'stria_node_7', '通过RPC方式调用10000103服务', 'atom', '170', '337', '120', '36', 'all', 'SPRING BEAN', 'com.dcits.gaea.online.service.ga.Ga14000101', 'getExtQuery', 'body.acctNo', 'String', null, null, null, null, null, null, null);
INSERT INTO "GAEA"."STRIA_FLOW_NODES" VALUES ('MBSD_GA-1400-0101-flow', 'stria_node_8', '通过HTTP方式调用10000103服务', 'atom', '235', '340', '120', '36', 'all', 'SPRING BEAN', 'com.dcits.gaea.online.service.ga.Ga14000101', 'getExtQuery2', 'body.acctNo', 'String', null, null, null, null, null, null, null);
INSERT INTO "GAEA"."STRIA_FLOW_NODES" VALUES ('MBSD_GA-1400-0101-flow', 'stria_node_16', '返回List结果', 'atom', '311', '337', '118', '22', 'all', 'SPRING BEAN', 'com.dcits.gaea.online.service.ga.Ga14000101', 'getExtQuery3', null, null, null, null, null, null, null, null, null);
INSERT INTO "GAEA"."STRIA_FLOW_NODES" VALUES ('MBSD_GA-1400-0101-flow', 'stria_node_9', '决策', 'chat round', '177', '196', '24', '24', null, null, null, null, null, null, null, null, null, null, null, null, null);
INSERT INTO "GAEA"."STRIA_FLOW_NODES" VALUES ('MBSD_GA-1400-0101-flow', 'stria_node_2', '结束', 'end round', '173', '571', '24', '24', null, null, null, null, null, null, null, null, null, null, null, null, null);
INSERT INTO "GAEA"."STRIA_FLOW_NODES" VALUES ('MBSD_GA-1400-0101-flow', 'stria_node_1', '开始', 'start round', '180', '108', '24', '24', null, null, null, null, null, null, null, null, null, null, null, null, null);
INSERT INTO "GAEA"."STRIA_FLOW_NODES" VALUES ('MBSD_GA-1400-0101-flow', 'stria_node_4', '账户信息查询', 'atom', '106', '335', '120', '24', 'all', 'SPRING BEAN', 'com.dcits.gaea.online.service.ga.Ga14000101', 'getAcct', 'body.acctNo', 'String', null, null, null, null, null, null, null);
INSERT INTO "GAEA"."STRIA_FLOW_NODES" VALUES ('MBSD_GA-1000-0103-flow', 'stria_node_7', '资源锁定', 'check', '124', '223', '120', '24', 'all', 'RPC SERVICE API', 'com.dcits.gaea.api.inner.ICommonCheck', 'checkResource', 'body.acctNo', 'String', null, null, null, null, null, null, null);
INSERT INTO "GAEA"."STRIA_FLOW_NODES" VALUES ('MBSD_GA-1000-0103-flow', 'stria_node_2', '结束', 'end round', '123', '623', '24', '24', null, null, null, null, null, null, null, null, null, null, null, null, null);
INSERT INTO "GAEA"."STRIA_FLOW_NODES" VALUES ('MBSD_GA-1000-0103-flow', 'stria_node_1', '开始', 'start round', '123', '99', '24', '24', null, null, null, null, null, null, null, null, null, null, null, null, null);
INSERT INTO "GAEA"."STRIA_FLOW_NODES" VALUES ('MBSD_GA-1000-0103-flow', 'stria_node_3', '存入', 'atom', '123', '427', '120', '24', 'all', 'SPRING BEAN', 'com.dcits.gaea.online.service.ga.Ga10000103', 'deposit', 'body.acctNo|body.bal', 'String|BigDecimal', null, null, null, null, null, null, null);
INSERT INTO "GAEA"."STRIA_FLOW_NODES" VALUES ('MBSD_GA-1200-0102-flow', 'stria_node_7', '检查账户名是否存在', 'check', '23', '227', '135', '25', 'all', 'RPC SERVICE API', 'com.dcits.gaea.api.inner.ICommonCheck', 'checkAcctName', 'body.acctName', 'String', null, null, null, null, null, null, null);
INSERT INTO "GAEA"."STRIA_FLOW_NODES" VALUES ('MBSD_GA-1200-0102-flow', 'stria_node_2', '结束', 'end round', '140', '597', '24', '24', null, null, null, null, null, null, null, null, null, null, null, null, null);
INSERT INTO "GAEA"."STRIA_FLOW_NODES" VALUES ('MBSD_GA-1200-0102-flow', 'stria_node_1', '开始', 'start round', '141', '142', '24', '24', null, null, null, null, null, null, null, null, null, null, null, null, null);
INSERT INTO "GAEA"."STRIA_FLOW_NODES" VALUES ('MBSD_GA-1200-0102-flow', 'stria_node_3', '账户创建', 'atom', '142', '440', '120', '24', 'all', 'SPRING BEAN', 'com.dcits.gaea.online.service.ga.Ga12000102', 'createAcct', 'body.acctName', 'String', null, null, null, null, null, null, null);
INSERT INTO "GAEA"."STRIA_FLOW_NODES" VALUES ('MBSD_GA-1400-0102-flow', 'stria_node_2', '交易流水查询', 'atom', '182', '332', '120', '24', 'all', 'SPRING BEAN', 'com.dcits.gaea.online.service.ga.Ga14000102', 'getTranHist', 'body.acctNo|body.startDate|body.endDate', 'String|String|String', null, null, null, null, null, null, null);
INSERT INTO "GAEA"."STRIA_FLOW_NODES" VALUES ('MBSD_GA-1400-0102-flow', 'stria_node_1', '开始', 'start round', '179', '202', '24', '24', null, null, null, null, null, null, null, null, null, null, null, null, null);
INSERT INTO "GAEA"."STRIA_FLOW_NODES" VALUES ('MBSD_GA-1400-0102-flow', 'stria_node_4', '结束', 'end round', '180', '566', '24', '24', null, null, null, null, null, null, null, null, null, null, null, null, null);
INSERT INTO "GAEA"."STRIA_FLOW_NODES" VALUES ('MBSD_GA-1400-9998-flow', 'stria_node_2', '脚本更新', 'atom', '149', '319', '120', '24', 'all', 'SPRING BEAN', 'com.dcits.gaea.online.service.ga.Ga14009998', 'updateScript', 'body.scriptNo|body.scriptBody', 'String|String', null, null, null, null, null, null, null);
INSERT INTO "GAEA"."STRIA_FLOW_NODES" VALUES ('MBSD_GA-1400-9998-flow', 'stria_node_1', '开始', 'start round', '154', '189', '24', '24', null, null, null, null, null, null, null, null, null, null, null, null, null);
INSERT INTO "GAEA"."STRIA_FLOW_NODES" VALUES ('MBSD_GA-1400-9998-flow', 'stria_node_4', '结束', 'end round', '153', '547', '24', '24', null, null, null, null, null, null, null, null, null, null, null, null, null);
INSERT INTO "GAEA"."STRIA_FLOW_NODES" VALUES ('MBSD_GA-1000-0104-flow', 'stria_node_7', '余额检查', 'check', '145', '343', '120', '24', 'all', 'RPC SERVICE API', 'com.dcits.gaea.api.inner.ICommonCheck', 'checkAcctBal', 'body.acctNo|body.bal', 'String|BigDecimal', null, null, null, null, null, null, null);
INSERT INTO "GAEA"."STRIA_FLOW_NODES" VALUES ('MBSD_GA-1000-0104-flow', 'stria_node_29', '账户检查', 'check', '65', '342', '120', '24', 'all', 'RPC SERVICE API', 'com.dcits.gaea.api.inner.ICommonCheck', 'checkAcctNo', 'body.acctNo', 'String', null, null, null, null, null, null, null);
INSERT INTO "GAEA"."STRIA_FLOW_NODES" VALUES ('MBSD_GA-1000-0104-flow', 'stria_node_54', '检查账户密码', 'check', '367', '348', '119', '23', 'all', 'RPC SERVICE API', 'com.dcits.gaea.api.inner.ICommonCheck', 'checkAcctPwd', 'body.acctNo|body.acctPwd', 'String|String', null, null, null, null, null, null, null);
INSERT INTO "GAEA"."STRIA_FLOW_NODES" VALUES ('MBSD_GA-1000-0104-flow', 'stria_node_55', '是否上送密码', 'chat round', '298', '393', '24', '24', null, null, null, null, null, null, null, null, null, null, null, null, null);
INSERT INTO "GAEA"."STRIA_FLOW_NODES" VALUES ('MBSD_GA-1000-0104-flow', 'stria_node_12', '合并', 'join round', '150', '568', '24', '24', null, null, null, null, null, null, null, null, null, null, null, null, null);
INSERT INTO "GAEA"."STRIA_FLOW_NODES" VALUES ('MBSD_GA-1000-0104-flow', 'stria_node_11', '分派', 'fork round', '139', '203', '24', '24', null, null, null, null, null, null, null, null, null, null, null, null, null);
INSERT INTO "GAEA"."STRIA_FLOW_NODES" VALUES ('MBSD_GA-1000-0104-flow', 'stria_node_2', '结束', 'end round', '148', '882', '24', '24', null, null, null, null, null, null, null, null, null, null, null, null, null);
INSERT INTO "GAEA"."STRIA_FLOW_NODES" VALUES ('MBSD_GA-1000-0104-flow', 'stria_node_1', '开始', 'start round', '137', '109', '24', '24', null, null, null, null, null, null, null, null, null, null, null, null, null);
INSERT INTO "GAEA"."STRIA_FLOW_NODES" VALUES ('MBSD_GA-1000-0104-flow', 'stria_node_10', '资源锁定', 'check', '225', '343', '120', '24', 'all', 'RPC SERVICE API', 'com.dcits.gaea.api.inner.ICommonCheck', 'checkResource', 'body.acctNo', 'String', null, null, null, null, null, null, null);
INSERT INTO "GAEA"."STRIA_FLOW_NODES" VALUES ('MBSD_GA-1000-0104-flow', 'stria_node_4', '支取', 'atom', '150', '666', '120', '24', 'all', 'SPRING BEAN', 'com.dcits.gaea.online.service.ga.Ga10000104', 'withdraw', 'body.acctNo|body.bal', 'String|BigDecimal', null, null, null, null, null, null, null);
INSERT INTO "GAEA"."STRIA_FLOW_NODES" VALUES ('MBSD_GA-1000-0105-flow', 'stria_node_7', '转入账户检查', 'check', '288', '238', '120', '24', 'all', 'RPC SERVICE API', 'com.dcits.gaea.api.inner.ICommonCheck', 'checkAcctNo', 'body.depAcctNo', 'String', null, null, null, null, null, null, null);
INSERT INTO "GAEA"."STRIA_FLOW_NODES" VALUES ('MBSD_GA-1000-0105-flow', 'stria_node_16', '密码检查判断', 'chat round', '130', '171', '24', '24', null, null, null, null, null, null, null, null, null, null, null, null, null);
INSERT INTO "GAEA"."STRIA_FLOW_NODES" VALUES ('MBSD_GA-1000-0105-flow', 'stria_node_9', '转入', 'atom', '203', '512', '120', '24', 'all', 'SPRING BEAN', 'com.dcits.gaea.online.service.inner.TranManager', 'depTran', 'body.depAcctNo|body.bal', 'String|BigDecimal', null, null, null, null, null, null, null);
INSERT INTO "GAEA"."STRIA_FLOW_NODES" VALUES ('MBSD_GA-1000-0105-flow', 'stria_node_13', '合并', 'join round', '129', '423', '24', '24', null, null, null, null, null, null, null, null, null, null, null, null, null);
INSERT INTO "GAEA"."STRIA_FLOW_NODES" VALUES ('MBSD_GA-1000-0105-flow', 'stria_node_12', '分派', 'fork round', '127', '91', '24', '24', null, null, null, null, null, null, null, null, null, null, null, null, null);
INSERT INTO "GAEA"."STRIA_FLOW_NODES" VALUES ('MBSD_GA-1000-0105-flow', 'stria_node_11', '输出', 'atom', '199', '714', '120', '24', 'all', 'SPRING BEAN', 'com.dcits.gaea.online.service.ga.Ga10000105', 'out', '#wtdOut', 'com.dcits.gaea.model.ga.Ga10000105Out', null, null, null, null, null, null, null);
INSERT INTO "GAEA"."STRIA_FLOW_NODES" VALUES ('MBSD_GA-1000-0105-flow', 'stria_node_2', '结束', 'end round', '198', '907', '24', '24', null, null, null, null, null, null, null, null, null, null, null, null, null);
INSERT INTO "GAEA"."STRIA_FLOW_NODES" VALUES ('MBSD_GA-1000-0105-flow', 'stria_node_1', '开始', 'start round', '126', '25', '24', '24', null, null, null, null, null, null, null, null, null, null, null, null, null);
INSERT INTO "GAEA"."STRIA_FLOW_NODES" VALUES ('MBSD_GA-1000-0105-flow', 'stria_node_4', '转出账户检查', 'check', '34', '237', '120', '24', 'all', 'RPC SERVICE API', 'com.dcits.gaea.api.inner.ICommonCheck', 'checkAcctNo', 'body.wtdAcctNo', 'String', null, null, null, null, null, null, null);
INSERT INTO "GAEA"."STRIA_FLOW_NODES" VALUES ('MBSD_GA-1000-0105-flow', 'stria_node_3', '转出', 'atom', '133', '498', '120', '24', 'all', 'SPRING BEAN', 'com.dcits.gaea.online.service.ga.Ga10000105', 'withdraw', 'body.wtdAcctNo|body.bal', 'String|BigDecimal', 'wtdOut', null, null, null, null, null, null);
INSERT INTO "GAEA"."STRIA_FLOW_NODES" VALUES ('MBSD_GA-1000-0105-flow', 'stria_node_6', '转出账户余额检查', 'check', '210', '238', '120', '24', 'all', 'RPC SERVICE API', 'com.dcits.gaea.api.inner.ICommonCheck', 'checkAcctBal', 'body.wtdAcctNo|body.bal', 'String|BigDecimal', null, null, null, null, null, null, null);
INSERT INTO "GAEA"."STRIA_FLOW_NODES" VALUES ('MBSD_GA-1000-0105-flow', 'stria_node_5', '转出账户密码检查', 'check', '85', '229', '120', '24', 'all', 'RPC SERVICE API', 'com.dcits.gaea.api.inner.ICommonCheck', 'checkAcctPwd', 'body.wtdAcctNo|body.acctPwd', 'String|String', null, null, null, null, null, null, null);
INSERT INTO "GAEA"."STRIA_FLOW_NODES" VALUES ('MBSD_GA-1400-0000-flow', 'stria_node_1', '开始', 'start round', '113', '171', '24', '24', null, null, null, null, null, null, null, null, null, null, null, null, null);
INSERT INTO "GAEA"."STRIA_FLOW_NODES" VALUES ('MBSD_GA-1400-0000-flow', 'stria_node_4', '结束', 'end round', '118', '555', '24', '24', null, null, null, null, null, null, null, null, null, null, null, null, null);
INSERT INTO "GAEA"."STRIA_FLOW_NODES" VALUES ('MBSD_GA-1400-9999-flow', 'stria_node_4', '开始', 'start round', '180', '294', '24', '24', null, null, null, null, null, null, null, null, null, null, null, null, null);
INSERT INTO "GAEA"."STRIA_FLOW_NODES" VALUES ('MBSD_GA-1400-9999-flow', 'stria_node_6', '执行脚本', 'atom', '181', '403', '120', '24', 'all', 'SPRING BEAN', 'com.dcits.gaea.online.service.ga.Ga14009999', 'callScript', 'body.scriptNo', 'String', null, null, null, null, null, null, null);
INSERT INTO "GAEA"."STRIA_FLOW_NODES" VALUES ('MBSD_GA-1400-9999-flow', 'stria_node_5', '结束', 'end round', '181', '614', '24', '24', null, null, null, null, null, null, null, null, null, null, null, null, null);
INSERT INTO "GAEA"."STRIA_FLOW_NODES" VALUES ('MBSD_GA-1400-0000-flow', 'stria_node_2', '空服务', 'atom', '119', '311', '120', '24', 'all', 'SPRING BEAN', 'com.dcits.gaea.online.service.ga.Ga14000000', 'sleep', 'body.sleepMillis', 'Long', null, null, null, null, null, null, null);

-- ----------------------------
-- Indexes structure for table BATCH_DATA_SYNC_DEF
-- ----------------------------
CREATE UNIQUE INDEX "GAEA"."SYNC_ID_INDEX"
ON "GAEA"."BATCH_DATA_SYNC_DEF" ("SYNC_ID" ASC)
LOGGING
VISIBLE;

-- ----------------------------
-- Checks structure for table BATCH_DATA_SYNC_DEF
-- ----------------------------
ALTER TABLE "GAEA"."BATCH_DATA_SYNC_DEF" ADD CHECK ("SYNC_ID" IS NOT NULL);
ALTER TABLE "GAEA"."BATCH_DATA_SYNC_DEF" ADD CHECK ("SYNC_ID" IS NOT NULL);

-- ----------------------------
-- Indexes structure for table BATCH_DEF
-- ----------------------------
CREATE UNIQUE INDEX "GAEA"."BATCH_DEF_PK"
ON "GAEA"."BATCH_DEF" ("BATCH_CLASS" ASC)
NOLOGGING
VISIBLE;

-- ----------------------------
-- Checks structure for table BATCH_DEF
-- ----------------------------
ALTER TABLE "GAEA"."BATCH_DEF" ADD CHECK ("BATCH_CLASS" IS NOT NULL);
ALTER TABLE "GAEA"."BATCH_DEF" ADD CHECK ("BATCH_CLASS" IS NOT NULL);

-- ----------------------------
-- Indexes structure for table BATCH_JOB_DEPENDENCY
-- ----------------------------
CREATE UNIQUE INDEX "GAEA"."BATCH_JOB_DEPENDENCY_PK"
ON "GAEA"."BATCH_JOB_DEPENDENCY" ("DESCENDENT" ASC, "PREDECESSOR" ASC)
NOLOGGING
VISIBLE;

-- ----------------------------
-- Checks structure for table BATCH_JOB_DEPENDENCY
-- ----------------------------
ALTER TABLE "GAEA"."BATCH_JOB_DEPENDENCY" ADD CHECK ("DESCENDENT" IS NOT NULL);
ALTER TABLE "GAEA"."BATCH_JOB_DEPENDENCY" ADD CHECK ("PREDECESSOR" IS NOT NULL);
ALTER TABLE "GAEA"."BATCH_JOB_DEPENDENCY" ADD CHECK ("DEPENDENCY_TYPE" IS NOT NULL);
ALTER TABLE "GAEA"."BATCH_JOB_DEPENDENCY" ADD CHECK ("STATUS" IS NOT NULL);
ALTER TABLE "GAEA"."BATCH_JOB_DEPENDENCY" ADD CHECK ("DESCENDENT" IS NOT NULL);
ALTER TABLE "GAEA"."BATCH_JOB_DEPENDENCY" ADD CHECK ("PREDECESSOR" IS NOT NULL);
ALTER TABLE "GAEA"."BATCH_JOB_DEPENDENCY" ADD CHECK ("DEPENDENCY_TYPE" IS NOT NULL);
ALTER TABLE "GAEA"."BATCH_JOB_DEPENDENCY" ADD CHECK ("STATUS" IS NOT NULL);

-- ----------------------------
-- Indexes structure for table BATCH_JOB_LINE_TYPE
-- ----------------------------
CREATE UNIQUE INDEX "GAEA"."BATCH_JOB_LINE_TYPE_PK"
ON "GAEA"."BATCH_JOB_LINE_TYPE" ("DESCENDENT" ASC, "PREDECESSOR" ASC)
NOLOGGING
VISIBLE;

-- ----------------------------
-- Checks structure for table BATCH_JOB_LINE_TYPE
-- ----------------------------
ALTER TABLE "GAEA"."BATCH_JOB_LINE_TYPE" ADD CHECK ("DESCENDENT" IS NOT NULL);
ALTER TABLE "GAEA"."BATCH_JOB_LINE_TYPE" ADD CHECK ("PREDECESSOR" IS NOT NULL);
ALTER TABLE "GAEA"."BATCH_JOB_LINE_TYPE" ADD CHECK ("LINE_TYPE" IS NOT NULL);
ALTER TABLE "GAEA"."BATCH_JOB_LINE_TYPE" ADD CHECK ("DESCENDENT" IS NOT NULL);
ALTER TABLE "GAEA"."BATCH_JOB_LINE_TYPE" ADD CHECK ("PREDECESSOR" IS NOT NULL);
ALTER TABLE "GAEA"."BATCH_JOB_LINE_TYPE" ADD CHECK ("LINE_TYPE" IS NOT NULL);

-- ----------------------------
-- Indexes structure for table BATCH_JOB_POS
-- ----------------------------
CREATE UNIQUE INDEX "GAEA"."BATCH_JOB_POS_PK"
ON "GAEA"."BATCH_JOB_POS" ("JOB_ID" ASC)
NOLOGGING
VISIBLE;

-- ----------------------------
-- Checks structure for table BATCH_JOB_POS
-- ----------------------------
ALTER TABLE "GAEA"."BATCH_JOB_POS" ADD CHECK ("JOB_ID" IS NOT NULL);
ALTER TABLE "GAEA"."BATCH_JOB_POS" ADD CHECK ("TOP_POS" IS NOT NULL);
ALTER TABLE "GAEA"."BATCH_JOB_POS" ADD CHECK ("LEFT_POS" IS NOT NULL);
ALTER TABLE "GAEA"."BATCH_JOB_POS" ADD CHECK ("WIDTH" IS NOT NULL);
ALTER TABLE "GAEA"."BATCH_JOB_POS" ADD CHECK ("HEIGHT" IS NOT NULL);
ALTER TABLE "GAEA"."BATCH_JOB_POS" ADD CHECK ("JOB_ID" IS NOT NULL);
ALTER TABLE "GAEA"."BATCH_JOB_POS" ADD CHECK ("TOP_POS" IS NOT NULL);
ALTER TABLE "GAEA"."BATCH_JOB_POS" ADD CHECK ("LEFT_POS" IS NOT NULL);
ALTER TABLE "GAEA"."BATCH_JOB_POS" ADD CHECK ("WIDTH" IS NOT NULL);
ALTER TABLE "GAEA"."BATCH_JOB_POS" ADD CHECK ("HEIGHT" IS NOT NULL);

-- ----------------------------
-- Indexes structure for table BATCH_JOB_SPLIT_PARAM
-- ----------------------------
CREATE UNIQUE INDEX "GAEA"."BATCH_JOB_SPLIT_PARAM_PK"
ON "GAEA"."BATCH_JOB_SPLIT_PARAM" ("JOB_ID" ASC)
NOLOGGING
VISIBLE;

-- ----------------------------
-- Checks structure for table BATCH_JOB_SPLIT_PARAM
-- ----------------------------
ALTER TABLE "GAEA"."BATCH_JOB_SPLIT_PARAM" ADD CHECK ("JOB_ID" IS NOT NULL);
ALTER TABLE "GAEA"."BATCH_JOB_SPLIT_PARAM" ADD CHECK ("SPLIT_CLASS" IS NOT NULL);
ALTER TABLE "GAEA"."BATCH_JOB_SPLIT_PARAM" ADD CHECK ("SPLIT_TYPE" IS NOT NULL);
ALTER TABLE "GAEA"."BATCH_JOB_SPLIT_PARAM" ADD CHECK ("JOB_ID" IS NOT NULL);
ALTER TABLE "GAEA"."BATCH_JOB_SPLIT_PARAM" ADD CHECK ("SPLIT_CLASS" IS NOT NULL);
ALTER TABLE "GAEA"."BATCH_JOB_SPLIT_PARAM" ADD CHECK ("SPLIT_TYPE" IS NOT NULL);

-- ----------------------------
-- Checks structure for table BATCH_MACHINE
-- ----------------------------
ALTER TABLE "GAEA"."BATCH_MACHINE" ADD CHECK ("GROUP_ID" IS NOT NULL);
ALTER TABLE "GAEA"."BATCH_MACHINE" ADD CHECK ("IP" IS NOT NULL);
ALTER TABLE "GAEA"."BATCH_MACHINE" ADD CHECK ("GROUP_ID" IS NOT NULL);
ALTER TABLE "GAEA"."BATCH_MACHINE" ADD CHECK ("IP" IS NOT NULL);

-- ----------------------------
-- Indexes structure for table BATCH_PARAM_TABLE_DEF
-- ----------------------------
CREATE UNIQUE INDEX "GAEA"."BATCH_PARAM_TABLE_DEF_PK"
ON "GAEA"."BATCH_PARAM_TABLE_DEF" ("SEQ_NO" ASC)
NOLOGGING
VISIBLE;

-- ----------------------------
-- Indexes structure for table BATCH_RUN_JOB
-- ----------------------------
CREATE UNIQUE INDEX "GAEA"."BATCH_RUN_JOB_PK"
ON "GAEA"."BATCH_RUN_JOB" ("JOB_ID" ASC)
NOLOGGING
VISIBLE;

-- ----------------------------
-- Indexes structure for table BATCH_RUN_JOB_HIST
-- ----------------------------
CREATE INDEX "GAEA"."BATCH_RUN_JOB_HIST_IDX"
ON "GAEA"."BATCH_RUN_JOB_HIST" ("RUN_DATE" ASC, "JOB_ID" ASC)
NOLOGGING
VISIBLE;

-- ----------------------------
-- Indexes structure for table BATCH_RUN_TASK
-- ----------------------------
CREATE INDEX "GAEA"."BATCH_RUN_TASK_IDX1"
ON "GAEA"."BATCH_RUN_TASK" ("JOB_ID" ASC)
NOLOGGING
VISIBLE;
CREATE INDEX "GAEA"."BATCH_RUN_TASK_IDX2"
ON "GAEA"."BATCH_RUN_TASK" ("TASK_STATUS" ASC)
NOLOGGING
VISIBLE;
CREATE UNIQUE INDEX "GAEA"."BATCH_RUN_TASK_PK"
ON "GAEA"."BATCH_RUN_TASK" ("TASK_ID" ASC)
NOLOGGING
VISIBLE;

-- ----------------------------
-- Checks structure for table BATCH_RUN_TASK
-- ----------------------------
ALTER TABLE "GAEA"."BATCH_RUN_TASK" ADD CHECK ("TASK_ID" IS NOT NULL);
ALTER TABLE "GAEA"."BATCH_RUN_TASK" ADD CHECK ("JOB_ID" IS NOT NULL);
ALTER TABLE "GAEA"."BATCH_RUN_TASK" ADD CHECK ("TASK_STATUS" IS NOT NULL);
ALTER TABLE "GAEA"."BATCH_RUN_TASK" ADD CHECK ("TASK_ID" IS NOT NULL);
ALTER TABLE "GAEA"."BATCH_RUN_TASK" ADD CHECK ("JOB_ID" IS NOT NULL);
ALTER TABLE "GAEA"."BATCH_RUN_TASK" ADD CHECK ("TASK_STATUS" IS NOT NULL);

-- ----------------------------
-- Indexes structure for table BATCH_RUN_TASK_HIST
-- ----------------------------
CREATE INDEX "GAEA"."BATCH_RUN_TASK_HIST_IDX1"
ON "GAEA"."BATCH_RUN_TASK_HIST" ("RUN_DATE" ASC, "JOB_ID" ASC)
NOLOGGING
VISIBLE;

-- ----------------------------
-- Checks structure for table BATCH_RUN_TASK_HIST
-- ----------------------------
ALTER TABLE "GAEA"."BATCH_RUN_TASK_HIST" ADD CHECK ("TASK_ID" IS NOT NULL);
ALTER TABLE "GAEA"."BATCH_RUN_TASK_HIST" ADD CHECK ("JOB_ID" IS NOT NULL);
ALTER TABLE "GAEA"."BATCH_RUN_TASK_HIST" ADD CHECK ("TASK_STATUS" IS NOT NULL);
ALTER TABLE "GAEA"."BATCH_RUN_TASK_HIST" ADD CHECK ("TASK_ID" IS NOT NULL);
ALTER TABLE "GAEA"."BATCH_RUN_TASK_HIST" ADD CHECK ("JOB_ID" IS NOT NULL);
ALTER TABLE "GAEA"."BATCH_RUN_TASK_HIST" ADD CHECK ("TASK_STATUS" IS NOT NULL);

-- ----------------------------
-- Indexes structure for table BATCH_STATUS
-- ----------------------------
CREATE UNIQUE INDEX "GAEA"."BATCH_STATUS_PK"
ON "GAEA"."BATCH_STATUS" ("BATCH_CLASS" ASC)
NOLOGGING
VISIBLE;

-- ----------------------------
-- Indexes structure for table BATCH_STATUS_HIST
-- ----------------------------
CREATE INDEX "GAEA"."BATCH_STATUS_HIST_IDX"
ON "GAEA"."BATCH_STATUS_HIST" ("RUN_DATE" ASC, "BATCH_CLASS" ASC)
NOLOGGING
VISIBLE;

-- ----------------------------
-- Indexes structure for table BATCH_STD_JOB
-- ----------------------------
CREATE UNIQUE INDEX "GAEA"."BATCH_STD_JOB_PK"
ON "GAEA"."BATCH_STD_JOB" ("JOB_ID" ASC)
NOLOGGING
VISIBLE;

-- ----------------------------
-- Checks structure for table BATCH_STD_JOB
-- ----------------------------
ALTER TABLE "GAEA"."BATCH_STD_JOB" ADD CHECK ("JOB_ID" IS NOT NULL);
ALTER TABLE "GAEA"."BATCH_STD_JOB" ADD CHECK ("JOB_NAME" IS NOT NULL);
ALTER TABLE "GAEA"."BATCH_STD_JOB" ADD CHECK ("BATCH_CLASS" IS NOT NULL);
ALTER TABLE "GAEA"."BATCH_STD_JOB" ADD CHECK ("JOB_TYPE" IS NOT NULL);
ALTER TABLE "GAEA"."BATCH_STD_JOB" ADD CHECK ("MODULE_ID" IS NOT NULL);
ALTER TABLE "GAEA"."BATCH_STD_JOB" ADD CHECK ("SYSTEM_ID" IS NOT NULL);
ALTER TABLE "GAEA"."BATCH_STD_JOB" ADD CHECK ("DAY_END" IS NOT NULL);
ALTER TABLE "GAEA"."BATCH_STD_JOB" ADD CHECK ("WEEK_END" IS NOT NULL);
ALTER TABLE "GAEA"."BATCH_STD_JOB" ADD CHECK ("MTH_END" IS NOT NULL);
ALTER TABLE "GAEA"."BATCH_STD_JOB" ADD CHECK ("YR_END" IS NOT NULL);
ALTER TABLE "GAEA"."BATCH_STD_JOB" ADD CHECK ("IS_SKIP" IS NOT NULL);
ALTER TABLE "GAEA"."BATCH_STD_JOB" ADD CHECK ("BY_SCHEMA" IS NOT NULL);
ALTER TABLE "GAEA"."BATCH_STD_JOB" ADD CHECK ("IS_SPLIT" IS NOT NULL);
ALTER TABLE "GAEA"."BATCH_STD_JOB" ADD CHECK ("STATUS" IS NOT NULL);
ALTER TABLE "GAEA"."BATCH_STD_JOB" ADD CHECK ("JOB_ID" IS NOT NULL);
ALTER TABLE "GAEA"."BATCH_STD_JOB" ADD CHECK ("JOB_NAME" IS NOT NULL);
ALTER TABLE "GAEA"."BATCH_STD_JOB" ADD CHECK ("BATCH_CLASS" IS NOT NULL);
ALTER TABLE "GAEA"."BATCH_STD_JOB" ADD CHECK ("JOB_TYPE" IS NOT NULL);
ALTER TABLE "GAEA"."BATCH_STD_JOB" ADD CHECK ("MODULE_ID" IS NOT NULL);
ALTER TABLE "GAEA"."BATCH_STD_JOB" ADD CHECK ("SYSTEM_ID" IS NOT NULL);
ALTER TABLE "GAEA"."BATCH_STD_JOB" ADD CHECK ("DAY_END" IS NOT NULL);
ALTER TABLE "GAEA"."BATCH_STD_JOB" ADD CHECK ("WEEK_END" IS NOT NULL);
ALTER TABLE "GAEA"."BATCH_STD_JOB" ADD CHECK ("MTH_END" IS NOT NULL);
ALTER TABLE "GAEA"."BATCH_STD_JOB" ADD CHECK ("YR_END" IS NOT NULL);
ALTER TABLE "GAEA"."BATCH_STD_JOB" ADD CHECK ("IS_SKIP" IS NOT NULL);
ALTER TABLE "GAEA"."BATCH_STD_JOB" ADD CHECK ("BY_SCHEMA" IS NOT NULL);
ALTER TABLE "GAEA"."BATCH_STD_JOB" ADD CHECK ("IS_SPLIT" IS NOT NULL);
ALTER TABLE "GAEA"."BATCH_STD_JOB" ADD CHECK ("STATUS" IS NOT NULL);

-- ----------------------------
-- Indexes structure for table BATCH_TABLE_DEF
-- ----------------------------
CREATE UNIQUE INDEX "GAEA"."BATCH_TABLE_DEF_PK"
ON "GAEA"."BATCH_TABLE_DEF" ("BATCH_TABLE_ID" ASC)
NOLOGGING
VISIBLE;

-- ----------------------------
-- Indexes structure for table BATCH_TIMER_DEF
-- ----------------------------
CREATE UNIQUE INDEX "GAEA"."BATCH_TIMER_DEF_PK"
ON "GAEA"."BATCH_TIMER_DEF" ("TIMER_ID" ASC)
LOGGING
VISIBLE;

-- ----------------------------
-- Indexes structure for table BATCH_TIMER_REC
-- ----------------------------
CREATE UNIQUE INDEX "GAEA"."BATCH_TIMER_REC_PK"
ON "GAEA"."BATCH_TIMER_REC" ("TIME_EXE_IND" ASC)
LOGGING
VISIBLE;

-- ----------------------------
-- Checks structure for table BATCH_TO_COMMIT
-- ----------------------------
ALTER TABLE "GAEA"."BATCH_TO_COMMIT" ADD CHECK ("TASK_ID" IS NOT NULL);
ALTER TABLE "GAEA"."BATCH_TO_COMMIT" ADD CHECK ("TASK_ID" IS NOT NULL);

-- ----------------------------
-- Indexes structure for table DEMO_ACCT
-- ----------------------------
CREATE INDEX "GAEA"."DEMO_ACCT_IND1"
ON "GAEA"."DEMO_ACCT" ("ACCT_NO" ASC)
LOGGING
VISIBLE;

-- ----------------------------
-- Checks structure for table DEMO_ACCT
-- ----------------------------
ALTER TABLE "GAEA"."DEMO_ACCT" ADD CHECK ("UUID" IS NOT NULL);
ALTER TABLE "GAEA"."DEMO_ACCT" ADD CHECK ("ACCT_NO" IS NOT NULL);
ALTER TABLE "GAEA"."DEMO_ACCT" ADD CHECK ("ACCT_NAME" IS NOT NULL);
ALTER TABLE "GAEA"."DEMO_ACCT" ADD CHECK ("CREATE_TIME" IS NOT NULL);
ALTER TABLE "GAEA"."DEMO_ACCT" ADD CHECK ("CREATE_DATE" IS NOT NULL);
ALTER TABLE "GAEA"."DEMO_ACCT" ADD CHECK ("BAL" IS NOT NULL);
ALTER TABLE "GAEA"."DEMO_ACCT" ADD CHECK ("STATUS" IS NOT NULL);
ALTER TABLE "GAEA"."DEMO_ACCT" ADD CHECK ("UUID" IS NOT NULL);
ALTER TABLE "GAEA"."DEMO_ACCT" ADD CHECK ("ACCT_NO" IS NOT NULL);
ALTER TABLE "GAEA"."DEMO_ACCT" ADD CHECK ("ACCT_NAME" IS NOT NULL);
ALTER TABLE "GAEA"."DEMO_ACCT" ADD CHECK ("CREATE_TIME" IS NOT NULL);
ALTER TABLE "GAEA"."DEMO_ACCT" ADD CHECK ("CREATE_DATE" IS NOT NULL);
ALTER TABLE "GAEA"."DEMO_ACCT" ADD CHECK ("BAL" IS NOT NULL);
ALTER TABLE "GAEA"."DEMO_ACCT" ADD CHECK ("STATUS" IS NOT NULL);
ALTER TABLE "GAEA"."DEMO_ACCT" ADD CHECK ("RATE" IS NOT NULL);

-- ----------------------------
-- Primary Key structure for table DEMO_ACCT
-- ----------------------------
ALTER TABLE "GAEA"."DEMO_ACCT" ADD PRIMARY KEY ("UUID");

-- ----------------------------
-- Indexes structure for table DEMO_ACCT_PWD
-- ----------------------------

-- ----------------------------
-- Checks structure for table DEMO_ACCT_PWD
-- ----------------------------
ALTER TABLE "GAEA"."DEMO_ACCT_PWD" ADD CHECK ("ACCT_NO" IS NOT NULL);
ALTER TABLE "GAEA"."DEMO_ACCT_PWD" ADD CHECK ("PWD" IS NOT NULL);
ALTER TABLE "GAEA"."DEMO_ACCT_PWD" ADD CHECK ("COUNT" IS NOT NULL);

-- ----------------------------
-- Primary Key structure for table DEMO_ACCT_PWD
-- ----------------------------
ALTER TABLE "GAEA"."DEMO_ACCT_PWD" ADD PRIMARY KEY ("ACCT_NO");

-- ----------------------------
-- Indexes structure for table DEMO_PROD_TYPE
-- ----------------------------

-- ----------------------------
-- Checks structure for table DEMO_PROD_TYPE
-- ----------------------------
ALTER TABLE "GAEA"."DEMO_PROD_TYPE" ADD CHECK ("PROD_TYPE" IS NOT NULL);
ALTER TABLE "GAEA"."DEMO_PROD_TYPE" ADD CHECK ("PROD_DESC" IS NOT NULL);

-- ----------------------------
-- Primary Key structure for table DEMO_PROD_TYPE
-- ----------------------------
ALTER TABLE "GAEA"."DEMO_PROD_TYPE" ADD PRIMARY KEY ("PROD_TYPE");

-- ----------------------------
-- Indexes structure for table DEMO_TRAN_HIST
-- ----------------------------
CREATE INDEX "GAEA"."DEMO_TRAN_HIST_IND1"
ON "GAEA"."DEMO_TRAN_HIST" ("TRAN_DATE" ASC, "ACCT_NO" ASC)
LOGGING
VISIBLE;

-- ----------------------------
-- Checks structure for table DEMO_TRAN_HIST
-- ----------------------------
ALTER TABLE "GAEA"."DEMO_TRAN_HIST" ADD CHECK ("SEQ_NO" IS NOT NULL);
ALTER TABLE "GAEA"."DEMO_TRAN_HIST" ADD CHECK ("ACCT_NO" IS NOT NULL);
ALTER TABLE "GAEA"."DEMO_TRAN_HIST" ADD CHECK ("TRAN_TIME" IS NOT NULL);
ALTER TABLE "GAEA"."DEMO_TRAN_HIST" ADD CHECK ("TRAN_DATE" IS NOT NULL);
ALTER TABLE "GAEA"."DEMO_TRAN_HIST" ADD CHECK ("AMOUNT" IS NOT NULL);
ALTER TABLE "GAEA"."DEMO_TRAN_HIST" ADD CHECK ("REFERENCE" IS NOT NULL);
ALTER TABLE "GAEA"."DEMO_TRAN_HIST" ADD CHECK ("CR_DR_IND" IS NOT NULL);

-- ----------------------------
-- Primary Key structure for table DEMO_TRAN_HIST
-- ----------------------------
ALTER TABLE "GAEA"."DEMO_TRAN_HIST" ADD PRIMARY KEY ("SEQ_NO");

-- ----------------------------
-- Indexes structure for table DM_EXCEL_COLUMN
-- ----------------------------

-- ----------------------------
-- Checks structure for table DM_EXCEL_COLUMN
-- ----------------------------
ALTER TABLE "GAEA"."DM_EXCEL_COLUMN" ADD CHECK ("COLUMN_NAME" IS NOT NULL);
ALTER TABLE "GAEA"."DM_EXCEL_COLUMN" ADD CHECK ("COLUMN_NAME" IS NOT NULL);

-- ----------------------------
-- Primary Key structure for table DM_EXCEL_COLUMN
-- ----------------------------
ALTER TABLE "GAEA"."DM_EXCEL_COLUMN" ADD PRIMARY KEY ("COLUMN_NAME");

-- ----------------------------
-- Indexes structure for table DM_EXCEL_NAME_COL
-- ----------------------------

-- ----------------------------
-- Checks structure for table DM_EXCEL_NAME_COL
-- ----------------------------
ALTER TABLE "GAEA"."DM_EXCEL_NAME_COL" ADD CHECK ("TABLE_NAME" IS NOT NULL);
ALTER TABLE "GAEA"."DM_EXCEL_NAME_COL" ADD CHECK ("COLUMN_NAME" IS NOT NULL);
ALTER TABLE "GAEA"."DM_EXCEL_NAME_COL" ADD CHECK ("TABLE_NAME" IS NOT NULL);
ALTER TABLE "GAEA"."DM_EXCEL_NAME_COL" ADD CHECK ("COLUMN_NAME" IS NOT NULL);

-- ----------------------------
-- Primary Key structure for table DM_EXCEL_NAME_COL
-- ----------------------------
ALTER TABLE "GAEA"."DM_EXCEL_NAME_COL" ADD PRIMARY KEY ("TABLE_NAME", "COLUMN_NAME");

-- ----------------------------
-- Indexes structure for table DM_EXCEL_SELECT
-- ----------------------------

-- ----------------------------
-- Checks structure for table DM_EXCEL_SELECT
-- ----------------------------
ALTER TABLE "GAEA"."DM_EXCEL_SELECT" ADD CHECK ("TABLE_NAME" IS NOT NULL);
ALTER TABLE "GAEA"."DM_EXCEL_SELECT" ADD CHECK ("TABLE_NAME" IS NOT NULL);

-- ----------------------------
-- Primary Key structure for table DM_EXCEL_SELECT
-- ----------------------------
ALTER TABLE "GAEA"."DM_EXCEL_SELECT" ADD PRIMARY KEY ("TABLE_NAME");

-- ----------------------------
-- Indexes structure for table DM_EXCEL_TABLE
-- ----------------------------

-- ----------------------------
-- Checks structure for table DM_EXCEL_TABLE
-- ----------------------------
ALTER TABLE "GAEA"."DM_EXCEL_TABLE" ADD CHECK ("TABLE_NAME" IS NOT NULL);
ALTER TABLE "GAEA"."DM_EXCEL_TABLE" ADD CHECK ("TYPE" IS NOT NULL);
ALTER TABLE "GAEA"."DM_EXCEL_TABLE" ADD CHECK ("MODULE" IS NOT NULL);
ALTER TABLE "GAEA"."DM_EXCEL_TABLE" ADD CHECK ("TABLE_NAME" IS NOT NULL);
ALTER TABLE "GAEA"."DM_EXCEL_TABLE" ADD CHECK ("TYPE" IS NOT NULL);
ALTER TABLE "GAEA"."DM_EXCEL_TABLE" ADD CHECK ("MODULE" IS NOT NULL);

-- ----------------------------
-- Primary Key structure for table DM_EXCEL_TABLE
-- ----------------------------
ALTER TABLE "GAEA"."DM_EXCEL_TABLE" ADD PRIMARY KEY ("TABLE_NAME");

-- ----------------------------
-- Indexes structure for table DTP_BRANCH
-- ----------------------------

-- ----------------------------
-- Checks structure for table DTP_BRANCH
-- ----------------------------
ALTER TABLE "GAEA"."DTP_BRANCH" ADD CHECK ("BXID" IS NOT NULL);
ALTER TABLE "GAEA"."DTP_BRANCH" ADD CHECK ("TXID" IS NOT NULL);
ALTER TABLE "GAEA"."DTP_BRANCH" ADD CHECK ("INDEXINBRANCH" IS NOT NULL);
ALTER TABLE "GAEA"."DTP_BRANCH" ADD CHECK ("INDEXINTRUNK" IS NOT NULL);
ALTER TABLE "GAEA"."DTP_BRANCH" ADD CHECK ("STATUS" IS NOT NULL);
ALTER TABLE "GAEA"."DTP_BRANCH" ADD CHECK ("APPGROUP" IS NOT NULL);
ALTER TABLE "GAEA"."DTP_BRANCH" ADD CHECK ("BXID" IS NOT NULL);
ALTER TABLE "GAEA"."DTP_BRANCH" ADD CHECK ("TXID" IS NOT NULL);
ALTER TABLE "GAEA"."DTP_BRANCH" ADD CHECK ("INDEXINBRANCH" IS NOT NULL);
ALTER TABLE "GAEA"."DTP_BRANCH" ADD CHECK ("INDEXINTRUNK" IS NOT NULL);
ALTER TABLE "GAEA"."DTP_BRANCH" ADD CHECK ("STATUS" IS NOT NULL);
ALTER TABLE "GAEA"."DTP_BRANCH" ADD CHECK ("APPGROUP" IS NOT NULL);

-- ----------------------------
-- Primary Key structure for table DTP_BRANCH
-- ----------------------------
ALTER TABLE "GAEA"."DTP_BRANCH" ADD PRIMARY KEY ("BXID");

-- ----------------------------
-- Indexes structure for table DTP_PREPARELOG
-- ----------------------------

-- ----------------------------
-- Checks structure for table DTP_PREPARELOG
-- ----------------------------
ALTER TABLE "GAEA"."DTP_PREPARELOG" ADD CHECK ("LOGID" IS NOT NULL);
ALTER TABLE "GAEA"."DTP_PREPARELOG" ADD CHECK ("BXID" IS NOT NULL);
ALTER TABLE "GAEA"."DTP_PREPARELOG" ADD CHECK ("TXID" IS NOT NULL);
ALTER TABLE "GAEA"."DTP_PREPARELOG" ADD CHECK ("LOGINDEX" IS NOT NULL);
ALTER TABLE "GAEA"."DTP_PREPARELOG" ADD CHECK ("CONTENT" IS NOT NULL);
ALTER TABLE "GAEA"."DTP_PREPARELOG" ADD CHECK ("STATUS" IS NOT NULL);
ALTER TABLE "GAEA"."DTP_PREPARELOG" ADD CHECK ("LOGID" IS NOT NULL);
ALTER TABLE "GAEA"."DTP_PREPARELOG" ADD CHECK ("BXID" IS NOT NULL);
ALTER TABLE "GAEA"."DTP_PREPARELOG" ADD CHECK ("TXID" IS NOT NULL);
ALTER TABLE "GAEA"."DTP_PREPARELOG" ADD CHECK ("LOGINDEX" IS NOT NULL);
ALTER TABLE "GAEA"."DTP_PREPARELOG" ADD CHECK ("CONTENT" IS NOT NULL);
ALTER TABLE "GAEA"."DTP_PREPARELOG" ADD CHECK ("STATUS" IS NOT NULL);

-- ----------------------------
-- Primary Key structure for table DTP_PREPARELOG
-- ----------------------------
ALTER TABLE "GAEA"."DTP_PREPARELOG" ADD PRIMARY KEY ("LOGID");

-- ----------------------------
-- Indexes structure for table DTP_RESOURCE
-- ----------------------------

-- ----------------------------
-- Checks structure for table DTP_RESOURCE
-- ----------------------------
ALTER TABLE "GAEA"."DTP_RESOURCE" ADD CHECK ("TABLENAME" IS NOT NULL);
ALTER TABLE "GAEA"."DTP_RESOURCE" ADD CHECK ("COLUMNNAME" IS NOT NULL);
ALTER TABLE "GAEA"."DTP_RESOURCE" ADD CHECK ("COLUMNVALUE" IS NOT NULL);
ALTER TABLE "GAEA"."DTP_RESOURCE" ADD CHECK ("TXID" IS NOT NULL);
ALTER TABLE "GAEA"."DTP_RESOURCE" ADD CHECK ("TABLENAME" IS NOT NULL);
ALTER TABLE "GAEA"."DTP_RESOURCE" ADD CHECK ("COLUMNNAME" IS NOT NULL);
ALTER TABLE "GAEA"."DTP_RESOURCE" ADD CHECK ("COLUMNVALUE" IS NOT NULL);
ALTER TABLE "GAEA"."DTP_RESOURCE" ADD CHECK ("TXID" IS NOT NULL);

-- ----------------------------
-- Primary Key structure for table DTP_RESOURCE
-- ----------------------------
ALTER TABLE "GAEA"."DTP_RESOURCE" ADD PRIMARY KEY ("TABLENAME", "COLUMNNAME", "COLUMNVALUE");

-- ----------------------------
-- Indexes structure for table DTP_SUBMITLOG
-- ----------------------------

-- ----------------------------
-- Checks structure for table DTP_SUBMITLOG
-- ----------------------------
ALTER TABLE "GAEA"."DTP_SUBMITLOG" ADD CHECK ("LOGID" IS NOT NULL);
ALTER TABLE "GAEA"."DTP_SUBMITLOG" ADD CHECK ("BXID" IS NOT NULL);
ALTER TABLE "GAEA"."DTP_SUBMITLOG" ADD CHECK ("TXID" IS NOT NULL);
ALTER TABLE "GAEA"."DTP_SUBMITLOG" ADD CHECK ("LOGINDEX" IS NOT NULL);
ALTER TABLE "GAEA"."DTP_SUBMITLOG" ADD CHECK ("CONTENT" IS NOT NULL);
ALTER TABLE "GAEA"."DTP_SUBMITLOG" ADD CHECK ("STATUS" IS NOT NULL);
ALTER TABLE "GAEA"."DTP_SUBMITLOG" ADD CHECK ("LOGID" IS NOT NULL);
ALTER TABLE "GAEA"."DTP_SUBMITLOG" ADD CHECK ("BXID" IS NOT NULL);
ALTER TABLE "GAEA"."DTP_SUBMITLOG" ADD CHECK ("TXID" IS NOT NULL);
ALTER TABLE "GAEA"."DTP_SUBMITLOG" ADD CHECK ("LOGINDEX" IS NOT NULL);
ALTER TABLE "GAEA"."DTP_SUBMITLOG" ADD CHECK ("CONTENT" IS NOT NULL);
ALTER TABLE "GAEA"."DTP_SUBMITLOG" ADD CHECK ("STATUS" IS NOT NULL);

-- ----------------------------
-- Primary Key structure for table DTP_SUBMITLOG
-- ----------------------------
ALTER TABLE "GAEA"."DTP_SUBMITLOG" ADD PRIMARY KEY ("LOGID");

-- ----------------------------
-- Indexes structure for table DTP_TRUNK
-- ----------------------------

-- ----------------------------
-- Checks structure for table DTP_TRUNK
-- ----------------------------
ALTER TABLE "GAEA"."DTP_TRUNK" ADD CHECK ("TXID" IS NOT NULL);
ALTER TABLE "GAEA"."DTP_TRUNK" ADD CHECK ("NEEDORDER" IS NOT NULL);
ALTER TABLE "GAEA"."DTP_TRUNK" ADD CHECK ("STATUS" IS NOT NULL);
ALTER TABLE "GAEA"."DTP_TRUNK" ADD CHECK ("APPGROUP" IS NOT NULL);
ALTER TABLE "GAEA"."DTP_TRUNK" ADD CHECK ("STARTTIME" IS NOT NULL);
ALTER TABLE "GAEA"."DTP_TRUNK" ADD CHECK ("TXID" IS NOT NULL);
ALTER TABLE "GAEA"."DTP_TRUNK" ADD CHECK ("NEEDORDER" IS NOT NULL);
ALTER TABLE "GAEA"."DTP_TRUNK" ADD CHECK ("STATUS" IS NOT NULL);
ALTER TABLE "GAEA"."DTP_TRUNK" ADD CHECK ("APPGROUP" IS NOT NULL);
ALTER TABLE "GAEA"."DTP_TRUNK" ADD CHECK ("STARTTIME" IS NOT NULL);

-- ----------------------------
-- Primary Key structure for table DTP_TRUNK
-- ----------------------------
ALTER TABLE "GAEA"."DTP_TRUNK" ADD PRIMARY KEY ("TXID");

-- ----------------------------
-- Indexes structure for table FW_FLOW_LOG
-- ----------------------------

-- ----------------------------
-- Checks structure for table FW_FLOW_LOG
-- ----------------------------
ALTER TABLE "GAEA"."FW_FLOW_LOG" ADD CHECK ("FLOW_ID" IS NOT NULL);
ALTER TABLE "GAEA"."FW_FLOW_LOG" ADD CHECK ("KEY_VALUE" IS NOT NULL);
ALTER TABLE "GAEA"."FW_FLOW_LOG" ADD CHECK ("FLOW_ID" IS NOT NULL);
ALTER TABLE "GAEA"."FW_FLOW_LOG" ADD CHECK ("KEY_VALUE" IS NOT NULL);

-- ----------------------------
-- Primary Key structure for table FW_FLOW_LOG
-- ----------------------------
ALTER TABLE "GAEA"."FW_FLOW_LOG" ADD PRIMARY KEY ("FLOW_ID", "KEY_VALUE");

-- ----------------------------
-- Checks structure for table FW_FLOW_NODE
-- ----------------------------
ALTER TABLE "GAEA"."FW_FLOW_NODE" ADD CHECK ("FLOW_ID" IS NOT NULL);
ALTER TABLE "GAEA"."FW_FLOW_NODE" ADD CHECK ("NODE_ID" IS NOT NULL);
ALTER TABLE "GAEA"."FW_FLOW_NODE" ADD CHECK ("FLOW_ID" IS NOT NULL);
ALTER TABLE "GAEA"."FW_FLOW_NODE" ADD CHECK ("NODE_ID" IS NOT NULL);

-- ----------------------------
-- Indexes structure for table FW_FLOW_NODE_LOG
-- ----------------------------

-- ----------------------------
-- Checks structure for table FW_FLOW_NODE_LOG
-- ----------------------------
ALTER TABLE "GAEA"."FW_FLOW_NODE_LOG" ADD CHECK ("FLOW_ID" IS NOT NULL);
ALTER TABLE "GAEA"."FW_FLOW_NODE_LOG" ADD CHECK ("KEY_VALUE" IS NOT NULL);
ALTER TABLE "GAEA"."FW_FLOW_NODE_LOG" ADD CHECK ("NODE_ID" IS NOT NULL);
ALTER TABLE "GAEA"."FW_FLOW_NODE_LOG" ADD CHECK ("SEQ_NO" IS NOT NULL);
ALTER TABLE "GAEA"."FW_FLOW_NODE_LOG" ADD CHECK ("FLOW_ID" IS NOT NULL);
ALTER TABLE "GAEA"."FW_FLOW_NODE_LOG" ADD CHECK ("KEY_VALUE" IS NOT NULL);
ALTER TABLE "GAEA"."FW_FLOW_NODE_LOG" ADD CHECK ("NODE_ID" IS NOT NULL);

-- ----------------------------
-- Primary Key structure for table FW_FLOW_NODE_LOG
-- ----------------------------
ALTER TABLE "GAEA"."FW_FLOW_NODE_LOG" ADD PRIMARY KEY ("FLOW_ID", "NODE_ID", "KEY_VALUE", "SEQ_NO");

-- ----------------------------
-- Indexes structure for table FW_REVERSAL_TRAN
-- ----------------------------
CREATE UNIQUE INDEX "GAEA"."FW_REVERSAL_TRAN_PK"
ON "GAEA"."FW_REVERSAL_TRAN" ("REVERSAL_ID" ASC)
LOGGING
VISIBLE;

-- ----------------------------
-- Indexes structure for table FW_SEQUENCES
-- ----------------------------

-- ----------------------------
-- Checks structure for table FW_SEQUENCES
-- ----------------------------
ALTER TABLE "GAEA"."FW_SEQUENCES" ADD CHECK ("SEQ_NAME" IS NOT NULL);
ALTER TABLE "GAEA"."FW_SEQUENCES" ADD CHECK ("SEQ_CURRENT_VALUE" IS NOT NULL);
ALTER TABLE "GAEA"."FW_SEQUENCES" ADD CHECK ("SEQ_MAX_VALUE" IS NOT NULL);
ALTER TABLE "GAEA"."FW_SEQUENCES" ADD CHECK ("SEQ_MIN_VALUE" IS NOT NULL);
ALTER TABLE "GAEA"."FW_SEQUENCES" ADD CHECK ("SEQ_INCREMENT_BY" IS NOT NULL);
ALTER TABLE "GAEA"."FW_SEQUENCES" ADD CHECK ("SEQ_CYCLE" IS NOT NULL);
ALTER TABLE "GAEA"."FW_SEQUENCES" ADD CHECK ("SEQ_CACHE" IS NOT NULL);
ALTER TABLE "GAEA"."FW_SEQUENCES" ADD CHECK ("SEQ_NAME" IS NOT NULL);
ALTER TABLE "GAEA"."FW_SEQUENCES" ADD CHECK ("SEQ_CURRENT_VALUE" IS NOT NULL);
ALTER TABLE "GAEA"."FW_SEQUENCES" ADD CHECK ("SEQ_MAX_VALUE" IS NOT NULL);
ALTER TABLE "GAEA"."FW_SEQUENCES" ADD CHECK ("SEQ_MIN_VALUE" IS NOT NULL);
ALTER TABLE "GAEA"."FW_SEQUENCES" ADD CHECK ("SEQ_INCREMENT_BY" IS NOT NULL);
ALTER TABLE "GAEA"."FW_SEQUENCES" ADD CHECK ("SEQ_CYCLE" IS NOT NULL);
ALTER TABLE "GAEA"."FW_SEQUENCES" ADD CHECK ("SEQ_CACHE" IS NOT NULL);

-- ----------------------------
-- Primary Key structure for table FW_SEQUENCES
-- ----------------------------
ALTER TABLE "GAEA"."FW_SEQUENCES" ADD PRIMARY KEY ("SEQ_NAME");

-- ----------------------------
-- Indexes structure for table FW_TRAN_INFO
-- ----------------------------
CREATE INDEX "GAEA"."FW_TRAN_INFO_IDX1"
ON "GAEA"."FW_TRAN_INFO" ("TRAN_DATE" ASC)
NOLOGGING
VISIBLE;
CREATE INDEX "GAEA"."FW_TRAN_INFO_IDX2"
ON "GAEA"."FW_TRAN_INFO" ("TRAN_TIME" ASC, "END_TIME" ASC)
NOLOGGING
VISIBLE;
CREATE INDEX "GAEA"."FW_TRAN_INFO_IDX3"
ON "GAEA"."FW_TRAN_INFO" ("USER_ID" ASC)
NOLOGGING
VISIBLE;
CREATE INDEX "GAEA"."FW_TRAN_INFO_IDX4"
ON "GAEA"."FW_TRAN_INFO" ("BRANCH_ID" ASC)
NOLOGGING
VISIBLE;
CREATE INDEX "GAEA"."FW_TRAN_INFO_IDX5"
ON "GAEA"."FW_TRAN_INFO" ("IP_ADDRESS" ASC)
NOLOGGING
VISIBLE;
CREATE UNIQUE INDEX "GAEA"."FW_TRAN_INFO_PK"
ON "GAEA"."FW_TRAN_INFO" ("KEY_VALUE" ASC)
NOLOGGING
VISIBLE;

-- ----------------------------
-- Indexes structure for table STATEINFO
-- ----------------------------

-- ----------------------------
-- Checks structure for table STATEINFO
-- ----------------------------
ALTER TABLE "GAEA"."STATEINFO" ADD CHECK ("ID" IS NOT NULL);

-- ----------------------------
-- Primary Key structure for table STATEINFO
-- ----------------------------
ALTER TABLE "GAEA"."STATEINFO" ADD PRIMARY KEY ("ID");

-- ----------------------------
-- Indexes structure for table STRIA_FLOW
-- ----------------------------
CREATE UNIQUE INDEX "GAEA"."PK_STRIA_FLOW"
ON "GAEA"."STRIA_FLOW" ("FLOWID" ASC)
NOLOGGING
VISIBLE;

-- ----------------------------
-- Indexes structure for table STRIA_FLOW_LINES
-- ----------------------------
CREATE UNIQUE INDEX "GAEA"."PK_STRIA_FLOW_LINES"
ON "GAEA"."STRIA_FLOW_LINES" ("FLOWID" ASC, "ID" ASC)
NOLOGGING
VISIBLE;

-- ----------------------------
-- Indexes structure for table STRIA_FLOW_NODES
-- ----------------------------
CREATE UNIQUE INDEX "GAEA"."PK_STRIA_FLOW_NODES"
ON "GAEA"."STRIA_FLOW_NODES" ("FLOWID" ASC, "ID" ASC)
NOLOGGING
VISIBLE;

-- ----------------------------
-- Checks structure for table STRIA_FLOW_NODES
-- ----------------------------
ALTER TABLE "GAEA"."STRIA_FLOW_NODES" ADD CHECK ("FLOWID" IS NOT NULL);
ALTER TABLE "GAEA"."STRIA_FLOW_NODES" ADD CHECK ("ID" IS NOT NULL);
ALTER TABLE "GAEA"."STRIA_FLOW_NODES" ADD CHECK ("NAME" IS NOT NULL);
ALTER TABLE "GAEA"."STRIA_FLOW_NODES" ADD CHECK ("TYPE" IS NOT NULL);
ALTER TABLE "GAEA"."STRIA_FLOW_NODES" ADD CHECK ("FLOWID" IS NOT NULL);
ALTER TABLE "GAEA"."STRIA_FLOW_NODES" ADD CHECK ("ID" IS NOT NULL);
ALTER TABLE "GAEA"."STRIA_FLOW_NODES" ADD CHECK ("NAME" IS NOT NULL);
ALTER TABLE "GAEA"."STRIA_FLOW_NODES" ADD CHECK ("TYPE" IS NOT NULL);
